"order_id";"date";"late_delivery_risk";"shipping_mode";"customer_id";"department_name";"market";"city";"state";"country";"region";"product_id";"price";"cost";"quantity";"payment_type"
10076;"2024-05-17";1;"Second Class";20755;"Footwear";"Europe";"Dakar";"Dakar";"Angola";"South Africa";957;53.36;85.09;9;"CASH"
10077;"2023-09-10";0;"Same Day";5674;"Footwear";"Australia";"Kuito";"Grand Casablanca";"Angola";"South Africa";823;36.11;11.45;2;"CREDIT"
10141;"2023-07-07";1;"Same Day";2364;"Footwear";"Africa";"Ugep";"Grand Casablanca";"Angola";"Central Africa";44;75.49;86.59;1;"CASH"
10227;"2023-10-31";0;"First Class";19403;"Footwear";"Australia";"Kuito";"Bayelsa";"Angola";"North Africa";567;23.91;57.64;8;"CREDIT"
10282;"2024-01-07";1;"Same Day";2682;"Apparel";"Asia";"Casablanca";"Kinshasa";"Nigeria";"North Africa";825;96.09;58.61;9;"CREDIT"
10337;"2024-01-20";0;"Second Class";14472;"Outdoors";"Europe";"Kinshasa";"Dakar";"Angola";"Central Africa";627;72.47;51.25;9;"DEBIT"
10338;"2023-09-14";0;"First Class";1306;"Footwear";"Europe";"Casablanca";"Dakar";"Angola";"South Africa";823;10.85;9.22;5;"CASH"
10345;"2024-02-06";0;"Second Class";3995;"Footwear";"Australia";"Kuito";"Dakar";"Nigeria";"Central Africa";276;47.69;84.01;5;"CREDIT"
10399;"2022-07-16";1;"First Class";6374;"Technology";"Africa";"Kinshasa";"Grand Casablanca";"Angola";"Central Africa";172;66.35;32.84;5;"CREDIT"
10656;"2023-05-03";0;"Second Class";7697;"Golf";"Europe";"Kuito";"Bayelsa";"Nigeria";"Central Africa";905;39.1;69.77;4;"CREDIT"
10678;"2023-08-07";1;"First Class";4673;"Technology";"Australia";"Casablanca";"Grand Casablanca";"Morocco";"South Africa";828;66.62;75.93;7;"CASH"
10700;"2023-08-19";0;"First Class";11586;"Technology";"Africa";"Ugep";"Grand Casablanca";"Democratic Republic of the Congo";"South Africa";1352;67.21;40.2;3;"CREDIT"
10738;"2025-06-13";0;"Second Class";6374;"Technology";"Europe";"Kinshasa";"Cross River";"Angola";"South Africa";885;28.87;34.31;2;"DEBIT"
10796;"2024-09-28";1;"Second Class";20529;"Golf";"Europe";"Casablanca";"Bayelsa";"Angola";"North Africa";44;88.25;19.84;9;"CASH"
10836;"2023-12-27";1;"First Class";20423;"Outdoors";"Africa";"Casablanca";"Dakar";"Morocco";"Central Africa";957;30.57;84.47;7;"CREDIT"
10873;"2024-10-11";0;"First Class";19393;"Golf";"Europe";"Casablanca";"Dakar";"Angola";"Central Africa";172;59.99;16.13;2;"CASH"
10932;"2023-10-27";1;"First Class";1171;"Footwear";"Asia";"Ugep";"Bayelsa";"Senegal";"North Africa";810;94.66;31.1;2;"CASH"
10942;"2024-07-10";1;"Standard Class";5785;"Outdoors";"Europe";"Kuito";"Kinshasa";"Angola";"South Africa";825;95.13;32.51;4;"CREDIT"
10948;"2023-12-28";0;"Same Day";7783;"Apparel";"Asia";"Kinshasa";"Dakar";"Morocco";"North Africa";273;86.55;36.71;9;"DEBIT"
11013;"2023-06-01";1;"Same Day";138;"Footwear";"Europe";"Kinshasa";"Cross River";"Angola";"Central Africa";821;98.76;54.58;3;"DEBIT"
11020;"2024-04-23";1;"Same Day";19358;"Footwear";"Europe";"Ugep";"Kinshasa";"Angola";"South Africa";885;92.37;63.83;9;"DEBIT"
11022;"2024-06-24";1;"Standard Class";11018;"Outdoors";"Africa";"Dakar";"Kinshasa";"Angola";"West Africa";282;28.57;14.69;5;"CREDIT"
11268;"2022-11-11";0;"Same Day";3249;"Golf";"Europe";"Ugep";"Kinshasa";"Angola";"North Africa";828;54.01;17.79;6;"CREDIT"
11294;"2024-05-20";1;"Second Class";8224;"Golf";"Australia";"Kuito";"Cross River";"Nigeria";"North Africa";235;18.09;58.72;9;"DEBIT"
11396;"2023-03-16";1;"Second Class";5474;"Footwear";"Africa";"Kuito";"Grand Casablanca";"Nigeria";"North Africa";1350;75.34;48.74;8;"CREDIT"
11451;"2024-08-27";0;"Second Class";3570;"Golf";"Africa";"Casablanca";"Bayelsa";"Democratic Republic of the Congo";"West Africa";957;53.82;79.89;6;"CASH"
11585;"2025-04-23";0;"Standard Class";10731;"Technology";"Asia";"Kuito";"Kinshasa";"Democratic Republic of the Congo";"North Africa";93;36.85;45.58;1;"CASH"
11603;"2022-09-11";1;"Standard Class";424;"Golf";"Europe";"Kuito";"Kinshasa";"Angola";"South Africa";823;35.61;7.81;9;"CASH"
11640;"2022-07-19";1;"Second Class";1555;"Outdoors";"Africa";"Casablanca";"Bayelsa";"Democratic Republic of the Congo";"North Africa";567;29.47;85.34;1;"DEBIT"
11793;"2022-12-20";1;"Standard Class";19449;"Footwear";"Africa";"Casablanca";"Dakar";"Democratic Republic of the Congo";"Central Africa";306;69.11;20.46;2;"CASH"
11814;"2023-12-09";0;"First Class";3298;"Outdoors";"Australia";"Ugep";"Bayelsa";"Democratic Republic of the Congo";"West Africa";893;98.91;18.94;5;"DEBIT"
11897;"2023-12-24";0;"Standard Class";10519;"Outdoors";"Asia";"Casablanca";"Kinshasa";"Nigeria";"Central Africa";924;93.22;31.2;3;"CREDIT"
11958;"2024-12-23";0;"Same Day";155;"Apparel";"Africa";"Kinshasa";"Kinshasa";"Morocco";"South Africa";403;48.53;78.64;8;"CASH"
12053;"2024-06-10";1;"Standard Class";12382;"Golf";"Asia";"Kinshasa";"Bayelsa";"Angola";"South Africa";359;92.78;48.34;5;"CREDIT"
12152;"2022-06-23";0;"Same Day";19490;"Apparel";"Australia";"Casablanca";"Bayelsa";"Nigeria";"Central Africa";564;39.9;88.37;7;"DEBIT"
12181;"2023-01-14";1;"Standard Class";587;"Footwear";"Asia";"Kinshasa";"Cross River";"Senegal";"Central Africa";1349;55.93;86.64;8;"CREDIT"
12234;"2022-07-26";0;"First Class";1429;"Footwear";"Europe";"Dakar";"Cross River";"Nigeria";"North Africa";957;46.67;15.25;4;"DEBIT"
12243;"2022-12-08";0;"First Class";5643;"Outdoors";"Asia";"Casablanca";"Grand Casablanca";"Senegal";"North Africa";642;73.34;28.37;4;"DEBIT"
12253;"2024-10-28";0;"Standard Class";2053;"Technology";"Africa";"Dakar";"Bayelsa";"Morocco";"Central Africa";567;32.3;74.87;4;"CREDIT"
12308;"2023-03-09";0;"Standard Class";8841;"Golf";"Europe";"Casablanca";"Bayelsa";"Senegal";"Central Africa";191;12.34;12.43;9;"DEBIT"
12309;"2022-08-10";1;"Second Class";6670;"Outdoors";"Africa";"Kuito";"Dakar";"Angola";"North Africa";977;64.7;10.19;2;"CASH"
12344;"2022-10-04";1;"Same Day";11438;"Technology";"Australia";"Casablanca";"Cross River";"Angola";"South Africa";93;50.78;82.76;4;"DEBIT"
12386;"2024-11-24";1;"Second Class";10577;"Outdoors";"Asia";"Kuito";"Kinshasa";"Democratic Republic of the Congo";"South Africa";116;33.46;33.03;8;"CREDIT"
12420;"2024-09-29";0;"First Class";1944;"Footwear";"Africa";"Dakar";"Kinshasa";"Senegal";"Central Africa";828;97.33;65.04;6;"DEBIT"
12430;"2024-07-20";1;"Standard Class";8746;"Footwear";"Europe";"Casablanca";"Kinshasa";"Senegal";"West Africa";37;57.31;25.62;2;"DEBIT"
12567;"2023-03-28";1;"Second Class";9189;"Apparel";"Europe";"Casablanca";"Dakar";"Senegal";"North Africa";364;13.0;12.05;9;"CASH"
12610;"2024-11-30";0;"First Class";2106;"Outdoors";"Asia";"Casablanca";"Kinshasa";"Nigeria";"North Africa";44;19.83;18.94;1;"CASH"
12663;"2023-12-17";1;"First Class";19368;"Golf";"Australia";"Dakar";"Cross River";"Morocco";"Central Africa";191;80.2;87.03;5;"DEBIT"
12712;"2023-08-29";1;"Second Class";10046;"Outdoors";"Australia";"Dakar";"Grand Casablanca";"Nigeria";"Central Africa";1357;87.3;63.31;7;"CREDIT"
12837;"2023-04-12";0;"Standard Class";1260;"Apparel";"Asia";"Dakar";"Kinshasa";"Democratic Republic of the Congo";"Central Africa";567;14.62;26.11;1;"CREDIT"
12882;"2024-10-23";0;"Standard Class";6416;"Footwear";"Asia";"Casablanca";"Kinshasa";"Angola";"South Africa";572;68.52;25.85;6;"CREDIT"
13259;"2024-05-08";0;"Standard Class";8404;"Footwear";"Africa";"Ugep";"Kinshasa";"Democratic Republic of the Congo";"West Africa";1357;25.0;12.17;5;"DEBIT"
13342;"2024-07-08";1;"Second Class";7347;"Apparel";"Africa";"Ugep";"Kinshasa";"Democratic Republic of the Congo";"West Africa";134;46.28;77.27;5;"DEBIT"
13616;"2023-02-23";0;"Second Class";1325;"Apparel";"Australia";"Kuito";"Dakar";"Senegal";"South Africa";810;78.57;60.49;4;"CASH"
13638;"2024-02-24";0;"First Class";2790;"Apparel";"Asia";"Ugep";"Kinshasa";"Democratic Republic of the Congo";"West Africa";797;65.07;71.97;1;"CASH"
13667;"2022-08-21";0;"First Class";1168;"Apparel";"Asia";"Dakar";"Cross River";"Angola";"South Africa";810;49.38;31.39;9;"CASH"
13707;"2023-06-12";0;"Same Day";10042;"Golf";"Asia";"Kinshasa";"Grand Casablanca";"Nigeria";"South Africa";627;48.95;27.59;3;"CREDIT"
13719;"2022-11-13";0;"Same Day";8274;"Golf";"Australia";"Dakar";"Grand Casablanca";"Morocco";"Central Africa";627;76.1;89.11;6;"CREDIT"
13832;"2022-08-30";0;"First Class";9814;"Golf";"Asia";"Kinshasa";"Cross River";"Democratic Republic of the Congo";"West Africa";565;30.04;31.34;9;"CASH"
14140;"2022-10-04";0;"First Class";6827;"Outdoors";"Asia";"Ugep";"Grand Casablanca";"Democratic Republic of the Congo";"North Africa";567;41.62;58.97;9;"CASH"
14344;"2024-01-12";0;"Second Class";12255;"Apparel";"Asia";"Kinshasa";"Bayelsa";"Morocco";"North Africa";825;25.65;57.22;2;"CREDIT"
14380;"2024-01-11";0;"First Class";12094;"Footwear";"Europe";"Kuito";"Grand Casablanca";"Nigeria";"West Africa";822;77.79;37.89;8;"CASH"
14394;"2023-03-13";1;"First Class";5138;"Apparel";"Africa";"Ugep";"Grand Casablanca";"Morocco";"West Africa";364;42.8;55.1;4;"DEBIT"
14421;"2023-05-19";0;"Second Class";6045;"Apparel";"Australia";"Casablanca";"Cross River";"Morocco";"Central Africa";37;28.73;61.58;2;"CASH"
14579;"2023-01-08";0;"First Class";8899;"Apparel";"Australia";"Dakar";"Bayelsa";"Democratic Republic of the Congo";"West Africa";364;81.82;53.31;1;"CASH"
14617;"2023-06-01";0;"First Class";11531;"Apparel";"Africa";"Ugep";"Kinshasa";"Democratic Republic of the Congo";"South Africa";926;51.44;30.47;6;"DEBIT"
14643;"2022-08-14";0;"Standard Class";14630;"Golf";"Europe";"Ugep";"Bayelsa";"Democratic Republic of the Congo";"West Africa";60;82.69;57.73;6;"DEBIT"
14709;"2024-12-28";1;"First Class";3142;"Technology";"Australia";"Kinshasa";"Bayelsa";"Senegal";"North Africa";1353;82.45;70.32;5;"CASH"
14733;"2023-09-20";0;"Standard Class";6149;"Apparel";"Africa";"Kinshasa";"Grand Casablanca";"Democratic Republic of the Congo";"North Africa";572;41.87;35.08;2;"CREDIT"
14798;"2024-04-16";0;"Standard Class";3222;"Outdoors";"Europe";"Kinshasa";"Grand Casablanca";"Angola";"South Africa";249;71.81;45.67;2;"CREDIT"
14848;"2023-10-07";0;"Same Day";8078;"Technology";"Asia";"Kuito";"Cross River";"Nigeria";"West Africa";565;57.38;11.7;7;"CASH"
14917;"2023-04-21";1;"Same Day";9047;"Technology";"Australia";"Kuito";"Bayelsa";"Morocco";"North Africa";306;43.47;57.68;2;"CREDIT"
14934;"2023-07-03";0;"Second Class";19465;"Golf";"Australia";"Kuito";"Grand Casablanca";"Angola";"West Africa";172;34.5;20.16;3;"CREDIT"
14976;"2024-04-22";0;"First Class";6492;"Technology";"Asia";"Kinshasa";"Grand Casablanca";"Nigeria";"North Africa";957;48.86;5.91;7;"DEBIT"
15029;"2022-09-20";0;"Standard Class";11667;"Apparel";"Africa";"Kinshasa";"Bayelsa";"Morocco";"Central Africa";804;68.61;28.74;4;"CASH"
15056;"2023-02-08";1;"Second Class";12160;"Golf";"Australia";"Kinshasa";"Cross River";"Morocco";"North Africa";172;89.16;71.21;3;"CREDIT"
15063;"2023-02-03";0;"First Class";9163;"Footwear";"Africa";"Kinshasa";"Bayelsa";"Democratic Republic of the Congo";"North Africa";403;10.77;62.4;3;"DEBIT"
15387;"2024-02-23";1;"Second Class";3424;"Outdoors";"Asia";"Casablanca";"Cross River";"Nigeria";"South Africa";203;31.31;14.9;5;"CREDIT"
15730;"2024-07-27";1;"First Class";4936;"Outdoors";"Australia";"Ugep";"Kinshasa";"Angola";"North Africa";1351;26.22;58.31;3;"DEBIT"
15824;"2022-08-31";1;"First Class";9316;"Technology";"Asia";"Casablanca";"Kinshasa";"Nigeria";"Central Africa";359;70.64;48.98;1;"DEBIT"
15869;"2024-06-30";0;"Standard Class";288;"Footwear";"Africa";"Kuito";"Grand Casablanca";"Morocco";"South Africa";116;79.27;8.53;1;"DEBIT"
15961;"2025-06-05";0;"Second Class";3784;"Footwear";"Asia";"Kinshasa";"Kinshasa";"Democratic Republic of the Congo";"South Africa";926;50.96;67.81;6;"CASH"
15974;"2025-03-04";1;"Standard Class";3990;"Apparel";"Asia";"Dakar";"Cross River";"Democratic Republic of the Congo";"West Africa";825;43.03;49.75;1;"DEBIT"
16271;"2022-08-01";1;"Same Day";19379;"Apparel";"Africa";"Dakar";"Cross River";"Morocco";"South Africa";1350;89.21;15.0;3;"DEBIT"
16291;"2025-04-13";0;"Same Day";4998;"Apparel";"Australia";"Casablanca";"Grand Casablanca";"Senegal";"Central Africa";365;57.5;34.97;7;"CASH"
16335;"2024-12-28";0;"Second Class";12383;"Apparel";"Australia";"Kinshasa";"Cross River";"Democratic Republic of the Congo";"Central Africa";810;29.19;39.61;2;"CREDIT"
16367;"2025-04-04";0;"Standard Class";7200;"Technology";"Europe";"Kuito";"Kinshasa";"Morocco";"South Africa";203;13.05;7.66;3;"CASH"
16538;"2025-02-02";1;"First Class";6742;"Golf";"Australia";"Dakar";"Bayelsa";"Democratic Republic of the Congo";"South Africa";797;22.14;11.55;6;"DEBIT"
16646;"2023-12-15";0;"Same Day";8100;"Golf";"Africa";"Casablanca";"Cross River";"Angola";"West Africa";1353;17.4;83.12;2;"CASH"
16754;"2023-10-16";1;"Same Day";1425;"Outdoors";"Australia";"Ugep";"Kinshasa";"Morocco";"North Africa";886;96.0;24.25;6;"CASH"
16946;"2024-04-05";1;"First Class";4594;"Apparel";"Europe";"Kuito";"Bayelsa";"Democratic Republic of the Congo";"West Africa";276;21.67;45.42;9;"CREDIT"
16998;"2023-02-02";1;"First Class";10288;"Technology";"Asia";"Dakar";"Bayelsa";"Democratic Republic of the Congo";"South Africa";251;90.15;55.52;4;"DEBIT"
17020;"2022-08-25";0;"Same Day";11044;"Outdoors";"Africa";"Kinshasa";"Dakar";"Nigeria";"North Africa";567;47.08;75.95;3;"CREDIT"
17121;"2022-08-16";0;"Same Day";11924;"Apparel";"Africa";"Casablanca";"Bayelsa";"Angola";"South Africa";24;69.83;31.25;6;"DEBIT"
17154;"2024-04-11";0;"First Class";12214;"Footwear";"Europe";"Kinshasa";"Kinshasa";"Morocco";"North Africa";1352;20.68;20.14;9;"CASH"
17262;"2024-09-25";0;"Second Class";5917;"Technology";"Europe";"Kuito";"Bayelsa";"Democratic Republic of the Congo";"South Africa";917;93.54;26.53;1;"CASH"
17299;"2025-06-11";1;"First Class";19390;"Technology";"Africa";"Casablanca";"Dakar";"Senegal";"South Africa";1351;18.71;44.5;1;"CREDIT"
17354;"2023-09-11";1;"Standard Class";3372;"Technology";"Africa";"Casablanca";"Grand Casablanca";"Senegal";"North Africa";278;76.67;83.73;6;"CASH"
17492;"2024-08-11";1;"First Class";1758;"Footwear";"Europe";"Dakar";"Grand Casablanca";"Morocco";"North Africa";1349;86.39;79.41;6;"DEBIT"
17580;"2023-06-11";1;"First Class";7720;"Technology";"Australia";"Casablanca";"Kinshasa";"Angola";"Central Africa";957;24.21;47.89;9;"CREDIT"
17724;"2022-09-02";1;"Standard Class";1443;"Golf";"Asia";"Kuito";"Kinshasa";"Nigeria";"South Africa";306;84.27;59.22;1;"CASH"
17781;"2024-05-26";0;"First Class";146;"Apparel";"Australia";"Ugep";"Bayelsa";"Morocco";"Central Africa";203;74.15;75.28;9;"CASH"
17793;"2024-05-26";0;"Second Class";5054;"Footwear";"Africa";"Kinshasa";"Cross River";"Angola";"West Africa";564;59.73;73.86;2;"CASH"
17897;"2025-01-01";0;"Standard Class";5243;"Golf";"Australia";"Dakar";"Grand Casablanca";"Democratic Republic of the Congo";"Central Africa";572;79.14;30.09;3;"CASH"
17956;"2022-12-22";0;"Standard Class";6950;"Golf";"Asia";"Ugep";"Grand Casablanca";"Democratic Republic of the Congo";"West Africa";564;21.92;76.29;2;"CREDIT"
18067;"2024-02-10";0;"Standard Class";11664;"Golf";"Australia";"Casablanca";"Bayelsa";"Morocco";"South Africa";278;76.76;85.66;9;"CASH"
18120;"2024-07-24";1;"Same Day";7175;"Outdoors";"Europe";"Dakar";"Bayelsa";"Morocco";"South Africa";403;71.98;21.59;2;"CREDIT"
18169;"2023-11-12";1;"Same Day";4867;"Technology";"Australia";"Kinshasa";"Bayelsa";"Nigeria";"South Africa";1353;57.83;49.34;7;"DEBIT"
18234;"2023-12-10";1;"Standard Class";542;"Apparel";"Australia";"Casablanca";"Kinshasa";"Nigeria";"North Africa";249;11.55;16.72;7;"CASH"
18324;"2025-01-14";0;"First Class";7146;"Technology";"Asia";"Dakar";"Grand Casablanca";"Morocco";"Central Africa";564;97.3;59.72;4;"DEBIT"
18462;"2025-04-07";1;"First Class";1303;"Outdoors";"Australia";"Dakar";"Grand Casablanca";"Morocco";"West Africa";885;39.52;88.3;9;"CREDIT"
18481;"2023-12-15";0;"Standard Class";6123;"Outdoors";"Australia";"Kuito";"Grand Casablanca";"Nigeria";"West Africa";1352;29.47;9.24;4;"CASH"
18549;"2023-05-28";0;"Same Day";11011;"Outdoors";"Europe";"Kinshasa";"Cross River";"Morocco";"West Africa";893;76.23;70.32;2;"DEBIT"
18583;"2024-08-12";1;"First Class";19361;"Golf";"Africa";"Kinshasa";"Dakar";"Nigeria";"North Africa";502;58.41;61.6;2;"CREDIT"
18590;"2022-08-04";0;"Second Class";4539;"Footwear";"Australia";"Dakar";"Cross River";"Senegal";"West Africa";905;82.34;38.59;3;"CASH"
18622;"2022-10-22";0;"Standard Class";123;"Outdoors";"Asia";"Ugep";"Grand Casablanca";"Nigeria";"Central Africa";897;53.81;80.66;4;"DEBIT"
18624;"2024-10-27";0;"Same Day";7272;"Outdoors";"Australia";"Kinshasa";"Bayelsa";"Democratic Republic of the Congo";"South Africa";37;83.97;78.08;3;"CREDIT"
18647;"2024-02-29";1;"Standard Class";1491;"Technology";"Australia";"Ugep";"Cross River";"Angola";"West Africa";1360;18.0;23.07;9;"DEBIT"
18665;"2024-02-02";1;"Second Class";19391;"Footwear";"Europe";"Ugep";"Grand Casablanca";"Senegal";"South Africa";1349;59.16;87.89;5;"CREDIT"
18889;"2023-01-26";1;"First Class";3131;"Golf";"Asia";"Ugep";"Kinshasa";"Nigeria";"West Africa";957;90.18;78.55;6;"DEBIT"
18893;"2025-02-23";0;"First Class";2882;"Footwear";"Europe";"Kinshasa";"Grand Casablanca";"Morocco";"Central Africa";1363;39.7;61.33;2;"CASH"
18974;"2023-04-03";1;"Same Day";8925;"Footwear";"Asia";"Casablanca";"Kinshasa";"Morocco";"South Africa";567;70.82;25.92;3;"CREDIT"
19059;"2022-08-31";0;"First Class";19467;"Technology";"Europe";"Casablanca";"Cross River";"Senegal";"North Africa";893;51.75;11.92;8;"CREDIT"
19107;"2024-03-03";0;"First Class";1429;"Footwear";"Asia";"Ugep";"Grand Casablanca";"Democratic Republic of the Congo";"Central Africa";273;55.02;19.67;7;"CREDIT"
19138;"2022-10-25";0;"Same Day";4707;"Golf";"Europe";"Dakar";"Kinshasa";"Senegal";"West Africa";825;72.19;15.33;8;"DEBIT"
19183;"2024-12-13";1;"Same Day";10819;"Apparel";"Australia";"Kuito";"Cross River";"Morocco";"North Africa";810;28.94;33.97;9;"CASH"
19306;"2024-11-21";1;"Standard Class";11743;"Footwear";"Asia";"Kinshasa";"Grand Casablanca";"Nigeria";"West Africa";1351;39.89;83.06;2;"CREDIT"
19386;"2025-03-13";0;"First Class";14848;"Outdoors";"Asia";"Kinshasa";"Dakar";"Nigeria";"North Africa";191;27.52;87.05;6;"DEBIT"
19463;"2024-07-12";1;"Second Class";7465;"Outdoors";"Africa";"Kuito";"Bayelsa";"Angola";"Central Africa";957;40.26;39.86;7;"DEBIT"
19583;"2022-12-04";0;"Standard Class";14097;"Outdoors";"Asia";"Kuito";"Grand Casablanca";"Angola";"West Africa";957;13.83;30.5;4;"CASH"
19613;"2024-01-20";0;"Second Class";4209;"Technology";"Europe";"Dakar";"Kinshasa";"Democratic Republic of the Congo";"Central Africa";564;78.89;47.61;2;"DEBIT"
19663;"2023-04-22";0;"First Class";1275;"Outdoors";"Europe";"Casablanca";"Bayelsa";"Morocco";"North Africa";1353;63.49;25.27;8;"DEBIT"
19704;"2024-04-28";0;"First Class";11216;"Outdoors";"Africa";"Ugep";"Bayelsa";"Angola";"North Africa";235;20.79;69.01;7;"DEBIT"
19737;"2024-09-11";0;"Same Day";11189;"Outdoors";"Australia";"Kinshasa";"Bayelsa";"Morocco";"Central Africa";364;57.34;54.2;6;"DEBIT"
19744;"2022-11-28";1;"Second Class";6217;"Outdoors";"Europe";"Ugep";"Kinshasa";"Senegal";"West Africa";134;66.12;29.25;9;"CREDIT"
19839;"2023-12-21";1;"Same Day";19377;"Apparel";"Asia";"Ugep";"Dakar";"Nigeria";"Central Africa";306;96.51;43.78;4;"DEBIT"
19900;"2025-01-13";0;"Second Class";8011;"Technology";"Europe";"Ugep";"Dakar";"Democratic Republic of the Congo";"North Africa";627;51.79;15.36;4;"DEBIT"
20048;"2022-11-14";1;"Standard Class";12101;"Footwear";"Asia";"Ugep";"Kinshasa";"Morocco";"West Africa";1363;76.77;86.39;5;"DEBIT"
20093;"2024-03-12";1;"Second Class";13163;"Apparel";"Asia";"Ugep";"Kinshasa";"Democratic Republic of the Congo";"West Africa";276;72.13;54.01;3;"CREDIT"
20183;"2022-10-13";1;"First Class";3528;"Technology";"Australia";"Dakar";"Bayelsa";"Morocco";"North Africa";134;53.8;40.5;8;"CREDIT"
20199;"2023-02-17";0;"Same Day";12101;"Footwear";"Africa";"Casablanca";"Cross River";"Morocco";"North Africa";810;13.81;61.39;7;"CREDIT"
20212;"2025-02-04";0;"First Class";397;"Apparel";"Australia";"Dakar";"Bayelsa";"Nigeria";"West Africa";37;66.91;5.1;8;"DEBIT"
20215;"2025-04-06";1;"Standard Class";9494;"Golf";"Australia";"Kuito";"Dakar";"Angola";"West Africa";835;61.99;67.79;1;"CASH"
20238;"2024-10-26";1;"First Class";19462;"Outdoors";"Asia";"Ugep";"Cross River";"Senegal";"Central Africa";1351;49.71;83.44;7;"DEBIT"
20309;"2023-06-08";0;"Second Class";10046;"Golf";"Africa";"Ugep";"Dakar";"Nigeria";"North Africa";893;80.83;54.09;4;"DEBIT"
20384;"2023-12-09";1;"Second Class";4399;"Technology";"Asia";"Casablanca";"Kinshasa";"Democratic Republic of the Congo";"West Africa";572;82.02;25.86;3;"DEBIT"
20391;"2022-11-29";0;"Same Day";9129;"Footwear";"Africa";"Ugep";"Kinshasa";"Senegal";"Central Africa";977;46.95;67.53;1;"DEBIT"
20485;"2024-02-29";1;"First Class";2709;"Outdoors";"Asia";"Kuito";"Kinshasa";"Angola";"West Africa";835;58.25;42.64;6;"CREDIT"
20558;"2025-01-28";1;"Same Day";8707;"Apparel";"Europe";"Dakar";"Bayelsa";"Angola";"Central Africa";251;29.76;86.07;3;"DEBIT"
20593;"2023-01-10";0;"Same Day";14287;"Golf";"Europe";"Kuito";"Dakar";"Senegal";"South Africa";203;36.29;56.71;2;"CASH"
20849;"2023-05-31";1;"Same Day";6448;"Outdoors";"Asia";"Ugep";"Dakar";"Angola";"West Africa";642;62.12;5.64;2;"CREDIT"
20880;"2022-10-15";1;"First Class";5845;"Apparel";"Europe";"Ugep";"Kinshasa";"Angola";"Central Africa";886;32.07;8.1;8;"DEBIT"
20956;"2023-02-13";0;"Standard Class";19476;"Apparel";"Europe";"Kuito";"Cross River";"Morocco";"Central Africa";897;96.93;21.83;6;"CREDIT"
20995;"2023-04-08";0;"First Class";6071;"Golf";"Asia";"Dakar";"Grand Casablanca";"Nigeria";"North Africa";564;87.39;52.68;7;"CREDIT"
21084;"2024-06-07";1;"Second Class";8645;"Footwear";"Australia";"Dakar";"Bayelsa";"Morocco";"South Africa";203;80.26;50.11;3;"CASH"
21175;"2024-10-29";1;"First Class";10051;"Footwear";"Asia";"Ugep";"Kinshasa";"Nigeria";"West Africa";93;13.48;38.35;4;"DEBIT"
21293;"2024-03-14";1;"Same Day";6408;"Technology";"Australia";"Dakar";"Cross River";"Angola";"South Africa";564;29.46;20.73;7;"DEBIT"
21297;"2024-09-21";1;"Second Class";19367;"Footwear";"Europe";"Casablanca";"Bayelsa";"Senegal";"West Africa";627;60.36;28.18;3;"CREDIT"
21302;"2022-07-28";1;"Same Day";3246;"Footwear";"Europe";"Kuito";"Dakar";"Angola";"West Africa";249;65.94;7.61;1;"DEBIT"
21368;"2023-08-25";0;"Same Day";6122;"Golf";"Africa";"Dakar";"Dakar";"Angola";"Central Africa";917;63.95;73.4;5;"CASH"
21490;"2024-04-11";0;"Same Day";9414;"Outdoors";"Australia";"Ugep";"Grand Casablanca";"Morocco";"Central Africa";116;43.27;37.8;7;"CASH"
21719;"2023-08-13";0;"Same Day";14645;"Technology";"Africa";"Kinshasa";"Dakar";"Nigeria";"North Africa";359;82.54;37.55;9;"CASH"
21734;"2022-08-13";0;"Second Class";19477;"Apparel";"Europe";"Ugep";"Grand Casablanca";"Democratic Republic of the Congo";"South Africa";821;11.01;56.94;4;"DEBIT"
21772;"2023-01-31";1;"Standard Class";7005;"Outdoors";"Africa";"Kuito";"Dakar";"Nigeria";"South Africa";567;51.15;6.8;3;"DEBIT"
22008;"2025-03-20";1;"Same Day";19481;"Footwear";"Africa";"Dakar";"Cross River";"Angola";"South Africa";818;18.22;67.04;9;"DEBIT"
22010;"2022-10-17";0;"Second Class";3969;"Footwear";"Europe";"Dakar";"Dakar";"Democratic Republic of the Congo";"North Africa";1349;39.55;28.92;8;"CREDIT"
22016;"2023-01-13";0;"First Class";2078;"Golf";"Europe";"Ugep";"Kinshasa";"Senegal";"Central Africa";564;43.85;11.37;8;"CASH"
22167;"2024-03-05";1;"Standard Class";19376;"Technology";"Asia";"Casablanca";"Grand Casablanca";"Senegal";"North Africa";251;92.12;18.08;2;"CREDIT"
22335;"2022-10-28";1;"First Class";9204;"Outdoors";"Africa";"Kinshasa";"Grand Casablanca";"Angola";"Central Africa";977;86.95;50.78;2;"CREDIT"
22383;"2024-01-01";1;"First Class";6448;"Golf";"Europe";"Kuito";"Dakar";"Morocco";"West Africa";1363;80.25;11.2;1;"DEBIT"
22432;"2023-10-10";1;"Same Day";3372;"Outdoors";"Africa";"Casablanca";"Dakar";"Morocco";"South Africa";977;65.68;26.73;5;"CREDIT"
22438;"2025-03-23";0;"Second Class";3471;"Outdoors";"Australia";"Ugep";"Dakar";"Democratic Republic of the Congo";"South Africa";818;73.68;22.16;2;"CASH"
22519;"2025-04-07";0;"Standard Class";2540;"Outdoors";"Australia";"Casablanca";"Cross River";"Democratic Republic of the Congo";"West Africa";821;80.92;62.21;6;"DEBIT"
22662;"2025-01-02";0;"Second Class";6506;"Technology";"Asia";"Kinshasa";"Grand Casablanca";"Democratic Republic of the Congo";"South Africa";134;10.57;49.09;2;"DEBIT"
22755;"2023-10-04";1;"Same Day";7114;"Golf";"Asia";"Kinshasa";"Kinshasa";"Nigeria";"Central Africa";276;25.68;50.26;2;"CASH"
22842;"2023-09-07";1;"First Class";2168;"Technology";"Australia";"Ugep";"Grand Casablanca";"Angola";"Central Africa";926;60.34;6.99;4;"DEBIT"
22941;"2022-07-05";1;"Second Class";9399;"Footwear";"Africa";"Dakar";"Cross River";"Nigeria";"North Africa";135;42.85;87.55;8;"CASH"
23027;"2024-10-17";1;"Standard Class";10485;"Footwear";"Asia";"Ugep";"Bayelsa";"Democratic Republic of the Congo";"North Africa";365;21.13;45.56;5;"DEBIT"
23036;"2025-02-12";0;"Standard Class";5001;"Apparel";"Australia";"Dakar";"Cross River";"Senegal";"North Africa";60;36.15;74.34;4;"CASH"
23076;"2024-08-20";0;"First Class";8254;"Footwear";"Africa";"Ugep";"Bayelsa";"Nigeria";"West Africa";364;26.86;27.61;4;"CREDIT"
23112;"2024-09-13";0;"Second Class";6887;"Apparel";"Asia";"Kuito";"Grand Casablanca";"Morocco";"South Africa";1351;89.78;53.72;6;"CREDIT"
23124;"2022-10-05";0;"Second Class";9011;"Technology";"Europe";"Dakar";"Kinshasa";"Morocco";"South Africa";886;62.8;45.04;9;"DEBIT"
23137;"2022-10-08";1;"Second Class";6246;"Golf";"Australia";"Dakar";"Bayelsa";"Senegal";"West Africa";885;37.64;12.37;7;"DEBIT"
23288;"2024-07-06";1;"Second Class";2817;"Golf";"Asia";"Kinshasa";"Dakar";"Angola";"West Africa";1352;98.38;82.07;1;"CASH"
23302;"2024-07-24";1;"Second Class";3466;"Technology";"Asia";"Kuito";"Dakar";"Nigeria";"South Africa";1351;36.02;87.18;5;"CREDIT"
23322;"2022-08-20";0;"Same Day";3441;"Technology";"Asia";"Kinshasa";"Dakar";"Nigeria";"West Africa";1353;54.44;89.49;4;"CREDIT"
23380;"2025-05-07";1;"First Class";10671;"Footwear";"Africa";"Ugep";"Bayelsa";"Senegal";"North Africa";60;16.58;70.25;2;"DEBIT"
23705;"2023-06-01";0;"Standard Class";14676;"Footwear";"Europe";"Dakar";"Grand Casablanca";"Nigeria";"Central Africa";822;93.79;48.57;9;"DEBIT"
23717;"2025-03-26";1;"Second Class";569;"Footwear";"Australia";"Ugep";"Grand Casablanca";"Morocco";"North Africa";897;41.21;23.69;2;"DEBIT"
23756;"2024-10-18";0;"Same Day";10018;"Outdoors";"Europe";"Kinshasa";"Cross River";"Nigeria";"West Africa";906;80.63;86.0;3;"CASH"
23872;"2025-05-11";0;"First Class";19408;"Apparel";"Europe";"Dakar";"Grand Casablanca";"Democratic Republic of the Congo";"Central Africa";835;28.63;17.46;6;"CASH"
23893;"2025-05-11";1;"Same Day";11486;"Apparel";"Africa";"Dakar";"Grand Casablanca";"Morocco";"South Africa";572;88.32;68.34;7;"CREDIT"
23927;"2025-04-03";0;"Same Day";7045;"Outdoors";"Europe";"Ugep";"Cross River";"Nigeria";"North Africa";804;56.45;69.73;7;"CREDIT"
23945;"2024-07-07";1;"First Class";10500;"Apparel";"Africa";"Kinshasa";"Grand Casablanca";"Nigeria";"West Africa";134;80.6;19.88;6;"CASH"
24146;"2023-11-26";1;"Standard Class";8993;"Technology";"Australia";"Casablanca";"Grand Casablanca";"Nigeria";"South Africa";627;64.92;65.11;7;"CASH"
24194;"2023-09-04";1;"Standard Class";1958;"Golf";"Australia";"Dakar";"Dakar";"Nigeria";"Central Africa";273;17.89;65.1;8;"DEBIT"
24230;"2023-05-20";1;"Second Class";9467;"Golf";"Asia";"Ugep";"Dakar";"Morocco";"Central Africa";810;80.3;76.08;3;"DEBIT"
24560;"2024-04-23";1;"Same Day";3490;"Footwear";"Asia";"Ugep";"Grand Casablanca";"Angola";"South Africa";172;93.4;51.09;1;"CREDIT"
24580;"2022-06-25";0;"First Class";4580;"Apparel";"Asia";"Kuito";"Dakar";"Nigeria";"South Africa";203;14.06;60.99;5;"DEBIT"
24587;"2024-02-01";1;"First Class";1423;"Technology";"Europe";"Casablanca";"Kinshasa";"Democratic Republic of the Congo";"South Africa";565;22.61;89.09;7;"CASH"
24653;"2023-01-27";0;"Second Class";9402;"Technology";"Europe";"Kuito";"Dakar";"Senegal";"West Africa";1350;90.75;19.63;6;"DEBIT"
24658;"2023-06-02";0;"Same Day";2918;"Apparel";"Australia";"Ugep";"Grand Casablanca";"Nigeria";"South Africa";823;45.81;11.82;3;"DEBIT"
24694;"2024-08-05";1;"Same Day";12019;"Outdoors";"Australia";"Casablanca";"Cross River";"Morocco";"Central Africa";828;14.35;79.08;6;"DEBIT"
24702;"2022-07-09";0;"Standard Class";6736;"Apparel";"Africa";"Casablanca";"Grand Casablanca";"Democratic Republic of the Congo";"South Africa";359;85.15;22.79;2;"DEBIT"
24708;"2023-07-08";1;"Same Day";1989;"Apparel";"Africa";"Kinshasa";"Kinshasa";"Senegal";"West Africa";276;18.63;27.07;1;"CASH"
24717;"2024-06-07";1;"Standard Class";3497;"Technology";"Africa";"Kinshasa";"Dakar";"Democratic Republic of the Congo";"North Africa";905;79.66;23.28;9;"CREDIT"
24773;"2022-09-05";0;"Same Day";10699;"Technology";"Africa";"Casablanca";"Grand Casablanca";"Angola";"North Africa";627;38.3;23.65;8;"DEBIT"
24777;"2025-05-23";1;"Second Class";12100;"Apparel";"Asia";"Kinshasa";"Bayelsa";"Nigeria";"Central Africa";906;58.25;70.61;5;"CASH"
24903;"2022-06-26";0;"Same Day";7202;"Footwear";"Asia";"Kuito";"Bayelsa";"Morocco";"South Africa";251;93.57;22.14;7;"CREDIT"
24918;"2023-09-10";0;"Second Class";1153;"Outdoors";"Africa";"Kuito";"Kinshasa";"Angola";"Central Africa";1363;29.18;20.68;8;"CREDIT"
25005;"2024-07-13";0;"Same Day";2339;"Apparel";"Africa";"Kinshasa";"Cross River";"Democratic Republic of the Congo";"West Africa";235;49.1;32.89;4;"CREDIT"
25172;"2023-09-16";1;"Same Day";4147;"Golf";"Africa";"Casablanca";"Kinshasa";"Senegal";"Central Africa";897;52.53;63.58;5;"CREDIT"
25287;"2023-03-02";0;"First Class";7269;"Technology";"Africa";"Casablanca";"Kinshasa";"Morocco";"South Africa";60;10.26;27.77;8;"CREDIT"
25318;"2023-08-27";0;"First Class";11431;"Apparel";"Africa";"Ugep";"Dakar";"Democratic Republic of the Congo";"South Africa";905;37.45;57.17;6;"DEBIT"
25443;"2022-11-06";1;"Second Class";19474;"Technology";"Africa";"Kinshasa";"Kinshasa";"Democratic Republic of the Congo";"North Africa";135;54.97;47.97;3;"DEBIT"
25495;"2023-08-10";1;"Same Day";17392;"Golf";"Australia";"Kinshasa";"Kinshasa";"Democratic Republic of the Congo";"West Africa";893;70.14;44.79;7;"CASH"
25610;"2023-09-12";1;"Standard Class";10093;"Footwear";"Australia";"Kuito";"Grand Casablanca";"Senegal";"Central Africa";797;58.22;27.67;6;"CREDIT"
25711;"2022-09-28";1;"Standard Class";4799;"Technology";"Europe";"Dakar";"Cross River";"Nigeria";"West Africa";818;56.71;80.77;1;"CASH"
25821;"2022-12-26";0;"First Class";12288;"Technology";"Australia";"Casablanca";"Cross River";"Senegal";"Central Africa";364;43.92;43.63;8;"CASH"
25873;"2023-04-09";0;"Same Day";5367;"Footwear";"Asia";"Kinshasa";"Dakar";"Angola";"North Africa";403;43.07;28.89;4;"CASH"
25939;"2023-04-08";1;"First Class";7114;"Technology";"Africa";"Kinshasa";"Kinshasa";"Nigeria";"Central Africa";835;91.8;41.22;7;"DEBIT"
25956;"2022-11-20";0;"First Class";19410;"Golf";"Europe";"Kuito";"Cross River";"Morocco";"West Africa";116;48.79;61.98;9;"DEBIT"
26057;"2025-02-20";1;"First Class";9563;"Apparel";"Australia";"Casablanca";"Bayelsa";"Morocco";"West Africa";403;92.27;45.08;5;"DEBIT"
26189;"2023-09-13";1;"Standard Class";11114;"Footwear";"Asia";"Kinshasa";"Dakar";"Nigeria";"Central Africa";403;91.6;79.15;9;"DEBIT"
26218;"2025-01-01";0;"Second Class";1362;"Footwear";"Africa";"Ugep";"Dakar";"Nigeria";"Central Africa";191;90.5;69.87;7;"DEBIT"
26306;"2025-01-22";0;"Same Day";1575;"Technology";"Australia";"Dakar";"Kinshasa";"Senegal";"South Africa";60;68.77;6.48;9;"CASH"
26321;"2025-04-09";0;"Second Class";19351;"Footwear";"Asia";"Kinshasa";"Kinshasa";"Nigeria";"North Africa";116;68.85;74.22;5;"DEBIT"
26407;"2023-08-07";0;"Second Class";11380;"Footwear";"Africa";"Kuito";"Grand Casablanca";"Democratic Republic of the Congo";"South Africa";797;91.31;82.61;5;"CASH"
26418;"2023-12-03";1;"Second Class";9294;"Outdoors";"Africa";"Kinshasa";"Dakar";"Morocco";"South Africa";306;10.59;19.81;4;"CREDIT"
26607;"2023-12-27";0;"Standard Class";6670;"Apparel";"Asia";"Kuito";"Dakar";"Senegal";"South Africa";251;27.21;61.06;7;"CREDIT"
26656;"2022-07-20";0;"First Class";4078;"Outdoors";"Africa";"Ugep";"Kinshasa";"Angola";"North Africa";924;48.62;75.19;7;"DEBIT"
26712;"2024-06-26";0;"Second Class";19392;"Footwear";"Asia";"Ugep";"Kinshasa";"Morocco";"Central Africa";1352;93.23;89.05;7;"DEBIT"
26714;"2024-01-05";1;"First Class";275;"Apparel";"Europe";"Casablanca";"Bayelsa";"Senegal";"North Africa";886;89.41;13.59;6;"CREDIT"
26797;"2024-02-10";1;"Same Day";9918;"Footwear";"Europe";"Casablanca";"Grand Casablanca";"Nigeria";"West Africa";1353;92.27;72.37;6;"DEBIT"
26845;"2025-02-15";0;"Same Day";6499;"Golf";"Asia";"Dakar";"Bayelsa";"Angola";"North Africa";905;34.46;84.78;5;"DEBIT"
26898;"2025-04-29";1;"Second Class";468;"Technology";"Australia";"Dakar";"Grand Casablanca";"Angola";"South Africa";821;48.64;16.17;9;"CREDIT"
26924;"2024-06-06";0;"Standard Class";2588;"Golf";"Europe";"Kinshasa";"Grand Casablanca";"Nigeria";"Central Africa";24;58.47;28.67;6;"CREDIT"
26968;"2024-03-27";0;"First Class";3628;"Footwear";"Asia";"Kinshasa";"Kinshasa";"Democratic Republic of the Congo";"Central Africa";567;97.98;25.9;8;"DEBIT"
27074;"2023-02-14";1;"First Class";7534;"Technology";"Australia";"Dakar";"Grand Casablanca";"Senegal";"West Africa";821;24.71;9.76;4;"CREDIT"
27107;"2024-03-31";0;"Same Day";2891;"Golf";"Australia";"Dakar";"Kinshasa";"Democratic Republic of the Congo";"West Africa";926;43.24;17.48;6;"CASH"
27184;"2023-10-05";0;"Second Class";3519;"Outdoors";"Africa";"Kuito";"Cross River";"Senegal";"Central Africa";977;41.46;21.09;9;"DEBIT"
27425;"2024-02-19";1;"Second Class";2136;"Footwear";"Australia";"Kuito";"Grand Casablanca";"Nigeria";"West Africa";893;33.17;86.31;4;"CASH"
27471;"2024-01-15";1;"First Class";4296;"Footwear";"Asia";"Dakar";"Grand Casablanca";"Senegal";"West Africa";44;89.08;41.88;7;"CREDIT"
27502;"2025-03-28";0;"First Class";8348;"Technology";"Asia";"Ugep";"Grand Casablanca";"Morocco";"North Africa";276;23.57;88.84;5;"CREDIT"
27536;"2023-06-22";0;"First Class";7784;"Apparel";"Asia";"Dakar";"Grand Casablanca";"Angola";"Central Africa";906;88.96;57.21;8;"CREDIT"
27602;"2023-01-16";1;"Standard Class";7576;"Outdoors";"Australia";"Ugep";"Cross River";"Senegal";"North Africa";37;38.49;67.79;6;"DEBIT"
27641;"2023-08-26";1;"First Class";3597;"Outdoors";"Australia";"Kuito";"Bayelsa";"Angola";"North Africa";818;47.57;81.57;1;"CASH"
27694;"2024-02-19";0;"Standard Class";19354;"Technology";"Australia";"Casablanca";"Dakar";"Morocco";"North Africa";924;65.91;67.09;2;"DEBIT"
27696;"2024-11-03";0;"Same Day";7302;"Apparel";"Africa";"Casablanca";"Dakar";"Democratic Republic of the Congo";"West Africa";251;50.93;20.94;6;"CASH"
27766;"2023-11-20";1;"Standard Class";11797;"Apparel";"Asia";"Dakar";"Kinshasa";"Democratic Republic of the Congo";"North Africa";1353;35.78;51.47;1;"DEBIT"
27888;"2025-05-15";0;"First Class";2641;"Footwear";"Australia";"Kinshasa";"Bayelsa";"Angola";"West Africa";818;16.65;55.78;3;"CASH"
27902;"2025-05-28";0;"Second Class";1899;"Footwear";"Africa";"Casablanca";"Cross River";"Morocco";"Central Africa";804;80.3;18.95;2;"DEBIT"
28007;"2024-07-20";0;"First Class";1342;"Footwear";"Australia";"Kinshasa";"Grand Casablanca";"Democratic Republic of the Congo";"South Africa";797;50.61;45.47;6;"CASH"
28067;"2025-04-26";0;"Second Class";19373;"Apparel";"Australia";"Dakar";"Cross River";"Nigeria";"South Africa";1360;41.58;71.99;7;"DEBIT"
28137;"2023-03-05";0;"Second Class";1820;"Outdoors";"Australia";"Ugep";"Dakar";"Morocco";"West Africa";627;34.87;63.48;9;"DEBIT"
28148;"2022-09-06";1;"First Class";12355;"Golf";"Africa";"Casablanca";"Dakar";"Morocco";"West Africa";906;69.68;11.56;7;"DEBIT"
28153;"2025-06-14";1;"Same Day";1173;"Golf";"Asia";"Casablanca";"Kinshasa";"Angola";"West Africa";822;90.08;66.68;5;"CREDIT"
28279;"2022-12-18";1;"Second Class";5801;"Apparel";"Asia";"Dakar";"Bayelsa";"Nigeria";"West Africa";502;62.49;32.87;8;"CASH"
28318;"2024-01-27";1;"Same Day";2518;"Footwear";"Asia";"Kinshasa";"Dakar";"Senegal";"Central Africa";1352;49.14;78.68;7;"DEBIT"
28335;"2023-09-10";0;"First Class";2205;"Golf";"Europe";"Kuito";"Kinshasa";"Morocco";"Central Africa";1351;79.79;68.88;2;"CREDIT"
28370;"2024-05-11";1;"Same Day";11149;"Apparel";"Africa";"Ugep";"Grand Casablanca";"Nigeria";"Central Africa";1352;99.83;71.25;2;"CREDIT"
28390;"2024-05-06";1;"First Class";1975;"Footwear";"Australia";"Dakar";"Kinshasa";"Senegal";"West Africa";825;47.42;49.8;8;"CASH"
28529;"2024-08-27";1;"Standard Class";10499;"Outdoors";"Asia";"Kinshasa";"Bayelsa";"Nigeria";"West Africa";1357;69.72;43.06;7;"CASH"
28553;"2023-07-04";1;"Standard Class";8002;"Technology";"Europe";"Casablanca";"Bayelsa";"Morocco";"South Africa";273;17.18;66.48;4;"DEBIT"
28614;"2022-12-27";0;"Same Day";4580;"Footwear";"Asia";"Kinshasa";"Kinshasa";"Democratic Republic of the Congo";"West Africa";565;87.7;79.21;5;"CREDIT"
28644;"2024-06-13";0;"First Class";11329;"Footwear";"Asia";"Dakar";"Bayelsa";"Morocco";"North Africa";365;89.75;84.75;9;"CREDIT"
28661;"2022-12-08";1;"Second Class";9890;"Footwear";"Africa";"Casablanca";"Kinshasa";"Senegal";"North Africa";134;33.61;16.55;4;"CREDIT"
28675;"2023-12-25";1;"Same Day";10759;"Technology";"Europe";"Ugep";"Kinshasa";"Democratic Republic of the Congo";"Central Africa";191;16.4;78.74;9;"CASH"
28833;"2023-09-21";1;"Same Day";5728;"Footwear";"Europe";"Kuito";"Cross River";"Democratic Republic of the Congo";"West Africa";804;72.0;72.88;5;"CREDIT"
28855;"2022-10-29";1;"Same Day";19372;"Footwear";"Europe";"Casablanca";"Bayelsa";"Morocco";"North Africa";1363;26.24;41.81;6;"CREDIT"
28885;"2023-09-29";1;"First Class";18276;"Apparel";"Australia";"Dakar";"Kinshasa";"Democratic Republic of the Congo";"North Africa";235;79.1;82.77;3;"CASH"
28936;"2024-01-19";1;"First Class";1758;"Footwear";"Africa";"Ugep";"Bayelsa";"Democratic Republic of the Congo";"Central Africa";886;60.76;80.28;1;"DEBIT"
29041;"2024-08-03";0;"Second Class";7504;"Technology";"Europe";"Casablanca";"Cross River";"Morocco";"Central Africa";403;72.2;60.38;9;"CREDIT"
29107;"2022-09-03";1;"Second Class";10408;"Technology";"Asia";"Dakar";"Cross River";"Morocco";"Central Africa";642;38.88;65.55;6;"CREDIT"
29128;"2023-02-11";0;"Second Class";19399;"Footwear";"Asia";"Kinshasa";"Cross River";"Morocco";"North Africa";249;98.75;38.71;7;"CASH"
29154;"2022-11-08";0;"Same Day";9723;"Footwear";"Asia";"Ugep";"Bayelsa";"Morocco";"North Africa";116;67.39;63.46;7;"CREDIT"
29193;"2023-05-28";0;"Second Class";7894;"Apparel";"Europe";"Kinshasa";"Kinshasa";"Nigeria";"Central Africa";403;33.22;53.49;1;"CASH"
29207;"2023-07-27";0;"Second Class";3915;"Footwear";"Asia";"Kinshasa";"Dakar";"Senegal";"North Africa";627;15.1;72.68;6;"DEBIT"
29253;"2023-06-17";0;"First Class";3373;"Footwear";"Asia";"Kuito";"Grand Casablanca";"Angola";"Central Africa";825;65.05;68.05;7;"DEBIT"
29386;"2024-01-20";1;"First Class";19479;"Technology";"Europe";"Kinshasa";"Grand Casablanca";"Democratic Republic of the Congo";"South Africa";810;67.95;31.01;6;"DEBIT"
29442;"2022-08-25";1;"Second Class";5375;"Outdoors";"Africa";"Casablanca";"Kinshasa";"Morocco";"Central Africa";818;99.17;6.23;5;"CASH"
29508;"2022-07-06";1;"Standard Class";14508;"Technology";"Australia";"Kinshasa";"Bayelsa";"Democratic Republic of the Congo";"Central Africa";191;92.37;81.71;9;"CREDIT"
29574;"2024-09-20";1;"First Class";1738;"Golf";"Asia";"Dakar";"Kinshasa";"Democratic Republic of the Congo";"West Africa";818;95.93;75.74;6;"CASH"
29661;"2023-06-10";1;"Same Day";8917;"Footwear";"Europe";"Ugep";"Bayelsa";"Senegal";"West Africa";885;71.56;45.45;8;"CASH"
29914;"2024-09-22";1;"Same Day";4841;"Outdoors";"Africa";"Kuito";"Kinshasa";"Senegal";"West Africa";1349;43.42;19.72;7;"CREDIT"
29918;"2025-01-17";0;"First Class";12253;"Apparel";"Asia";"Kuito";"Bayelsa";"Angola";"West Africa";135;61.05;69.81;7;"CREDIT"
29944;"2022-11-30";1;"Standard Class";19405;"Golf";"Europe";"Kinshasa";"Dakar";"Nigeria";"South Africa";821;66.27;29.12;7;"CASH"
29983;"2024-06-22";1;"Standard Class";1568;"Apparel";"Asia";"Kinshasa";"Bayelsa";"Nigeria";"West Africa";93;28.04;76.29;8;"CASH"
30273;"2024-03-30";1;"Same Day";10667;"Footwear";"Africa";"Kuito";"Grand Casablanca";"Senegal";"North Africa";93;50.46;74.38;7;"CASH"
30374;"2023-07-27";1;"Same Day";5687;"Outdoors";"Europe";"Dakar";"Cross River";"Senegal";"Central Africa";60;12.2;63.03;1;"CREDIT"
30406;"2023-05-28";0;"Second Class";9419;"Golf";"Australia";"Casablanca";"Dakar";"Morocco";"South Africa";403;16.09;79.99;4;"DEBIT"
30476;"2023-06-22";0;"First Class";2431;"Footwear";"Europe";"Ugep";"Bayelsa";"Angola";"South Africa";885;31.86;58.13;4;"CREDIT"
30565;"2022-09-28";1;"First Class";14553;"Golf";"Africa";"Ugep";"Grand Casablanca";"Senegal";"South Africa";572;69.08;59.75;3;"DEBIT"
30679;"2022-12-14";0;"Second Class";19402;"Golf";"Europe";"Dakar";"Dakar";"Democratic Republic of the Congo";"South Africa";135;21.03;10.82;9;"CREDIT"
30692;"2022-09-17";0;"Same Day";1834;"Golf";"Asia";"Kinshasa";"Bayelsa";"Angola";"Central Africa";502;28.89;84.17;2;"DEBIT"
30730;"2025-01-22";0;"Second Class";4612;"Golf";"Australia";"Ugep";"Grand Casablanca";"Nigeria";"North Africa";893;48.06;13.05;7;"DEBIT"
30758;"2024-10-04";0;"Second Class";4249;"Golf";"Africa";"Casablanca";"Dakar";"Senegal";"Central Africa";810;10.45;11.5;1;"CREDIT"
30828;"2025-01-19";1;"Same Day";6742;"Golf";"Africa";"Kinshasa";"Kinshasa";"Senegal";"North Africa";172;28.0;85.19;3;"CASH"
30855;"2023-06-03";0;"Standard Class";11720;"Golf";"Australia";"Dakar";"Dakar";"Senegal";"North Africa";93;48.86;73.64;9;"CREDIT"
31078;"2023-11-30";0;"Standard Class";19460;"Golf";"Europe";"Kuito";"Bayelsa";"Angola";"North Africa";24;56.33;35.38;9;"DEBIT"
31090;"2024-10-10";1;"Same Day";5707;"Technology";"Asia";"Ugep";"Dakar";"Morocco";"South Africa";924;99.28;78.73;5;"CREDIT"
31184;"2022-08-01";0;"Standard Class";3204;"Technology";"Europe";"Kinshasa";"Cross River";"Angola";"West Africa";359;18.45;44.1;6;"CASH"
31196;"2023-05-17";0;"Same Day";7268;"Golf";"Africa";"Kuito";"Cross River";"Morocco";"Central Africa";24;51.12;60.01;8;"DEBIT"
31321;"2023-11-22";0;"Standard Class";8650;"Footwear";"Africa";"Casablanca";"Cross River";"Morocco";"South Africa";822;92.86;11.18;1;"CASH"
31632;"2023-08-19";1;"Same Day";7532;"Golf";"Asia";"Kuito";"Cross River";"Angola";"North Africa";276;73.78;45.36;9;"DEBIT"
31854;"2022-11-27";0;"Same Day";19435;"Technology";"Europe";"Casablanca";"Kinshasa";"Morocco";"Central Africa";251;69.66;38.61;4;"CREDIT"
32064;"2022-07-01";1;"Same Day";2737;"Technology";"Australia";"Kuito";"Kinshasa";"Democratic Republic of the Congo";"West Africa";926;19.96;14.57;2;"CREDIT"
32067;"2024-01-28";0;"First Class";1410;"Apparel";"Africa";"Dakar";"Dakar";"Angola";"North Africa";828;80.11;79.23;1;"CASH"
32206;"2024-07-25";0;"First Class";4070;"Outdoors";"Australia";"Dakar";"Grand Casablanca";"Nigeria";"West Africa";1349;85.69;66.94;8;"CREDIT"
32260;"2023-10-27";1;"Same Day";2456;"Golf";"Asia";"Dakar";"Bayelsa";"Morocco";"West Africa";565;25.38;26.27;4;"CREDIT"
32268;"2023-04-06";1;"Standard Class";5295;"Outdoors";"Australia";"Ugep";"Grand Casablanca";"Senegal";"South Africa";565;54.94;65.57;8;"CASH"
32360;"2023-03-26";0;"First Class";10166;"Apparel";"Africa";"Kuito";"Bayelsa";"Morocco";"West Africa";44;59.69;15.71;9;"DEBIT"
32428;"2023-09-18";1;"Second Class";4807;"Outdoors";"Australia";"Kuito";"Cross River";"Angola";"West Africa";957;91.56;43.57;5;"CREDIT"
32585;"2025-06-16";0;"First Class";2851;"Technology";"Europe";"Ugep";"Kinshasa";"Morocco";"Central Africa";203;40.47;7.29;1;"CASH"
32820;"2022-08-14";1;"Second Class";9807;"Technology";"Africa";"Ugep";"Cross River";"Democratic Republic of the Congo";"Central Africa";926;26.07;47.23;1;"DEBIT"
32831;"2024-05-25";1;"Standard Class";12288;"Outdoors";"Africa";"Dakar";"Bayelsa";"Nigeria";"West Africa";886;38.49;33.31;6;"CASH"
32933;"2024-12-05";0;"Second Class";19436;"Apparel";"Europe";"Kinshasa";"Bayelsa";"Nigeria";"South Africa";306;99.1;47.22;2;"CASH"
33044;"2024-02-21";1;"Standard Class";6827;"Apparel";"Africa";"Casablanca";"Dakar";"Angola";"West Africa";1350;94.92;31.77;5;"CASH"
33104;"2023-04-11";0;"First Class";9909;"Footwear";"Australia";"Casablanca";"Dakar";"Angola";"West Africa";1352;78.16;16.4;2;"CASH"
33234;"2024-11-20";1;"Second Class";3150;"Apparel";"Asia";"Kuito";"Grand Casablanca";"Morocco";"South Africa";278;78.13;14.18;6;"DEBIT"
33298;"2023-07-28";0;"First Class";5988;"Apparel";"Europe";"Ugep";"Kinshasa";"Angola";"South Africa";1350;94.38;46.42;3;"DEBIT"
33317;"2023-05-24";1;"Second Class";3598;"Technology";"Africa";"Dakar";"Cross River";"Democratic Republic of the Congo";"South Africa";278;73.62;63.6;6;"CASH"
33324;"2024-12-31";0;"Standard Class";3085;"Golf";"Europe";"Dakar";"Bayelsa";"Nigeria";"Central Africa";977;96.61;79.09;7;"CREDIT"
33379;"2024-02-21";0;"First Class";5902;"Golf";"Asia";"Ugep";"Cross River";"Angola";"South Africa";365;51.77;12.88;2;"CREDIT"
33649;"2024-01-11";0;"Standard Class";6523;"Golf";"Africa";"Kuito";"Grand Casablanca";"Senegal";"North Africa";203;48.7;59.82;2;"CREDIT"
33677;"2023-05-30";1;"Second Class";9760;"Outdoors";"Africa";"Ugep";"Kinshasa";"Senegal";"South Africa";906;30.53;26.32;9;"CREDIT"
33698;"2022-10-30";0;"Second Class";12355;"Technology";"Africa";"Kinshasa";"Dakar";"Nigeria";"South Africa";1352;34.58;78.06;7;"CASH"
33723;"2025-01-26";0;"Second Class";19439;"Outdoors";"Asia";"Ugep";"Dakar";"Angola";"North Africa";364;62.46;45.96;7;"CASH"
33934;"2022-12-07";1;"Same Day";19397;"Footwear";"Africa";"Casablanca";"Grand Casablanca";"Senegal";"Central Africa";804;65.9;29.52;1;"DEBIT"
33942;"2023-01-22";1;"Second Class";10794;"Golf";"Asia";"Casablanca";"Dakar";"Morocco";"Central Africa";306;61.2;49.13;7;"CASH"
33990;"2024-01-06";0;"First Class";9011;"Footwear";"Asia";"Kuito";"Cross River";"Morocco";"North Africa";1349;72.68;83.51;3;"CREDIT"
34345;"2023-11-15";1;"Second Class";19395;"Golf";"Australia";"Dakar";"Cross River";"Democratic Republic of the Congo";"Central Africa";893;54.93;72.61;5;"CREDIT"
34350;"2024-03-02";1;"First Class";12055;"Apparel";"Asia";"Casablanca";"Cross River";"Angola";"Central Africa";93;23.01;30.72;5;"DEBIT"
34405;"2024-01-24";1;"First Class";4329;"Apparel";"Australia";"Dakar";"Dakar";"Democratic Republic of the Congo";"West Africa";797;82.65;25.7;1;"CASH"
34413;"2024-05-09";1;"First Class";4429;"Outdoors";"Africa";"Casablanca";"Grand Casablanca";"Senegal";"North Africa";235;18.03;19.04;5;"CREDIT"
34441;"2022-07-12";1;"Standard Class";3594;"Outdoors";"Europe";"Kuito";"Dakar";"Senegal";"Central Africa";135;79.78;13.56;5;"CREDIT"
34452;"2024-07-25";0;"First Class";7955;"Outdoors";"Africa";"Dakar";"Dakar";"Democratic Republic of the Congo";"Central Africa";44;92.78;28.13;1;"DEBIT"
34469;"2024-06-22";1;"Standard Class";3358;"Apparel";"Europe";"Kinshasa";"Grand Casablanca";"Morocco";"North Africa";191;16.3;81.71;2;"CASH"
34527;"2025-02-19";1;"Second Class";10365;"Golf";"Europe";"Ugep";"Grand Casablanca";"Angola";"North Africa";306;53.93;19.6;5;"DEBIT"
34727;"2025-05-22";0;"Same Day";19444;"Golf";"Africa";"Kuito";"Kinshasa";"Angola";"North Africa";359;31.11;56.91;2;"DEBIT"
34733;"2023-06-16";1;"Second Class";10893;"Apparel";"Africa";"Ugep";"Bayelsa";"Senegal";"North Africa";828;36.78;27.99;7;"CASH"
34738;"2025-04-17";0;"Second Class";6050;"Technology";"Asia";"Kuito";"Grand Casablanca";"Senegal";"North Africa";282;75.12;22.49;2;"DEBIT"
35151;"2022-11-09";1;"Same Day";9634;"Golf";"Australia";"Kuito";"Bayelsa";"Senegal";"North Africa";906;63.82;5.04;5;"DEBIT"
35304;"2024-06-11";1;"Same Day";11650;"Apparel";"Australia";"Kinshasa";"Bayelsa";"Angola";"West Africa";897;74.56;42.61;7;"DEBIT"
35377;"2025-04-05";1;"First Class";9189;"Outdoors";"Asia";"Kuito";"Dakar";"Senegal";"Central Africa";897;67.04;51.64;2;"DEBIT"
35381;"2024-11-02";0;"Standard Class";3797;"Technology";"Australia";"Dakar";"Kinshasa";"Angola";"West Africa";251;66.5;81.91;1;"CREDIT"
35548;"2023-08-08";1;"Standard Class";19359;"Golf";"Africa";"Kuito";"Kinshasa";"Morocco";"South Africa";564;70.65;48.19;3;"DEBIT"
35593;"2025-06-12";0;"First Class";7707;"Golf";"Australia";"Casablanca";"Kinshasa";"Senegal";"West Africa";1350;37.77;82.31;9;"DEBIT"
35616;"2024-07-25";0;"Same Day";10368;"Apparel";"Europe";"Kuito";"Kinshasa";"Democratic Republic of the Congo";"North Africa";567;77.72;48.71;8;"CREDIT"
35623;"2024-07-08";0;"Second Class";11887;"Footwear";"Africa";"Ugep";"Bayelsa";"Angola";"West Africa";825;82.2;78.45;8;"CREDIT"
35632;"2022-10-11";0;"Same Day";2454;"Footwear";"Africa";"Casablanca";"Bayelsa";"Democratic Republic of the Congo";"Central Africa";1349;37.62;32.23;9;"CREDIT"
35655;"2023-05-31";0;"Same Day";14513;"Outdoors";"Europe";"Kinshasa";"Cross River";"Nigeria";"Central Africa";1363;77.78;77.65;8;"DEBIT"
35786;"2022-12-11";1;"Same Day";1840;"Golf";"Asia";"Kinshasa";"Bayelsa";"Democratic Republic of the Congo";"North Africa";403;24.94;18.59;3;"CREDIT"
35841;"2024-01-27";1;"Same Day";3731;"Golf";"Africa";"Dakar";"Cross River";"Democratic Republic of the Congo";"Central Africa";627;69.22;22.22;1;"CASH"
35921;"2022-07-11";0;"Standard Class";19485;"Technology";"Asia";"Kuito";"Bayelsa";"Morocco";"North Africa";924;33.33;80.2;4;"CREDIT"
35939;"2023-11-08";1;"First Class";13190;"Footwear";"Africa";"Ugep";"Dakar";"Nigeria";"North Africa";797;47.25;82.53;8;"DEBIT"
36111;"2023-03-16";0;"First Class";19450;"Footwear";"Asia";"Dakar";"Bayelsa";"Democratic Republic of the Congo";"North Africa";93;68.3;33.82;3;"CREDIT"
36179;"2023-10-15";1;"Same Day";10428;"Golf";"Europe";"Casablanca";"Bayelsa";"Democratic Republic of the Congo";"Central Africa";273;65.34;16.97;9;"CREDIT"
36387;"2024-05-02";0;"Second Class";424;"Outdoors";"Africa";"Dakar";"Cross River";"Nigeria";"West Africa";818;12.48;81.13;4;"CASH"
36394;"2023-06-10";1;"Same Day";12214;"Outdoors";"Asia";"Kuito";"Cross River";"Morocco";"Central Africa";191;30.1;69.53;3;"CASH"
36486;"2023-12-15";0;"First Class";11307;"Golf";"Australia";"Kuito";"Cross River";"Democratic Republic of the Congo";"Central Africa";1353;79.61;74.01;9;"DEBIT"
36763;"2024-08-18";1;"Second Class";19482;"Golf";"Europe";"Kuito";"Dakar";"Nigeria";"Central Africa";116;42.9;16.17;3;"DEBIT"
36765;"2022-10-01";1;"Same Day";19398;"Outdoors";"Africa";"Kinshasa";"Grand Casablanca";"Morocco";"West Africa";44;45.31;71.71;2;"CREDIT"
36832;"2024-09-28";0;"Standard Class";4210;"Footwear";"Europe";"Dakar";"Grand Casablanca";"Democratic Republic of the Congo";"South Africa";821;91.36;27.84;4;"CREDIT"
36844;"2025-03-01";1;"Same Day";2431;"Technology";"Europe";"Kuito";"Bayelsa";"Democratic Republic of the Congo";"North Africa";172;82.55;66.55;4;"CASH"
36905;"2023-03-10";1;"Same Day";10954;"Golf";"Asia";"Casablanca";"Dakar";"Nigeria";"West Africa";818;68.11;85.9;9;"CASH"
36908;"2023-04-20";0;"First Class";9528;"Golf";"Africa";"Kuito";"Bayelsa";"Democratic Republic of the Congo";"North Africa";235;83.8;12.92;1;"CASH"
36918;"2024-02-25";0;"Second Class";6360;"Golf";"Africa";"Ugep";"Dakar";"Angola";"West Africa";897;90.04;56.47;5;"CREDIT"
37062;"2023-09-30";0;"Standard Class";9385;"Footwear";"Asia";"Casablanca";"Cross River";"Democratic Republic of the Congo";"North Africa";567;17.41;15.87;7;"CREDIT"
37119;"2024-09-19";1;"First Class";8037;"Golf";"Europe";"Ugep";"Kinshasa";"Democratic Republic of the Congo";"North Africa";797;24.79;16.33;1;"DEBIT"
37176;"2023-04-04";0;"Same Day";8766;"Technology";"Asia";"Ugep";"Cross River";"Senegal";"South Africa";403;55.15;74.33;9;"DEBIT"
37201;"2023-05-24";1;"Same Day";9726;"Golf";"Asia";"Ugep";"Grand Casablanca";"Senegal";"West Africa";93;87.72;29.44;9;"CREDIT"
37287;"2023-04-24";0;"Standard Class";4899;"Footwear";"Asia";"Kuito";"Cross River";"Democratic Republic of the Congo";"West Africa";822;55.74;31.67;4;"DEBIT"
37332;"2022-08-13";1;"First Class";12333;"Apparel";"Africa";"Kuito";"Kinshasa";"Angola";"Central Africa";235;96.06;50.08;1;"CREDIT"
37401;"2022-11-27";1;"Same Day";10610;"Footwear";"Europe";"Kuito";"Bayelsa";"Democratic Republic of the Congo";"South Africa";1363;11.42;82.51;7;"CASH"
37474;"2023-05-18";0;"Standard Class";19446;"Technology";"Australia";"Dakar";"Bayelsa";"Angola";"Central Africa";823;34.24;31.38;7;"DEBIT"
37485;"2022-08-18";1;"Second Class";4909;"Footwear";"Asia";"Casablanca";"Cross River";"Angola";"West Africa";365;82.22;45.37;2;"CASH"
37500;"2024-07-08";1;"Same Day";3182;"Technology";"Asia";"Casablanca";"Cross River";"Morocco";"West Africa";1349;56.35;52.93;6;"DEBIT"
37509;"2023-03-27";0;"Standard Class";2773;"Footwear";"Asia";"Dakar";"Grand Casablanca";"Democratic Republic of the Congo";"West Africa";60;80.95;53.55;3;"DEBIT"
37584;"2023-06-29";1;"Same Day";2270;"Golf";"Africa";"Dakar";"Grand Casablanca";"Democratic Republic of the Congo";"South Africa";44;44.05;24.52;3;"CASH"
37616;"2023-06-23";1;"Standard Class";19443;"Outdoors";"Europe";"Casablanca";"Dakar";"Angola";"North Africa";276;69.61;68.83;8;"CREDIT"
37731;"2025-05-02";1;"Second Class";10071;"Golf";"Africa";"Dakar";"Bayelsa";"Morocco";"North Africa";134;32.2;67.2;8;"DEBIT"
37757;"2024-02-19";0;"Second Class";3283;"Technology";"Africa";"Kinshasa";"Cross River";"Senegal";"North Africa";1357;18.4;72.72;1;"CASH"
37823;"2025-03-15";0;"Same Day";5941;"Golf";"Asia";"Casablanca";"Grand Casablanca";"Angola";"North Africa";893;20.47;42.14;5;"CASH"
37831;"2022-09-01";0;"Second Class";2643;"Technology";"Europe";"Dakar";"Bayelsa";"Senegal";"West Africa";564;84.24;34.39;5;"DEBIT"
37844;"2024-02-07";1;"Standard Class";7222;"Technology";"Africa";"Kinshasa";"Grand Casablanca";"Morocco";"North Africa";235;41.62;49.74;3;"DEBIT"
37859;"2024-05-01";1;"Standard Class";1627;"Apparel";"Asia";"Dakar";"Grand Casablanca";"Angola";"Central Africa";359;59.39;58.86;7;"CASH"
37875;"2022-10-11";1;"First Class";19478;"Golf";"Australia";"Dakar";"Kinshasa";"Angola";"South Africa";565;18.49;60.48;6;"CASH"
37904;"2023-07-01";1;"Standard Class";9082;"Apparel";"Australia";"Dakar";"Grand Casablanca";"Senegal";"North Africa";249;85.56;73.27;6;"CASH"
37928;"2023-03-23";0;"Same Day";19484;"Golf";"Asia";"Ugep";"Dakar";"Angola";"West Africa";825;86.96;58.9;6;"CASH"
37964;"2023-12-25";0;"Same Day";2882;"Golf";"Australia";"Casablanca";"Kinshasa";"Nigeria";"South Africa";642;67.67;74.64;5;"CREDIT"
38056;"2025-02-09";0;"Second Class";185;"Technology";"Australia";"Kinshasa";"Cross River";"Democratic Republic of the Congo";"West Africa";203;33.56;73.66;3;"DEBIT"
38211;"2025-06-11";1;"Second Class";1695;"Technology";"Europe";"Kuito";"Grand Casablanca";"Nigeria";"South Africa";835;43.96;17.43;7;"CASH"
38224;"2024-01-29";0;"Same Day";4674;"Apparel";"Europe";"Kuito";"Grand Casablanca";"Morocco";"Central Africa";821;34.31;63.06;1;"CASH"
38310;"2025-05-02";0;"First Class";4596;"Golf";"Australia";"Kinshasa";"Cross River";"Nigeria";"South Africa";249;15.41;81.41;8;"CASH"
38345;"2024-12-29";0;"Standard Class";8841;"Footwear";"Europe";"Dakar";"Kinshasa";"Angola";"South Africa";567;48.64;70.21;8;"DEBIT"
38350;"2022-08-26";1;"Second Class";1222;"Footwear";"Europe";"Kinshasa";"Bayelsa";"Angola";"Central Africa";365;84.33;66.31;7;"CREDIT"
38392;"2025-03-04";1;"First Class";653;"Apparel";"Australia";"Kinshasa";"Bayelsa";"Morocco";"South Africa";572;84.01;63.42;8;"CREDIT"
38408;"2022-12-24";1;"Standard Class";8807;"Golf";"Australia";"Casablanca";"Kinshasa";"Morocco";"Central Africa";365;68.35;6.44;3;"CASH"
38487;"2024-03-14";0;"Second Class";2329;"Golf";"Asia";"Ugep";"Bayelsa";"Morocco";"South Africa";93;86.87;77.28;7;"CREDIT"
38592;"2023-07-26";0;"Same Day";10549;"Outdoors";"Australia";"Kinshasa";"Grand Casablanca";"Morocco";"West Africa";403;82.67;48.99;3;"CASH"
38638;"2024-12-15";1;"Second Class";4612;"Footwear";"Africa";"Kuito";"Cross River";"Nigeria";"North Africa";905;84.24;88.37;6;"CASH"
38856;"2024-11-20";0;"Second Class";5206;"Footwear";"Asia";"Kinshasa";"Bayelsa";"Morocco";"West Africa";44;14.37;53.37;8;"DEBIT"
38872;"2023-06-04";0;"Second Class";19487;"Outdoors";"Africa";"Dakar";"Cross River";"Morocco";"West Africa";886;20.89;41.1;4;"CASH"
38874;"2024-06-30";0;"Same Day";8478;"Apparel";"Asia";"Dakar";"Bayelsa";"Angola";"South Africa";906;96.44;22.57;8;"DEBIT"
39073;"2022-07-07";1;"First Class";5749;"Outdoors";"Europe";"Ugep";"Bayelsa";"Senegal";"North Africa";567;60.62;11.04;4;"CREDIT"
39241;"2023-06-18";1;"First Class";2792;"Technology";"Asia";"Dakar";"Cross River";"Nigeria";"South Africa";134;66.97;16.12;7;"CASH"
39439;"2024-07-16";1;"Standard Class";14915;"Footwear";"Asia";"Kinshasa";"Cross River";"Senegal";"Central Africa";1363;82.03;28.0;1;"CREDIT"
39516;"2024-04-26";1;"Standard Class";4695;"Footwear";"Europe";"Ugep";"Kinshasa";"Democratic Republic of the Congo";"Central Africa";906;53.31;58.14;5;"CASH"
39557;"2024-06-06";0;"First Class";5855;"Footwear";"Europe";"Ugep";"Bayelsa";"Angola";"Central Africa";957;76.48;24.1;4;"DEBIT"
39969;"2025-04-07";0;"Standard Class";19458;"Golf";"Australia";"Ugep";"Grand Casablanca";"Angola";"South Africa";273;33.83;88.7;4;"CREDIT"
40079;"2024-09-02";0;"Second Class";19401;"Technology";"Europe";"Kuito";"Kinshasa";"Angola";"Central Africa";134;53.89;62.19;7;"DEBIT"
40101;"2024-03-10";1;"Standard Class";7132;"Footwear";"Europe";"Kuito";"Kinshasa";"Senegal";"North Africa";825;74.14;66.4;4;"DEBIT"
40176;"2022-11-18";1;"Standard Class";19459;"Technology";"Asia";"Dakar";"Kinshasa";"Democratic Republic of the Congo";"West Africa";278;65.15;63.06;3;"CASH"
40256;"2024-07-05";1;"Same Day";1826;"Golf";"Europe";"Kuito";"Grand Casablanca";"Nigeria";"Central Africa";135;51.92;89.13;3;"CREDIT"
40395;"2022-07-12";0;"Same Day";3804;"Apparel";"Europe";"Ugep";"Cross River";"Angola";"West Africa";810;78.67;30.86;1;"DEBIT"
40434;"2023-01-19";1;"Same Day";8480;"Technology";"Asia";"Ugep";"Bayelsa";"Senegal";"North Africa";44;99.3;72.28;3;"CREDIT"
40436;"2024-06-04";0;"First Class";3935;"Apparel";"Asia";"Dakar";"Cross River";"Angola";"Central Africa";825;26.37;30.78;4;"CREDIT"
40438;"2022-09-21";1;"Second Class";13194;"Outdoors";"Africa";"Dakar";"Cross River";"Senegal";"South Africa";1360;72.12;60.09;1;"CASH"
40530;"2024-06-11";1;"Second Class";19370;"Golf";"Africa";"Ugep";"Grand Casablanca";"Senegal";"Central Africa";37;10.45;44.45;3;"CREDIT"
40629;"2023-01-14";0;"Same Day";1070;"Apparel";"Australia";"Kinshasa";"Bayelsa";"Senegal";"North Africa";642;19.94;82.74;5;"CASH"
40733;"2025-05-30";0;"Same Day";11455;"Apparel";"Europe";"Kuito";"Grand Casablanca";"Morocco";"North Africa";306;32.65;79.19;7;"DEBIT"
40739;"2023-12-27";0;"First Class";11339;"Technology";"Asia";"Ugep";"Dakar";"Angola";"West Africa";249;57.85;24.57;2;"CREDIT"
41020;"2022-07-01";0;"Standard Class";8587;"Golf";"Australia";"Dakar";"Cross River";"Angola";"North Africa";977;45.08;55.61;9;"CASH"
41042;"2024-07-22";0;"Second Class";7764;"Outdoors";"Asia";"Dakar";"Grand Casablanca";"Democratic Republic of the Congo";"North Africa";926;73.91;75.94;6;"DEBIT"
41076;"2024-05-18";0;"Standard Class";2353;"Footwear";"Africa";"Casablanca";"Grand Casablanca";"Morocco";"South Africa";804;57.64;78.28;7;"DEBIT"
41135;"2024-04-09";1;"Standard Class";11388;"Footwear";"Australia";"Casablanca";"Grand Casablanca";"Senegal";"South Africa";642;19.12;22.9;2;"CASH"
41180;"2023-11-14";0;"Second Class";9704;"Technology";"Australia";"Kuito";"Grand Casablanca";"Senegal";"West Africa";642;51.52;76.89;5;"CASH"
41201;"2024-12-25";0;"Second Class";6594;"Technology";"Australia";"Kinshasa";"Dakar";"Nigeria";"West Africa";1363;99.76;20.41;4;"CASH"
41316;"2023-10-09";0;"Standard Class";2035;"Outdoors";"Asia";"Kinshasa";"Kinshasa";"Democratic Republic of the Congo";"Central Africa";278;32.96;13.98;7;"CASH"
41322;"2025-03-01";0;"First Class";1273;"Apparel";"Asia";"Dakar";"Kinshasa";"Democratic Republic of the Congo";"North Africa";44;97.78;50.22;5;"CREDIT"
41362;"2023-05-09";1;"First Class";6746;"Footwear";"Australia";"Casablanca";"Bayelsa";"Nigeria";"North Africa";1349;66.92;39.45;3;"CREDIT"
41374;"2024-04-10";0;"Standard Class";5506;"Apparel";"Africa";"Kuito";"Cross River";"Nigeria";"Central Africa";810;10.79;63.18;1;"CASH"
41433;"2025-04-09";1;"Second Class";14770;"Golf";"Africa";"Casablanca";"Bayelsa";"Morocco";"Central Africa";917;47.08;81.7;6;"CASH"
41455;"2023-06-18";0;"First Class";711;"Golf";"Australia";"Casablanca";"Cross River";"Democratic Republic of the Congo";"Central Africa";502;30.78;50.32;5;"DEBIT"
41534;"2023-08-12";1;"First Class";14633;"Golf";"Asia";"Casablanca";"Grand Casablanca";"Senegal";"Central Africa";365;77.75;47.1;7;"CREDIT"
41573;"2022-11-25";1;"Standard Class";7269;"Technology";"Europe";"Kinshasa";"Bayelsa";"Democratic Republic of the Congo";"North Africa";924;10.78;30.57;2;"CREDIT"
41598;"2023-09-27";1;"Same Day";14604;"Footwear";"Africa";"Kuito";"Dakar";"Senegal";"North Africa";306;10.01;60.3;7;"DEBIT"
41692;"2022-09-19";0;"Standard Class";7683;"Technology";"Africa";"Dakar";"Bayelsa";"Angola";"South Africa";804;58.43;76.5;5;"DEBIT"
41713;"2025-02-10";1;"Same Day";3405;"Footwear";"Europe";"Ugep";"Grand Casablanca";"Senegal";"South Africa";24;79.83;14.76;7;"CREDIT"
41744;"2022-07-08";1;"Standard Class";3329;"Technology";"Asia";"Dakar";"Dakar";"Nigeria";"North Africa";924;41.86;38.44;2;"CREDIT"
41831;"2024-07-24";0;"Standard Class";3997;"Golf";"Australia";"Kinshasa";"Cross River";"Democratic Republic of the Congo";"Central Africa";1357;66.47;68.07;6;"DEBIT"
41921;"2024-03-26";0;"First Class";7683;"Technology";"Europe";"Kinshasa";"Bayelsa";"Angola";"North Africa";957;20.94;6.82;8;"DEBIT"
41970;"2025-02-17";0;"Standard Class";19475;"Golf";"Australia";"Kinshasa";"Grand Casablanca";"Senegal";"West Africa";567;79.54;19.46;5;"CASH"
41989;"2023-08-02";1;"Standard Class";16086;"Golf";"Australia";"Casablanca";"Dakar";"Senegal";"West Africa";278;65.89;43.47;4;"CASH"
42054;"2024-09-09";0;"Standard Class";3804;"Golf";"Asia";"Casablanca";"Kinshasa";"Democratic Republic of the Congo";"North Africa";1363;16.72;42.27;6;"DEBIT"
42089;"2024-03-14";1;"Second Class";548;"Footwear";"Asia";"Casablanca";"Grand Casablanca";"Morocco";"North Africa";835;28.28;37.24;3;"CREDIT"
42091;"2025-04-13";0;"Standard Class";13206;"Technology";"Europe";"Kinshasa";"Kinshasa";"Senegal";"North Africa";828;11.74;89.61;9;"CREDIT"
42103;"2024-10-30";0;"First Class";10416;"Outdoors";"Australia";"Casablanca";"Bayelsa";"Angola";"North Africa";116;63.68;46.59;3;"CASH"
42506;"2022-07-04";0;"First Class";14665;"Footwear";"Africa";"Ugep";"Dakar";"Angola";"West Africa";278;66.5;30.71;8;"DEBIT"
42561;"2025-04-19";0;"First Class";19429;"Apparel";"Africa";"Ugep";"Grand Casablanca";"Angola";"West Africa";37;88.08;31.66;3;"CREDIT"
42581;"2023-11-28";1;"First Class";474;"Technology";"Africa";"Kuito";"Dakar";"Morocco";"Central Africa";924;79.95;28.21;6;"CREDIT"
42608;"2023-06-03";0;"Same Day";6872;"Outdoors";"Australia";"Kuito";"Cross River";"Senegal";"West Africa";926;11.09;21.3;9;"CREDIT"
42907;"2023-10-17";1;"Second Class";19431;"Outdoors";"Africa";"Ugep";"Bayelsa";"Democratic Republic of the Congo";"North Africa";1363;67.77;37.65;2;"DEBIT"
42951;"2025-05-03";1;"First Class";1445;"Outdoors";"Europe";"Kinshasa";"Dakar";"Morocco";"West Africa";893;95.43;55.47;3;"CREDIT"
42963;"2025-06-12";1;"Same Day";6588;"Technology";"Europe";"Casablanca";"Dakar";"Democratic Republic of the Congo";"North Africa";977;68.62;30.18;4;"DEBIT"
43072;"2022-10-15";0;"Same Day";5074;"Golf";"Africa";"Ugep";"Kinshasa";"Angola";"West Africa";191;27.68;72.73;3;"CREDIT"
43110;"2022-07-15";0;"Standard Class";19469;"Apparel";"Australia";"Casablanca";"Cross River";"Morocco";"West Africa";804;60.02;30.67;4;"CREDIT"
43129;"2025-04-03";0;"Second Class";4098;"Apparel";"Africa";"Dakar";"Cross River";"Morocco";"North Africa";44;48.2;60.75;3;"DEBIT"
43156;"2023-01-13";0;"Standard Class";4697;"Outdoors";"Asia";"Ugep";"Bayelsa";"Democratic Republic of the Congo";"South Africa";627;45.82;26.26;2;"CASH"
43206;"2023-11-27";0;"Same Day";6045;"Apparel";"Europe";"Dakar";"Grand Casablanca";"Morocco";"Central Africa";821;25.14;55.21;5;"CASH"
43265;"2022-12-17";1;"Second Class";8519;"Apparel";"Australia";"Kuito";"Kinshasa";"Senegal";"North Africa";897;88.97;14.91;7;"DEBIT"
43503;"2023-01-15";1;"Same Day";8524;"Outdoors";"Africa";"Dakar";"Grand Casablanca";"Nigeria";"North Africa";886;10.86;66.15;1;"CASH"
43600;"2023-12-29";0;"Standard Class";1271;"Technology";"Europe";"Ugep";"Dakar";"Morocco";"South Africa";282;56.33;59.38;3;"CREDIT"
43695;"2023-04-17";0;"Same Day";8358;"Footwear";"Asia";"Ugep";"Dakar";"Senegal";"North Africa";804;77.36;76.5;2;"CASH"
43958;"2024-03-17";0;"First Class";650;"Golf";"Australia";"Kinshasa";"Dakar";"Senegal";"Central Africa";642;27.46;30.04;8;"CASH"
43980;"2023-06-26";1;"Second Class";3474;"Outdoors";"Asia";"Kuito";"Kinshasa";"Senegal";"North Africa";572;52.55;73.14;3;"CASH"
44093;"2025-04-12";1;"First Class";6708;"Footwear";"Asia";"Ugep";"Bayelsa";"Nigeria";"Central Africa";886;34.57;68.67;8;"DEBIT"
44288;"2023-10-22";0;"Same Day";11573;"Golf";"Africa";"Dakar";"Grand Casablanca";"Democratic Republic of the Congo";"South Africa";822;83.12;12.76;5;"CASH"
44446;"2023-04-27";1;"Standard Class";4438;"Apparel";"Asia";"Ugep";"Kinshasa";"Nigeria";"West Africa";276;41.65;69.42;5;"CASH"
44520;"2023-02-04";0;"First Class";4986;"Apparel";"Africa";"Dakar";"Bayelsa";"Nigeria";"West Africa";906;99.97;62.92;9;"CREDIT"
44566;"2023-06-07";0;"First Class";7331;"Footwear";"Australia";"Ugep";"Cross River";"Morocco";"South Africa";917;52.16;79.17;9;"CASH"
44608;"2023-03-14";0;"Same Day";11106;"Outdoors";"Africa";"Ugep";"Grand Casablanca";"Democratic Republic of the Congo";"Central Africa";276;65.25;31.98;6;"CASH"
44694;"2024-03-16";1;"Second Class";8730;"Outdoors";"Europe";"Casablanca";"Cross River";"Democratic Republic of the Congo";"South Africa";885;17.72;56.48;2;"DEBIT"
44721;"2023-04-22";0;"Second Class";19433;"Golf";"Africa";"Kuito";"Grand Casablanca";"Morocco";"South Africa";823;78.49;47.86;6;"DEBIT"
44725;"2024-10-31";1;"Standard Class";1756;"Technology";"Australia";"Casablanca";"Cross River";"Nigeria";"West Africa";191;78.52;30.09;2;"CASH"
44889;"2023-05-31";0;"Standard Class";1339;"Apparel";"Australia";"Kuito";"Cross River";"Democratic Republic of the Congo";"North Africa";282;79.77;9.08;7;"DEBIT"
44922;"2022-07-12";0;"Second Class";19432;"Footwear";"Asia";"Kinshasa";"Bayelsa";"Democratic Republic of the Congo";"North Africa";1360;53.01;15.27;9;"CASH"
44926;"2023-07-28";1;"First Class";5875;"Golf";"Australia";"Kuito";"Dakar";"Democratic Republic of the Congo";"South Africa";917;26.0;60.36;5;"CASH"
45113;"2023-04-29";1;"First Class";6466;"Apparel";"Africa";"Kinshasa";"Cross River";"Morocco";"South Africa";1350;34.59;20.78;1;"CASH"
45134;"2024-05-22";1;"Same Day";3405;"Golf";"Africa";"Dakar";"Dakar";"Angola";"North Africa";825;86.36;57.51;8;"DEBIT"
45181;"2023-12-09";1;"Standard Class";19356;"Technology";"Asia";"Dakar";"Grand Casablanca";"Democratic Republic of the Congo";"North Africa";886;31.92;66.92;7;"DEBIT"
45188;"2022-12-09";1;"Second Class";3624;"Apparel";"Africa";"Dakar";"Dakar";"Angola";"Central Africa";627;59.21;49.8;2;"DEBIT"
45224;"2023-12-30";1;"Standard Class";10533;"Technology";"Africa";"Dakar";"Kinshasa";"Morocco";"Central Africa";134;79.13;74.03;5;"DEBIT"
45271;"2024-08-21";0;"Second Class";1250;"Outdoors";"Asia";"Kinshasa";"Cross River";"Democratic Republic of the Congo";"North Africa";44;56.91;44.0;5;"DEBIT"
45278;"2022-09-26";1;"First Class";9727;"Footwear";"Europe";"Casablanca";"Kinshasa";"Senegal";"South Africa";886;72.14;10.34;1;"CASH"
45410;"2023-06-23";1;"Same Day";10474;"Outdoors";"Africa";"Kinshasa";"Grand Casablanca";"Morocco";"West Africa";828;61.73;18.8;1;"CREDIT"
45437;"2023-10-03";1;"First Class";1834;"Technology";"Africa";"Ugep";"Kinshasa";"Senegal";"North Africa";359;45.62;41.56;6;"DEBIT"
45616;"2023-02-28";0;"Same Day";19416;"Outdoors";"Europe";"Kuito";"Kinshasa";"Democratic Republic of the Congo";"North Africa";906;55.98;18.32;3;"CASH"
45691;"2023-08-22";0;"Same Day";3484;"Outdoors";"Europe";"Kinshasa";"Dakar";"Senegal";"Central Africa";926;15.63;77.0;2;"CREDIT"
45714;"2024-09-15";0;"Standard Class";7832;"Apparel";"Asia";"Dakar";"Kinshasa";"Morocco";"South Africa";917;90.88;18.37;3;"CREDIT"
45741;"2024-04-15";0;"Same Day";12310;"Technology";"Africa";"Casablanca";"Bayelsa";"Democratic Republic of the Congo";"South Africa";60;57.79;46.71;6;"CREDIT"
45760;"2024-03-10";0;"Second Class";3905;"Technology";"Europe";"Kuito";"Kinshasa";"Angola";"Central Africa";926;81.26;7.68;2;"DEBIT"
46013;"2023-02-21";1;"Standard Class";3770;"Apparel";"Europe";"Casablanca";"Cross River";"Senegal";"West Africa";822;90.17;5.57;1;"CREDIT"
46053;"2022-12-13";0;"First Class";4151;"Golf";"Australia";"Casablanca";"Cross River";"Senegal";"South Africa";797;58.3;82.05;1;"DEBIT"
46075;"2025-04-04";0;"First Class";150;"Footwear";"Australia";"Kinshasa";"Bayelsa";"Morocco";"West Africa";1351;42.21;7.25;3;"CASH"
46172;"2023-04-24";1;"Standard Class";11531;"Outdoors";"Australia";"Dakar";"Cross River";"Angola";"South Africa";1350;82.49;14.22;3;"CASH"
46192;"2024-02-06";0;"Second Class";9352;"Outdoors";"Europe";"Ugep";"Grand Casablanca";"Democratic Republic of the Congo";"North Africa";191;61.19;31.05;8;"CASH"
46205;"2025-01-31";0;"First Class";9415;"Footwear";"Europe";"Dakar";"Cross River";"Democratic Republic of the Congo";"Central Africa";1351;86.77;16.41;8;"DEBIT"
46227;"2025-03-15";0;"Second Class";12291;"Outdoors";"Australia";"Kinshasa";"Dakar";"Democratic Republic of the Congo";"North Africa";572;33.18;32.43;7;"DEBIT"
46375;"2023-07-07";0;"First Class";3050;"Technology";"Africa";"Dakar";"Grand Casablanca";"Nigeria";"North Africa";135;50.54;88.24;4;"CASH"
46512;"2024-11-20";1;"First Class";9307;"Technology";"Asia";"Ugep";"Cross River";"Morocco";"Central Africa";359;44.49;43.64;8;"CREDIT"
46517;"2024-06-10";0;"Standard Class";7446;"Golf";"Africa";"Kuito";"Cross River";"Nigeria";"West Africa";93;47.35;52.31;5;"CASH"
46574;"2023-03-16";0;"Same Day";3594;"Footwear";"Asia";"Ugep";"Dakar";"Morocco";"Central Africa";627;78.21;35.34;6;"CREDIT"
46585;"2023-02-10";1;"First Class";3800;"Outdoors";"Europe";"Dakar";"Grand Casablanca";"Senegal";"West Africa";821;56.3;10.08;9;"CASH"
46630;"2025-05-21";1;"Same Day";13196;"Technology";"Asia";"Kuito";"Cross River";"Angola";"South Africa";93;30.32;78.53;5;"CASH"
46644;"2024-05-18";1;"Standard Class";7259;"Outdoors";"Africa";"Kinshasa";"Grand Casablanca";"Democratic Republic of the Congo";"West Africa";365;18.4;81.86;3;"DEBIT"
46777;"2024-11-21";1;"Same Day";1636;"Footwear";"Asia";"Kuito";"Grand Casablanca";"Nigeria";"West Africa";818;65.35;55.17;6;"CREDIT"
46817;"2023-07-05";1;"Same Day";19362;"Technology";"Africa";"Kinshasa";"Bayelsa";"Morocco";"West Africa";957;77.6;13.81;9;"DEBIT"
46850;"2025-02-18";1;"Standard Class";9082;"Golf";"Australia";"Casablanca";"Dakar";"Democratic Republic of the Congo";"North Africa";822;34.99;83.98;5;"DEBIT"
46858;"2022-09-09";0;"Same Day";6422;"Footwear";"Europe";"Kinshasa";"Cross River";"Nigeria";"South Africa";906;33.71;60.35;5;"DEBIT"
46937;"2024-11-03";1;"Same Day";397;"Footwear";"Australia";"Dakar";"Kinshasa";"Angola";"Central Africa";235;55.85;12.33;6;"CASH"
47108;"2025-02-19";0;"First Class";9626;"Footwear";"Asia";"Dakar";"Kinshasa";"Nigeria";"North Africa";818;65.82;60.82;1;"CREDIT"
47149;"2022-07-05";0;"Standard Class";3709;"Technology";"Africa";"Kuito";"Kinshasa";"Angola";"Central Africa";977;49.61;36.88;7;"CREDIT"
47163;"2024-11-19";1;"First Class";5329;"Golf";"Asia";"Ugep";"Dakar";"Democratic Republic of the Congo";"Central Africa";797;23.91;12.56;6;"CREDIT"
47193;"2022-09-13";0;"First Class";3056;"Footwear";"Asia";"Dakar";"Dakar";"Morocco";"Central Africa";172;59.91;33.56;7;"CASH"
47227;"2022-10-18";1;"First Class";8720;"Outdoors";"Africa";"Dakar";"Kinshasa";"Morocco";"North Africa";885;56.23;88.7;6;"CREDIT"
47238;"2022-09-13";0;"First Class";2922;"Outdoors";"Asia";"Ugep";"Bayelsa";"Morocco";"South Africa";1360;94.9;78.37;5;"DEBIT"
47335;"2022-08-10";0;"First Class";5197;"Technology";"Africa";"Ugep";"Cross River";"Senegal";"North Africa";1352;41.32;9.09;4;"CREDIT"
47415;"2023-01-16";0;"First Class";8050;"Outdoors";"Europe";"Dakar";"Dakar";"Nigeria";"Central Africa";886;54.21;71.18;1;"DEBIT"
47642;"2024-09-16";0;"First Class";9890;"Footwear";"Asia";"Kuito";"Dakar";"Morocco";"South Africa";917;30.0;77.61;2;"CREDIT"
47648;"2025-04-17";1;"Same Day";8556;"Footwear";"Europe";"Ugep";"Grand Casablanca";"Democratic Republic of the Congo";"Central Africa";235;98.45;49.4;4;"CREDIT"
47661;"2024-11-28";0;"Same Day";10927;"Footwear";"Europe";"Kuito";"Cross River";"Nigeria";"Central Africa";116;93.44;72.0;3;"CREDIT"
47684;"2023-08-08";0;"Second Class";228;"Footwear";"Australia";"Kinshasa";"Cross River";"Democratic Republic of the Congo";"North Africa";810;20.36;50.68;1;"DEBIT"
47704;"2024-03-04";0;"First Class";5302;"Apparel";"Europe";"Casablanca";"Bayelsa";"Senegal";"Central Africa";191;58.59;66.35;2;"DEBIT"
47717;"2022-11-09";0;"Same Day";3150;"Apparel";"Africa";"Kuito";"Grand Casablanca";"Nigeria";"Central Africa";977;73.07;33.51;7;"CREDIT"
47753;"2024-05-25";0;"First Class";242;"Outdoors";"Africa";"Dakar";"Kinshasa";"Democratic Republic of the Congo";"North Africa";642;72.12;78.07;3;"CASH"
47768;"2024-01-17";1;"First Class";3518;"Apparel";"Australia";"Kinshasa";"Kinshasa";"Democratic Republic of the Congo";"North Africa";565;67.09;89.59;6;"CREDIT"
47812;"2023-01-22";1;"Second Class";341;"Outdoors";"Asia";"Ugep";"Cross River";"Morocco";"South Africa";24;60.71;54.85;7;"CASH"
47814;"2023-04-15";0;"Second Class";8541;"Golf";"Asia";"Dakar";"Grand Casablanca";"Angola";"North Africa";627;78.63;36.51;7;"CASH"
47895;"2025-02-21";1;"First Class";3814;"Golf";"Australia";"Casablanca";"Kinshasa";"Morocco";"Central Africa";282;73.42;60.69;4;"DEBIT"
47932;"2024-11-15";0;"Same Day";13080;"Golf";"Europe";"Ugep";"Bayelsa";"Democratic Republic of the Congo";"South Africa";403;30.8;10.39;3;"CREDIT"
48205;"2025-01-22";0;"First Class";8481;"Footwear";"Asia";"Kinshasa";"Cross River";"Nigeria";"South Africa";1357;88.67;23.58;4;"CASH"
48218;"2023-01-31";1;"First Class";2200;"Technology";"Australia";"Kinshasa";"Kinshasa";"Senegal";"South Africa";1360;87.13;36.27;2;"CREDIT"
48230;"2022-12-17";1;"First Class";2871;"Golf";"Australia";"Kinshasa";"Bayelsa";"Morocco";"North Africa";172;73.85;59.82;2;"DEBIT"
48460;"2022-10-26";1;"Standard Class";11254;"Footwear";"Australia";"Casablanca";"Grand Casablanca";"Morocco";"South Africa";359;89.53;21.81;4;"CREDIT"
48497;"2024-03-08";1;"Standard Class";3306;"Apparel";"Asia";"Casablanca";"Cross River";"Democratic Republic of the Congo";"Central Africa";306;77.84;41.24;7;"CREDIT"
48504;"2023-02-02";0;"Second Class";6725;"Apparel";"Africa";"Kinshasa";"Cross River";"Angola";"West Africa";905;50.16;8.52;2;"DEBIT"
48664;"2023-07-11";1;"Standard Class";7273;"Apparel";"Australia";"Kinshasa";"Cross River";"Nigeria";"North Africa";926;71.64;69.87;3;"CASH"
48665;"2023-08-03";1;"Same Day";8133;"Golf";"Australia";"Kinshasa";"Grand Casablanca";"Nigeria";"North Africa";365;60.45;69.16;5;"CREDIT"
48678;"2024-11-23";0;"Second Class";2041;"Outdoors";"Europe";"Ugep";"Kinshasa";"Democratic Republic of the Congo";"South Africa";905;90.72;11.92;8;"DEBIT"
48760;"2023-06-14";1;"Same Day";7764;"Apparel";"Europe";"Ugep";"Grand Casablanca";"Nigeria";"South Africa";1350;26.27;59.15;1;"DEBIT"
48812;"2022-09-28";1;"First Class";3296;"Outdoors";"Africa";"Ugep";"Grand Casablanca";"Democratic Republic of the Congo";"West Africa";924;85.23;75.63;9;"CASH"
48870;"2023-12-07";0;"Standard Class";12151;"Technology";"Europe";"Ugep";"Grand Casablanca";"Democratic Republic of the Congo";"Central Africa";172;10.98;62.97;6;"DEBIT"
48872;"2023-05-28";1;"Standard Class";8010;"Outdoors";"Europe";"Ugep";"Grand Casablanca";"Nigeria";"West Africa";886;16.87;78.26;1;"DEBIT"
48873;"2024-02-10";0;"Second Class";4429;"Outdoors";"Europe";"Kuito";"Grand Casablanca";"Nigeria";"Central Africa";37;97.35;85.28;1;"CASH"
48931;"2023-11-25";0;"First Class";4398;"Footwear";"Africa";"Dakar";"Cross River";"Democratic Republic of the Congo";"South Africa";926;73.22;84.98;5;"CREDIT"
48938;"2024-08-26";1;"Second Class";10811;"Technology";"Asia";"Dakar";"Dakar";"Senegal";"Central Africa";1360;55.41;42.22;4;"CREDIT"
49010;"2025-04-30";0;"First Class";295;"Technology";"Africa";"Casablanca";"Grand Casablanca";"Angola";"South Africa";364;53.27;78.22;5;"CASH"
49025;"2024-03-20";1;"First Class";3306;"Golf";"Asia";"Kuito";"Bayelsa";"Nigeria";"North Africa";825;59.99;24.5;7;"CREDIT"
49211;"2023-07-30";0;"Second Class";12052;"Footwear";"Africa";"Kinshasa";"Grand Casablanca";"Morocco";"North Africa";191;39.64;61.97;6;"CASH"
49586;"2022-09-14";0;"First Class";289;"Technology";"Asia";"Casablanca";"Dakar";"Nigeria";"North Africa";828;94.24;51.05;8;"CASH"
49745;"2024-04-28";1;"First Class";1618;"Technology";"Australia";"Kinshasa";"Kinshasa";"Angola";"South Africa";251;43.93;41.74;7;"DEBIT"
49759;"2024-03-27";0;"Second Class";6944;"Apparel";"Africa";"Ugep";"Kinshasa";"Senegal";"Central Africa";93;58.41;15.92;5;"CREDIT"
49783;"2024-10-04";1;"Second Class";11310;"Technology";"Australia";"Kuito";"Cross River";"Senegal";"North Africa";828;24.84;28.59;9;"CASH"
49792;"2024-12-10";1;"Second Class";7307;"Technology";"Africa";"Casablanca";"Cross River";"Nigeria";"North Africa";924;36.37;72.81;1;"DEBIT"
49874;"2024-03-10";1;"Second Class";9581;"Technology";"Europe";"Casablanca";"Grand Casablanca";"Senegal";"Central Africa";93;64.78;26.55;8;"CREDIT"
49970;"2022-07-21";1;"Same Day";2709;"Apparel";"Asia";"Kinshasa";"Bayelsa";"Angola";"South Africa";1360;51.29;84.38;3;"CASH"
50001;"2024-11-15";1;"Same Day";9444;"Footwear";"Australia";"Dakar";"Kinshasa";"Morocco";"South Africa";282;84.51;65.18;3;"DEBIT"
50011;"2024-02-19";0;"Standard Class";5783;"Footwear";"Asia";"Kinshasa";"Cross River";"Morocco";"West Africa";365;55.61;32.85;7;"DEBIT"
50071;"2024-12-26";0;"Standard Class";8519;"Footwear";"Europe";"Kuito";"Dakar";"Nigeria";"North Africa";797;19.59;62.01;8;"CREDIT"
50081;"2024-10-26";0;"Same Day";4269;"Outdoors";"Asia";"Casablanca";"Grand Casablanca";"Angola";"North Africa";502;38.59;32.73;4;"DEBIT"
50170;"2025-05-12";1;"First Class";9451;"Apparel";"Europe";"Kuito";"Cross River";"Morocco";"West Africa";60;31.02;23.03;2;"DEBIT"
50202;"2023-11-15";1;"Second Class";7967;"Footwear";"Africa";"Dakar";"Cross River";"Democratic Republic of the Congo";"West Africa";1352;10.28;24.55;2;"DEBIT"
50232;"2022-07-29";1;"First Class";1566;"Technology";"Australia";"Dakar";"Dakar";"Democratic Republic of the Congo";"North Africa";822;18.52;63.25;8;"CASH"
50298;"2023-11-10";0;"Same Day";7844;"Apparel";"Australia";"Casablanca";"Bayelsa";"Democratic Republic of the Congo";"North Africa";276;21.07;29.77;7;"CREDIT"
50421;"2023-10-25";0;"Standard Class";8986;"Golf";"Australia";"Casablanca";"Bayelsa";"Angola";"Central Africa";1352;79.84;79.08;1;"CREDIT"
50449;"2024-07-11";0;"First Class";10118;"Apparel";"Africa";"Casablanca";"Bayelsa";"Senegal";"West Africa";251;13.88;54.37;7;"CASH"
50466;"2023-10-01";0;"Standard Class";7272;"Apparel";"Australia";"Casablanca";"Kinshasa";"Nigeria";"South Africa";821;43.89;27.15;1;"CREDIT"
50468;"2023-04-22";0;"Second Class";8792;"Outdoors";"Asia";"Kuito";"Dakar";"Democratic Republic of the Congo";"North Africa";977;72.84;67.22;4;"CREDIT"
50672;"2025-01-29";0;"First Class";10753;"Footwear";"Asia";"Dakar";"Bayelsa";"Senegal";"Central Africa";565;60.43;70.7;6;"DEBIT"
50729;"2024-02-04";0;"First Class";19418;"Golf";"Australia";"Kuito";"Kinshasa";"Democratic Republic of the Congo";"West Africa";564;43.74;79.0;9;"CREDIT"
50773;"2022-11-11";0;"First Class";19355;"Outdoors";"Europe";"Ugep";"Cross River";"Senegal";"North Africa";926;75.19;47.59;3;"CREDIT"
50875;"2024-02-22";1;"Second Class";9353;"Footwear";"Australia";"Dakar";"Dakar";"Nigeria";"South Africa";905;96.83;5.55;3;"DEBIT"
50964;"2024-05-14";0;"First Class";633;"Apparel";"Australia";"Kinshasa";"Bayelsa";"Nigeria";"South Africa";572;25.97;85.83;1;"DEBIT"
51046;"2025-02-10";1;"First Class";7994;"Footwear";"Asia";"Ugep";"Kinshasa";"Democratic Republic of the Congo";"North Africa";885;54.73;46.39;2;"CASH"
51087;"2024-11-06";0;"Second Class";3441;"Footwear";"Europe";"Dakar";"Grand Casablanca";"Nigeria";"North Africa";821;43.74;88.04;1;"CASH"
51126;"2022-11-06";0;"Second Class";7167;"Outdoors";"Asia";"Casablanca";"Grand Casablanca";"Senegal";"Central Africa";116;26.41;61.16;3;"CASH"
51181;"2025-05-03";0;"Second Class";437;"Outdoors";"Africa";"Kuito";"Dakar";"Nigeria";"North Africa";977;28.94;39.08;4;"CREDIT"
51304;"2025-04-03";1;"Same Day";11979;"Apparel";"Asia";"Kuito";"Cross River";"Morocco";"Central Africa";886;88.67;50.1;1;"CREDIT"
51306;"2024-01-10";0;"Standard Class";6738;"Footwear";"Australia";"Kinshasa";"Kinshasa";"Senegal";"North Africa";797;34.28;77.33;2;"CREDIT"
51310;"2024-07-03";1;"Same Day";2813;"Footwear";"Europe";"Dakar";"Kinshasa";"Nigeria";"Central Africa";835;78.5;20.03;6;"DEBIT"
51599;"2024-06-26";1;"First Class";11187;"Technology";"Australia";"Kuito";"Dakar";"Morocco";"North Africa";797;42.13;44.86;1;"CREDIT"
51728;"2023-08-11";1;"Standard Class";12961;"Footwear";"Africa";"Kinshasa";"Grand Casablanca";"Angola";"South Africa";251;52.11;86.95;4;"CASH"
51754;"2024-09-13";1;"First Class";18007;"Golf";"Africa";"Ugep";"Grand Casablanca";"Senegal";"Central Africa";564;45.09;82.48;3;"CASH"
51794;"2022-10-30";1;"First Class";10428;"Outdoors";"Europe";"Casablanca";"Kinshasa";"Angola";"West Africa";116;76.34;59.58;4;"DEBIT"
51864;"2022-09-11";0;"Same Day";8741;"Apparel";"Europe";"Ugep";"Kinshasa";"Morocco";"North Africa";906;54.36;87.7;6;"CREDIT"
51886;"2023-08-24";0;"First Class";9352;"Golf";"Asia";"Kinshasa";"Dakar";"Angola";"North Africa";1352;15.92;16.62;6;"CREDIT"
51921;"2024-02-02";1;"Same Day";6492;"Golf";"Europe";"Kinshasa";"Grand Casablanca";"Nigeria";"West Africa";273;25.59;82.73;4;"DEBIT"
51986;"2022-10-18";1;"Same Day";8398;"Technology";"Africa";"Kinshasa";"Cross River";"Senegal";"Central Africa";1350;84.07;40.73;6;"CASH"
52016;"2022-06-23";0;"Standard Class";9399;"Technology";"Africa";"Ugep";"Grand Casablanca";"Morocco";"Central Africa";93;37.65;9.01;1;"CREDIT"
52081;"2022-09-05";1;"Standard Class";542;"Technology";"Europe";"Ugep";"Dakar";"Democratic Republic of the Congo";"South Africa";403;14.03;40.19;5;"DEBIT"
52139;"2023-08-25";1;"First Class";9884;"Golf";"Asia";"Dakar";"Bayelsa";"Morocco";"South Africa";810;74.14;73.19;5;"CASH"
52181;"2025-04-15";0;"Standard Class";6402;"Outdoors";"Asia";"Casablanca";"Dakar";"Senegal";"Central Africa";306;84.17;62.75;7;"DEBIT"
52206;"2024-05-01";1;"Second Class";12221;"Technology";"Africa";"Kuito";"Grand Casablanca";"Democratic Republic of the Congo";"West Africa";1349;78.79;70.87;6;"CREDIT"
52411;"2022-12-30";0;"Standard Class";6817;"Outdoors";"Australia";"Ugep";"Kinshasa";"Morocco";"North Africa";172;64.8;73.8;9;"DEBIT"
52448;"2025-04-14";1;"Second Class";8144;"Outdoors";"Europe";"Casablanca";"Grand Casablanca";"Morocco";"North Africa";804;85.11;56.03;1;"CREDIT"
52469;"2024-05-20";0;"First Class";7407;"Golf";"Africa";"Kuito";"Grand Casablanca";"Senegal";"Central Africa";1363;42.94;36.62;3;"CASH"
52532;"2023-02-27";0;"Standard Class";2291;"Footwear";"Africa";"Casablanca";"Cross River";"Democratic Republic of the Congo";"North Africa";917;64.58;44.61;2;"CASH"
52572;"2024-03-02";1;"Second Class";9402;"Apparel";"Australia";"Kinshasa";"Kinshasa";"Morocco";"West Africa";567;62.65;76.03;1;"CREDIT"
52587;"2023-04-28";0;"Standard Class";4674;"Apparel";"Africa";"Kinshasa";"Cross River";"Angola";"North Africa";37;31.64;44.5;4;"CASH"
52695;"2024-05-09";0;"Standard Class";2924;"Apparel";"Australia";"Dakar";"Grand Casablanca";"Morocco";"North Africa";134;68.72;53.66;9;"DEBIT"
52706;"2022-07-07";1;"Same Day";2728;"Outdoors";"Australia";"Dakar";"Bayelsa";"Senegal";"South Africa";642;29.26;42.64;2;"DEBIT"
52792;"2024-01-13";1;"First Class";19413;"Technology";"Australia";"Casablanca";"Bayelsa";"Nigeria";"West Africa";924;20.24;57.24;3;"DEBIT"
52813;"2024-12-05";0;"Same Day";10029;"Apparel";"Europe";"Kuito";"Cross River";"Democratic Republic of the Congo";"North Africa";897;85.35;25.14;4;"CREDIT"
52964;"2024-06-01";1;"Second Class";19360;"Technology";"Australia";"Kinshasa";"Cross River";"Nigeria";"Central Africa";905;30.89;43.51;8;"CASH"
53001;"2023-09-15";0;"Standard Class";8572;"Apparel";"Australia";"Dakar";"Dakar";"Senegal";"South Africa";564;41.91;40.91;9;"CREDIT"
53046;"2024-02-16";0;"Second Class";4399;"Apparel";"Australia";"Kuito";"Kinshasa";"Angola";"West Africa";810;63.27;43.97;5;"DEBIT"
53060;"2023-06-09";0;"First Class";223;"Technology";"Australia";"Kuito";"Dakar";"Senegal";"Central Africa";1353;53.85;19.2;8;"DEBIT"
53128;"2023-05-20";0;"First Class";19492;"Golf";"Australia";"Dakar";"Kinshasa";"Angola";"West Africa";502;16.01;27.26;3;"DEBIT"
53177;"2023-10-22";0;"First Class";3315;"Technology";"Africa";"Ugep";"Dakar";"Angola";"North Africa";1350;10.3;13.14;8;"CASH"
53246;"2023-11-14";1;"Standard Class";11229;"Technology";"Africa";"Dakar";"Dakar";"Senegal";"West Africa";897;33.39;81.47;3;"CASH"
53340;"2023-02-15";1;"First Class";19365;"Golf";"Australia";"Casablanca";"Dakar";"Senegal";"West Africa";828;50.04;7.69;8;"CASH"
53376;"2024-11-14";0;"Second Class";13024;"Footwear";"Australia";"Ugep";"Dakar";"Senegal";"South Africa";502;28.7;12.19;7;"CASH"
53419;"2024-02-09";1;"Standard Class";6944;"Technology";"Asia";"Kinshasa";"Kinshasa";"Angola";"Central Africa";135;63.68;58.64;3;"DEBIT"
53477;"2023-02-03";1;"Same Day";9154;"Golf";"Africa";"Kinshasa";"Cross River";"Angola";"Central Africa";1360;35.79;86.47;4;"CASH"
53552;"2023-05-19";1;"First Class";9451;"Golf";"Europe";"Dakar";"Bayelsa";"Nigeria";"South Africa";828;10.83;6.55;7;"CASH"
53627;"2022-07-13";1;"First Class";4104;"Technology";"Australia";"Kinshasa";"Dakar";"Senegal";"Central Africa";172;82.01;28.97;8;"DEBIT"
53655;"2024-07-05";0;"Same Day";10173;"Golf";"Africa";"Ugep";"Kinshasa";"Morocco";"West Africa";642;46.36;69.25;6;"DEBIT"
53695;"2023-10-19";0;"Second Class";5023;"Apparel";"Asia";"Kinshasa";"Bayelsa";"Democratic Republic of the Congo";"North Africa";1350;29.24;75.21;3;"CASH"
53705;"2022-11-01";1;"Same Day";7887;"Outdoors";"Australia";"Kuito";"Cross River";"Nigeria";"West Africa";172;31.32;83.9;7;"CREDIT"
53743;"2022-07-03";1;"Same Day";8456;"Footwear";"Africa";"Kuito";"Cross River";"Angola";"Central Africa";897;16.72;40.61;8;"CASH"
53801;"2024-06-09";0;"Standard Class";8480;"Footwear";"Australia";"Dakar";"Grand Casablanca";"Senegal";"North Africa";365;27.03;83.11;6;"DEBIT"
53824;"2024-02-19";1;"Standard Class";13179;"Footwear";"Asia";"Dakar";"Cross River";"Democratic Republic of the Congo";"North Africa";1353;57.94;33.58;3;"CREDIT"
53832;"2024-08-13";0;"Second Class";7537;"Footwear";"Europe";"Casablanca";"Bayelsa";"Democratic Republic of the Congo";"West Africa";564;82.19;76.86;3;"CASH"
54041;"2022-10-12";1;"Second Class";11002;"Footwear";"Africa";"Ugep";"Bayelsa";"Democratic Republic of the Congo";"North Africa";276;68.25;13.71;6;"DEBIT"
54045;"2022-11-03";0;"Standard Class";3144;"Technology";"Asia";"Kinshasa";"Kinshasa";"Angola";"North Africa";822;92.32;16.55;4;"DEBIT"
54109;"2023-05-12";1;"Same Day";8133;"Outdoors";"Asia";"Casablanca";"Grand Casablanca";"Democratic Republic of the Congo";"South Africa";278;59.7;35.99;6;"CREDIT"
54137;"2023-12-05";0;"Second Class";3972;"Footwear";"Europe";"Dakar";"Kinshasa";"Senegal";"Central Africa";957;75.12;41.35;8;"CASH"
54215;"2024-12-14";1;"Standard Class";11696;"Footwear";"Africa";"Ugep";"Cross River";"Nigeria";"North Africa";821;59.72;67.16;7;"DEBIT"
54288;"2024-08-21";0;"Second Class";8534;"Outdoors";"Africa";"Kinshasa";"Grand Casablanca";"Democratic Republic of the Congo";"South Africa";825;37.83;52.92;8;"CASH"
54293;"2024-05-23";0;"Second Class";19352;"Apparel";"Australia";"Kinshasa";"Cross River";"Morocco";"Central Africa";977;50.75;18.44;6;"CASH"
54326;"2022-08-11";1;"First Class";2260;"Golf";"Africa";"Dakar";"Kinshasa";"Democratic Republic of the Congo";"Central Africa";135;24.2;79.45;9;"CREDIT"
54425;"2023-02-20";1;"Same Day";7810;"Apparel";"Asia";"Casablanca";"Dakar";"Angola";"South Africa";567;61.37;53.95;5;"CASH"
54519;"2024-06-11";1;"Same Day";552;"Apparel";"Australia";"Casablanca";"Dakar";"Senegal";"Central Africa";276;19.47;6.75;7;"DEBIT"
54544;"2023-03-05";1;"Same Day";11065;"Technology";"Africa";"Ugep";"Kinshasa";"Angola";"North Africa";886;35.26;26.77;5;"DEBIT"
54551;"2023-11-04";0;"First Class";19471;"Technology";"Asia";"Kinshasa";"Cross River";"Nigeria";"North Africa";249;30.04;44.13;4;"DEBIT"
54588;"2022-07-30";1;"Standard Class";1243;"Outdoors";"Africa";"Dakar";"Grand Casablanca";"Angola";"Central Africa";276;33.62;48.48;7;"CASH"
54618;"2022-09-12";0;"Same Day";10018;"Technology";"Australia";"Kuito";"Kinshasa";"Angola";"Central Africa";1352;16.71;49.5;8;"CREDIT"
54634;"2023-03-25";1;"Same Day";4126;"Footwear";"Europe";"Ugep";"Dakar";"Democratic Republic of the Congo";"North Africa";893;66.3;75.64;8;"CASH"
54667;"2024-11-06";1;"Same Day";7504;"Technology";"Australia";"Casablanca";"Cross River";"Democratic Republic of the Congo";"South Africa";24;11.16;52.62;5;"CREDIT"
54708;"2022-10-02";1;"Same Day";7864;"Technology";"Europe";"Ugep";"Dakar";"Angola";"South Africa";825;16.46;60.11;6;"DEBIT"
54710;"2023-12-01";0;"Standard Class";210;"Outdoors";"Australia";"Ugep";"Dakar";"Angola";"Central Africa";1360;94.96;7.05;4;"CASH"
54866;"2025-04-30";1;"Standard Class";19374;"Golf";"Australia";"Ugep";"Dakar";"Angola";"North Africa";823;34.37;23.81;1;"CREDIT"
55137;"2025-03-20";1;"Second Class";8534;"Outdoors";"Europe";"Ugep";"Kinshasa";"Nigeria";"West Africa";24;33.02;35.75;3;"CREDIT"
55224;"2024-10-30";0;"Same Day";11782;"Outdoors";"Asia";"Kinshasa";"Kinshasa";"Morocco";"South Africa";44;67.81;16.39;6;"DEBIT"
55263;"2024-07-10";1;"Standard Class";19425;"Apparel";"Australia";"Kuito";"Cross River";"Democratic Republic of the Congo";"North Africa";917;13.84;73.35;1;"CREDIT"
55291;"2023-06-27";0;"Same Day";4830;"Outdoors";"Asia";"Ugep";"Kinshasa";"Democratic Republic of the Congo";"Central Africa";885;93.99;63.95;4;"CREDIT"
55356;"2025-06-14";0;"Second Class";10591;"Technology";"Europe";"Kuito";"Kinshasa";"Angola";"North Africa";60;35.24;44.73;8;"CASH"
55424;"2022-08-15";0;"First Class";19415;"Golf";"Europe";"Kinshasa";"Grand Casablanca";"Democratic Republic of the Congo";"Central Africa";886;41.52;51.78;7;"CREDIT"
55723;"2022-12-08";1;"Standard Class";19389;"Technology";"Asia";"Kuito";"Dakar";"Democratic Republic of the Congo";"North Africa";60;50.44;58.03;2;"DEBIT"
55882;"2023-11-19";0;"Same Day";19417;"Apparel";"Africa";"Dakar";"Grand Casablanca";"Democratic Republic of the Congo";"North Africa";885;96.2;29.02;9;"CREDIT"
55895;"2024-09-06";0;"Standard Class";5981;"Outdoors";"Europe";"Ugep";"Bayelsa";"Angola";"North Africa";135;85.39;48.31;9;"CASH"
56008;"2025-03-09";1;"First Class";11636;"Apparel";"Africa";"Casablanca";"Kinshasa";"Morocco";"North Africa";172;45.06;88.77;3;"CASH"
56012;"2024-03-17";0;"Standard Class";3207;"Golf";"Asia";"Dakar";"Kinshasa";"Nigeria";"North Africa";1351;65.46;23.05;3;"CASH"
56027;"2024-09-09";1;"Standard Class";9511;"Technology";"Asia";"Dakar";"Grand Casablanca";"Morocco";"North Africa";24;14.67;28.13;9;"CASH"
56067;"2024-02-05";0;"First Class";19387;"Outdoors";"Asia";"Dakar";"Grand Casablanca";"Democratic Republic of the Congo";"West Africa";278;95.41;15.37;1;"CREDIT"
56175;"2023-08-12";1;"Second Class";3972;"Apparel";"Europe";"Ugep";"Kinshasa";"Angola";"West Africa";273;79.39;69.74;8;"DEBIT"
56209;"2023-10-01";0;"First Class";2052;"Apparel";"Europe";"Kinshasa";"Bayelsa";"Morocco";"West Africa";835;53.82;62.04;4;"DEBIT"
56258;"2023-11-07";1;"Second Class";1555;"Footwear";"Europe";"Ugep";"Cross River";"Democratic Republic of the Congo";"North Africa";1350;75.89;72.48;5;"CREDIT"
56485;"2022-08-28";0;"Standard Class";8544;"Outdoors";"Asia";"Dakar";"Dakar";"Senegal";"South Africa";822;78.57;5.73;8;"CASH"
56539;"2025-03-06";0;"Second Class";5418;"Golf";"Africa";"Ugep";"Dakar";"Democratic Republic of the Congo";"South Africa";565;51.24;47.06;1;"CASH"
56563;"2023-12-07";1;"First Class";19386;"Technology";"Europe";"Kuito";"Bayelsa";"Angola";"South Africa";273;60.24;11.08;1;"DEBIT"
56598;"2025-03-17";0;"First Class";12151;"Footwear";"Asia";"Casablanca";"Bayelsa";"Angola";"Central Africa";885;65.32;23.08;1;"CASH"
56627;"2024-03-28";0;"Second Class";5421;"Golf";"Australia";"Dakar";"Dakar";"Democratic Republic of the Congo";"South Africa";278;25.68;29.31;9;"CASH"
56706;"2023-04-05";1;"Same Day";1180;"Golf";"Australia";"Casablanca";"Grand Casablanca";"Angola";"South Africa";249;25.16;64.68;2;"CREDIT"
56969;"2023-02-05";0;"First Class";10864;"Footwear";"Africa";"Kuito";"Bayelsa";"Democratic Republic of the Congo";"North Africa";804;14.61;54.46;1;"CASH"
56972;"2022-11-14";1;"Second Class";2571;"Outdoors";"Africa";"Dakar";"Grand Casablanca";"Senegal";"North Africa";251;83.39;36.71;8;"CASH"
57002;"2022-12-13";0;"Same Day";12363;"Golf";"Europe";"Ugep";"Kinshasa";"Democratic Republic of the Congo";"North Africa";565;81.56;60.38;9;"DEBIT"
57114;"2025-01-13";1;"Same Day";6967;"Footwear";"Europe";"Ugep";"Grand Casablanca";"Nigeria";"Central Africa";364;70.87;70.01;9;"DEBIT"
57122;"2024-07-14";0;"Second Class";467;"Outdoors";"Asia";"Ugep";"Dakar";"Morocco";"South Africa";977;59.52;83.91;2;"CASH"
57161;"2022-10-18";0;"Standard Class";7518;"Technology";"Europe";"Ugep";"Grand Casablanca";"Nigeria";"West Africa";116;30.54;53.95;8;"CREDIT"
57408;"2025-04-29";0;"Same Day";5364;"Apparel";"Africa";"Dakar";"Dakar";"Democratic Republic of the Congo";"South Africa";251;19.96;52.07;3;"CASH"
57410;"2023-09-13";0;"Second Class";1209;"Footwear";"Asia";"Ugep";"Dakar";"Senegal";"North Africa";905;34.46;61.92;7;"DEBIT"
57426;"2024-12-05";1;"First Class";3125;"Apparel";"Africa";"Casablanca";"Grand Casablanca";"Democratic Republic of the Congo";"North Africa";251;79.58;37.34;8;"CASH"
57470;"2025-03-19";0;"Second Class";2360;"Outdoors";"Asia";"Kuito";"Kinshasa";"Nigeria";"Central Africa";359;26.42;73.07;8;"CASH"
57691;"2024-10-05";0;"Same Day";2985;"Outdoors";"Europe";"Ugep";"Bayelsa";"Nigeria";"North Africa";926;37.45;43.8;4;"CASH"
57714;"2022-10-18";1;"Same Day";8677;"Footwear";"Asia";"Ugep";"Cross River";"Morocco";"South Africa";37;48.01;54.14;9;"DEBIT"
57809;"2024-03-12";1;"First Class";19383;"Outdoors";"Africa";"Dakar";"Bayelsa";"Democratic Republic of the Congo";"Central Africa";572;40.73;36.66;8;"CREDIT"
57854;"2022-12-13";1;"First Class";14645;"Technology";"Europe";"Kuito";"Bayelsa";"Senegal";"West Africa";818;89.18;71.44;3;"CREDIT"
57888;"2024-03-25";1;"Second Class";5271;"Footwear";"Asia";"Kinshasa";"Grand Casablanca";"Democratic Republic of the Congo";"South Africa";364;34.91;6.89;6;"CASH"
57978;"2024-01-25";0;"Standard Class";1171;"Footwear";"Australia";"Dakar";"Cross River";"Nigeria";"West Africa";572;60.93;34.29;5;"DEBIT"
58004;"2024-05-02";0;"Same Day";7393;"Outdoors";"Africa";"Kuito";"Dakar";"Democratic Republic of the Congo";"Central Africa";60;38.39;56.59;7;"DEBIT"
58026;"2025-01-07";0;"Second Class";2048;"Technology";"Africa";"Kuito";"Kinshasa";"Angola";"South Africa";885;30.11;41.61;8;"CASH"
58100;"2024-06-14";0;"Standard Class";2324;"Outdoors";"Asia";"Dakar";"Cross River";"Democratic Republic of the Congo";"South Africa";818;70.93;15.98;2;"DEBIT"
58137;"2023-05-15";0;"Standard Class";8024;"Apparel";"Europe";"Dakar";"Bayelsa";"Angola";"West Africa";364;91.89;69.97;6;"CASH"
58218;"2024-04-06";1;"Second Class";3624;"Outdoors";"Europe";"Ugep";"Cross River";"Nigeria";"South Africa";135;74.66;49.6;8;"CREDIT"
58224;"2024-11-05";1;"Same Day";8205;"Footwear";"Europe";"Kuito";"Kinshasa";"Senegal";"Central Africa";37;42.46;42.72;4;"DEBIT"
58245;"2023-09-29";0;"First Class";5118;"Golf";"Asia";"Kinshasa";"Bayelsa";"Senegal";"West Africa";835;38.76;78.72;5;"CREDIT"
58506;"2022-10-22";0;"Second Class";4104;"Apparel";"Europe";"Ugep";"Bayelsa";"Morocco";"West Africa";797;80.71;29.18;1;"CREDIT"
58542;"2024-02-11";0;"Standard Class";2426;"Footwear";"Australia";"Ugep";"Kinshasa";"Senegal";"Central Africa";893;10.35;43.25;5;"CREDIT"
58621;"2025-04-20";0;"Second Class";19468;"Golf";"Africa";"Kuito";"Cross River";"Nigeria";"North Africa";642;75.47;62.39;2;"DEBIT"
58687;"2025-06-08";1;"Standard Class";9909;"Apparel";"Asia";"Casablanca";"Grand Casablanca";"Angola";"South Africa";191;30.56;7.93;1;"DEBIT"
58799;"2022-12-04";0;"First Class";11412;"Technology";"Africa";"Dakar";"Bayelsa";"Angola";"South Africa";278;41.49;29.19;1;"CASH"
58812;"2023-10-28";0;"Same Day";3519;"Technology";"Europe";"Dakar";"Grand Casablanca";"Morocco";"North Africa";251;46.18;37.22;3;"CREDIT"
58826;"2022-10-09";0;"Second Class";2588;"Apparel";"Asia";"Kuito";"Dakar";"Senegal";"West Africa";825;19.85;15.47;8;"DEBIT"
58867;"2025-03-05";0;"First Class";7331;"Apparel";"Europe";"Ugep";"Kinshasa";"Democratic Republic of the Congo";"North Africa";134;60.75;44.27;9;"CASH"
58870;"2023-08-08";1;"Second Class";11337;"Apparel";"Europe";"Casablanca";"Dakar";"Democratic Republic of the Congo";"North Africa";642;65.52;47.14;7;"DEBIT"
58921;"2025-05-25";0;"Same Day";19491;"Footwear";"Australia";"Kinshasa";"Kinshasa";"Angola";"West Africa";905;32.06;22.3;8;"CREDIT"
58931;"2023-11-06";0;"First Class";9854;"Apparel";"Asia";"Dakar";"Bayelsa";"Angola";"North Africa";1357;31.0;39.6;8;"CASH"
58933;"2022-10-18";1;"Standard Class";4460;"Outdoors";"Australia";"Dakar";"Grand Casablanca";"Nigeria";"West Africa";135;12.29;77.29;2;"CASH"
59023;"2023-10-28";0;"Second Class";1240;"Apparel";"Africa";"Ugep";"Dakar";"Democratic Republic of the Congo";"Central Africa";1351;81.17;56.97;2;"CREDIT"
59054;"2023-11-05";0;"First Class";54;"Apparel";"Africa";"Ugep";"Kinshasa";"Nigeria";"Central Africa";564;43.18;18.9;9;"CREDIT"
59074;"2024-07-29";1;"First Class";8078;"Technology";"Europe";"Kuito";"Dakar";"Nigeria";"North Africa";1357;49.27;57.21;6;"DEBIT"
59101;"2024-09-23";0;"Second Class";2546;"Apparel";"Africa";"Kinshasa";"Cross River";"Democratic Republic of the Congo";"South Africa";565;35.91;81.31;9;"DEBIT"
59235;"2023-03-11";1;"Same Day";5870;"Technology";"Asia";"Casablanca";"Cross River";"Nigeria";"North Africa";172;80.35;49.05;9;"CASH"
59296;"2023-01-30";1;"First Class";8422;"Technology";"Europe";"Kuito";"Dakar";"Morocco";"Central Africa";906;96.27;88.37;3;"DEBIT"
59321;"2025-04-16";0;"First Class";10308;"Footwear";"Australia";"Ugep";"Kinshasa";"Morocco";"South Africa";134;98.66;21.88;1;"DEBIT"
59351;"2024-01-28";1;"Second Class";12216;"Outdoors";"Europe";"Ugep";"Bayelsa";"Nigeria";"West Africa";804;85.75;57.47;8;"CASH"
59374;"2024-06-23";1;"Standard Class";2233;"Footwear";"Africa";"Kinshasa";"Kinshasa";"Morocco";"West Africa";44;28.1;8.6;7;"CASH"
59412;"2025-05-13";1;"Standard Class";11412;"Footwear";"Asia";"Kuito";"Cross River";"Senegal";"North Africa";977;28.97;46.35;4;"CASH"
59477;"2024-11-06";0;"Standard Class";9484;"Outdoors";"Australia";"Dakar";"Bayelsa";"Morocco";"West Africa";897;81.51;81.27;7;"CASH"
59523;"2023-11-13";1;"First Class";4594;"Apparel";"Africa";"Ugep";"Bayelsa";"Morocco";"South Africa";835;46.01;75.77;7;"CREDIT"
59579;"2023-10-06";0;"First Class";1410;"Technology";"Asia";"Kuito";"Cross River";"Senegal";"West Africa";282;62.01;57.46;2;"DEBIT"
59613;"2023-12-10";1;"First Class";17446;"Outdoors";"Asia";"Casablanca";"Bayelsa";"Angola";"South Africa";135;21.23;80.96;7;"CREDIT"
59626;"2022-07-29";1;"Standard Class";1473;"Footwear";"Europe";"Ugep";"Cross River";"Nigeria";"West Africa";203;45.85;29.82;3;"CREDIT"
59680;"2024-08-19";1;"Second Class";7178;"Outdoors";"Australia";"Kinshasa";"Bayelsa";"Angola";"Central Africa";1363;75.92;37.87;1;"DEBIT"
59865;"2025-05-20";1;"Same Day";2773;"Technology";"Africa";"Casablanca";"Grand Casablanca";"Nigeria";"Central Africa";828;96.19;36.63;4;"DEBIT"
59916;"2025-01-26";0;"Same Day";6365;"Golf";"Australia";"Kuito";"Dakar";"Angola";"Central Africa";885;97.66;52.57;5;"CREDIT"
60035;"2024-04-02";1;"Second Class";19381;"Golf";"Asia";"Dakar";"Bayelsa";"Democratic Republic of the Congo";"North Africa";1353;20.4;52.66;8;"DEBIT"
60082;"2022-09-04";1;"Second Class";9597;"Golf";"Africa";"Kinshasa";"Dakar";"Morocco";"Central Africa";835;12.08;38.14;6;"DEBIT"
60182;"2024-12-28";0;"Same Day";2784;"Technology";"Africa";"Dakar";"Kinshasa";"Senegal";"Central Africa";835;83.6;76.86;7;"CASH"
60264;"2025-05-06";0;"Second Class";10200;"Technology";"Europe";"Dakar";"Grand Casablanca";"Democratic Republic of the Congo";"Central Africa";273;19.48;71.63;6;"DEBIT"
60276;"2022-07-05";1;"Standard Class";6370;"Apparel";"Asia";"Kuito";"Grand Casablanca";"Nigeria";"North Africa";235;11.95;50.72;8;"CASH"
60361;"2025-06-03";0;"Same Day";3056;"Technology";"Africa";"Kinshasa";"Bayelsa";"Democratic Republic of the Congo";"West Africa";885;12.74;39.2;5;"CASH"
60364;"2022-10-02";0;"Second Class";47;"Technology";"Africa";"Kinshasa";"Bayelsa";"Democratic Republic of the Congo";"North Africa";804;10.84;61.23;8;"CASH"
60395;"2024-08-22";1;"Standard Class";19486;"Golf";"Africa";"Kuito";"Dakar";"Angola";"West Africa";926;62.28;51.27;6;"DEBIT"
60402;"2023-03-18";1;"Standard Class";9432;"Outdoors";"Europe";"Ugep";"Dakar";"Democratic Republic of the Congo";"South Africa";1351;31.43;59.52;7;"DEBIT"
60540;"2023-08-24";0;"First Class";10416;"Golf";"Asia";"Kinshasa";"Cross River";"Democratic Republic of the Congo";"West Africa";822;95.11;62.04;8;"CREDIT"
60630;"2023-12-02";0;"First Class";4784;"Apparel";"Asia";"Ugep";"Dakar";"Morocco";"South Africa";1350;46.84;42.97;1;"CREDIT"
60733;"2022-08-17";1;"First Class";19434;"Footwear";"Africa";"Dakar";"Bayelsa";"Angola";"West Africa";822;96.61;31.46;4;"CASH"
60911;"2025-03-07";1;"Standard Class";19452;"Footwear";"Africa";"Ugep";"Kinshasa";"Senegal";"North Africa";364;22.71;87.87;1;"CREDIT"
60934;"2023-12-12";0;"Same Day";19473;"Technology";"Africa";"Casablanca";"Kinshasa";"Morocco";"West Africa";134;67.89;59.13;8;"DEBIT"
60991;"2023-04-29";1;"First Class";1596;"Technology";"Europe";"Kinshasa";"Grand Casablanca";"Democratic Republic of the Congo";"Central Africa";1352;88.13;38.99;1;"DEBIT"
60997;"2024-05-01";1;"Standard Class";6871;"Outdoors";"Asia";"Casablanca";"Kinshasa";"Senegal";"West Africa";893;85.77;15.49;1;"DEBIT"
61002;"2024-05-04";0;"Standard Class";10118;"Technology";"Europe";"Dakar";"Bayelsa";"Angola";"North Africa";282;26.11;40.67;9;"DEBIT"
61073;"2024-08-19";1;"Standard Class";724;"Footwear";"Africa";"Casablanca";"Dakar";"Morocco";"South Africa";60;28.39;73.85;9;"DEBIT"
61415;"2023-02-09";1;"Second Class";12279;"Golf";"Europe";"Ugep";"Grand Casablanca";"Morocco";"Central Africa";926;35.03;11.69;7;"CREDIT"
61436;"2023-05-08";0;"First Class";1788;"Footwear";"Africa";"Kinshasa";"Grand Casablanca";"Morocco";"West Africa";249;81.06;73.65;7;"CASH"
61603;"2023-04-22";0;"Second Class";10474;"Golf";"Australia";"Dakar";"Kinshasa";"Angola";"Central Africa";60;43.31;78.17;3;"CREDIT"
61667;"2023-04-02";0;"Standard Class";2792;"Apparel";"Europe";"Kinshasa";"Grand Casablanca";"Angola";"South Africa";306;31.84;53.29;5;"CASH"
61736;"2025-03-01";1;"Same Day";2502;"Apparel";"Australia";"Kinshasa";"Grand Casablanca";"Morocco";"South Africa";828;97.04;34.94;7;"DEBIT"
61753;"2024-12-13";0;"First Class";1169;"Footwear";"Australia";"Kuito";"Kinshasa";"Nigeria";"North Africa";1351;47.77;24.92;2;"CREDIT"
61820;"2024-04-03";1;"Standard Class";19404;"Technology";"Asia";"Dakar";"Cross River";"Senegal";"South Africa";897;53.4;62.24;2;"CASH"
62105;"2024-04-27";1;"Same Day";10610;"Footwear";"Australia";"Ugep";"Cross River";"Angola";"Central Africa";642;72.47;71.72;9;"DEBIT"
62112;"2024-08-03";0;"First Class";3752;"Technology";"Asia";"Kinshasa";"Cross River";"Morocco";"South Africa";917;57.11;40.5;2;"CASH"
62136;"2023-10-14";1;"Standard Class";19448;"Footwear";"Africa";"Dakar";"Cross River";"Democratic Republic of the Congo";"West Africa";251;94.0;59.7;6;"CREDIT"
62177;"2024-06-07";1;"Same Day";716;"Golf";"Africa";"Casablanca";"Kinshasa";"Nigeria";"South Africa";926;75.22;88.71;7;"DEBIT"
62228;"2022-10-20";0;"Same Day";6757;"Footwear";"Australia";"Ugep";"Dakar";"Senegal";"Central Africa";365;96.4;86.69;9;"CREDIT"
62248;"2023-07-29";1;"Standard Class";11782;"Footwear";"Asia";"Kinshasa";"Kinshasa";"Democratic Republic of the Congo";"Central Africa";823;58.21;35.76;7;"CREDIT"
62273;"2024-04-20";1;"Standard Class";482;"Outdoors";"Australia";"Kinshasa";"Kinshasa";"Democratic Republic of the Congo";"South Africa";804;78.59;7.15;5;"CREDIT"
62302;"2025-02-13";1;"Same Day";1263;"Footwear";"Australia";"Dakar";"Cross River";"Angola";"West Africa";1353;16.36;18.28;5;"DEBIT"
62341;"2025-06-10";1;"Second Class";7967;"Outdoors";"Africa";"Ugep";"Cross River";"Angola";"North Africa";906;88.81;74.9;4;"CASH"
62459;"2024-08-30";1;"Standard Class";9164;"Footwear";"Asia";"Kuito";"Grand Casablanca";"Senegal";"South Africa";135;69.55;50.62;4;"CASH"
62486;"2024-12-06";0;"Standard Class";6489;"Golf";"Australia";"Kuito";"Bayelsa";"Democratic Republic of the Congo";"West Africa";135;50.78;43.2;9;"CASH"
62877;"2025-03-16";0;"Same Day";7783;"Apparel";"Asia";"Kuito";"Kinshasa";"Morocco";"North Africa";957;87.85;80.34;8;"CASH"
62886;"2024-11-30";0;"Standard Class";10588;"Apparel";"Asia";"Kinshasa";"Grand Casablanca";"Nigeria";"South Africa";273;97.27;87.92;3;"DEBIT"
62911;"2023-07-13";1;"Standard Class";3421;"Golf";"Australia";"Kuito";"Bayelsa";"Senegal";"West Africa";572;19.46;41.21;9;"CASH"
62939;"2024-01-26";1;"Same Day";19488;"Outdoors";"Australia";"Dakar";"Dakar";"Senegal";"West Africa";906;40.69;86.44;2;"CREDIT"
62985;"2022-12-12";1;"First Class";8544;"Outdoors";"Asia";"Casablanca";"Kinshasa";"Angola";"South Africa";249;97.34;87.96;5;"CREDIT"
62986;"2025-06-09";1;"Same Day";387;"Golf";"Asia";"Kinshasa";"Kinshasa";"Democratic Republic of the Congo";"North Africa";249;32.41;7.25;3;"CASH"
63002;"2024-07-06";0;"Same Day";4296;"Apparel";"Australia";"Dakar";"Cross River";"Senegal";"North Africa";823;24.42;7.7;2;"DEBIT"
63112;"2023-10-01";1;"First Class";9112;"Outdoors";"Asia";"Dakar";"Dakar";"Democratic Republic of the Congo";"North Africa";359;94.1;61.79;7;"CASH"
63117;"2022-10-08";0;"First Class";5418;"Outdoors";"Africa";"Ugep";"Kinshasa";"Democratic Republic of the Congo";"North Africa";1357;22.3;52.52;2;"CREDIT"
63194;"2022-09-23";1;"First Class";5097;"Technology";"Asia";"Dakar";"Cross River";"Senegal";"North Africa";1360;83.77;81.21;4;"DEBIT"
63236;"2022-08-01";0;"Standard Class";2240;"Golf";"Europe";"Kinshasa";"Dakar";"Morocco";"West Africa";821;65.31;81.21;6;"CASH"
63351;"2024-01-18";0;"Second Class";19380;"Apparel";"Europe";"Casablanca";"Grand Casablanca";"Democratic Republic of the Congo";"South Africa";364;69.53;41.86;1;"CASH"
63521;"2023-07-21";0;"Same Day";487;"Footwear";"Asia";"Casablanca";"Dakar";"Nigeria";"North Africa";957;93.18;50.73;3;"CREDIT"
63600;"2024-08-18";1;"First Class";11307;"Footwear";"Asia";"Kinshasa";"Dakar";"Angola";"West Africa";906;26.95;49.31;5;"CREDIT"
63649;"2025-06-08";0;"Same Day";2091;"Outdoors";"Asia";"Casablanca";"Dakar";"Morocco";"South Africa";1351;15.66;37.84;2;"CASH"
63731;"2023-06-05";0;"Same Day";1868;"Outdoors";"Asia";"Casablanca";"Cross River";"Angola";"North Africa";567;44.27;25.07;9;"CASH"
63790;"2025-01-16";0;"Second Class";3474;"Outdoors";"Asia";"Ugep";"Cross River";"Morocco";"West Africa";564;13.08;73.4;4;"CASH"
63808;"2024-07-14";0;"Second Class";19447;"Outdoors";"Asia";"Ugep";"Dakar";"Nigeria";"West Africa";822;80.13;7.19;4;"CASH"
63848;"2024-10-31";1;"First Class";6280;"Footwear";"Africa";"Dakar";"Cross River";"Angola";"West Africa";359;74.67;55.36;3;"CASH"
63921;"2023-06-30";0;"Standard Class";6473;"Outdoors";"Australia";"Kinshasa";"Cross River";"Democratic Republic of the Congo";"South Africa";906;95.18;79.06;5;"DEBIT"
64059;"2022-09-05";0;"First Class";19423;"Footwear";"Africa";"Ugep";"Bayelsa";"Angola";"Central Africa";403;20.4;67.95;3;"CREDIT"
64071;"2023-06-23";1;"Same Day";4799;"Golf";"Europe";"Casablanca";"Cross River";"Angola";"West Africa";823;57.58;13.83;7;"CASH"
64250;"2025-01-24";0;"Same Day";10226;"Outdoors";"Africa";"Dakar";"Kinshasa";"Democratic Republic of the Congo";"North Africa";810;79.48;15.84;4;"CASH"
64294;"2024-01-12";0;"Same Day";4280;"Outdoors";"Australia";"Kinshasa";"Kinshasa";"Democratic Republic of the Congo";"North Africa";818;53.78;26.22;3;"CASH"
64370;"2025-03-25";1;"Second Class";10860;"Technology";"Australia";"Casablanca";"Kinshasa";"Senegal";"West Africa";251;91.56;27.13;2;"CREDIT"
64489;"2024-04-18";1;"Standard Class";12431;"Outdoors";"Australia";"Kuito";"Grand Casablanca";"Angola";"North Africa";306;45.33;75.55;4;"DEBIT"
64505;"2023-10-22";0;"Same Day";19430;"Technology";"Africa";"Kuito";"Cross River";"Senegal";"South Africa";1357;68.64;45.3;2;"CREDIT"
64522;"2024-03-26";0;"Standard Class";40;"Footwear";"Asia";"Kinshasa";"Cross River";"Nigeria";"West Africa";235;17.98;60.06;3;"DEBIT"
64557;"2023-02-28";1;"Standard Class";9466;"Outdoors";"Australia";"Dakar";"Cross River";"Morocco";"South Africa";282;96.96;51.97;9;"DEBIT"
64566;"2024-04-09";1;"Standard Class";5884;"Outdoors";"Africa";"Kuito";"Kinshasa";"Morocco";"Central Africa";810;72.76;33.75;1;"CREDIT"
64657;"2022-11-27";1;"Same Day";4232;"Technology";"Europe";"Ugep";"Bayelsa";"Nigeria";"North Africa";172;82.5;59.28;4;"CREDIT"
64811;"2023-04-13";0;"Same Day";5339;"Footwear";"Africa";"Casablanca";"Kinshasa";"Democratic Republic of the Congo";"West Africa";273;78.31;80.34;1;"CASH"
64835;"2022-10-18";1;"Standard Class";19464;"Golf";"Africa";"Casablanca";"Grand Casablanca";"Senegal";"West Africa";1352;53.03;38.44;8;"CREDIT"
64847;"2024-08-30";0;"Same Day";7454;"Apparel";"Asia";"Dakar";"Cross River";"Angola";"North Africa";1353;77.93;21.3;4;"CASH"
64901;"2024-03-23";0;"Same Day";2368;"Footwear";"Africa";"Ugep";"Bayelsa";"Morocco";"South Africa";821;66.31;37.77;8;"DEBIT"
65057;"2023-09-14";0;"Standard Class";11999;"Apparel";"Europe";"Dakar";"Grand Casablanca";"Senegal";"South Africa";822;23.06;64.17;3;"CASH"
65096;"2024-02-03";0;"First Class";7466;"Outdoors";"Australia";"Dakar";"Dakar";"Morocco";"South Africa";893;35.73;51.34;6;"CASH"
65198;"2022-12-22";0;"Same Day";1962;"Apparel";"Asia";"Ugep";"Bayelsa";"Senegal";"West Africa";828;17.28;70.77;9;"DEBIT"
65216;"2023-09-05";0;"First Class";6268;"Golf";"Asia";"Ugep";"Grand Casablanca";"Morocco";"South Africa";60;16.16;39.77;9;"DEBIT"
65221;"2023-03-11";0;"First Class";19428;"Outdoors";"Australia";"Kuito";"Dakar";"Nigeria";"South Africa";797;48.98;83.69;6;"CREDIT"
65251;"2023-03-03";1;"Same Day";12255;"Technology";"Australia";"Ugep";"Bayelsa";"Nigeria";"North Africa";306;21.38;75.64;5;"DEBIT"
65263;"2024-04-28";0;"Second Class";1577;"Golf";"Asia";"Ugep";"Dakar";"Angola";"South Africa";1350;30.96;40.28;1;"DEBIT"
65288;"2023-01-29";0;"First Class";248;"Footwear";"Europe";"Dakar";"Bayelsa";"Senegal";"Central Africa";627;27.45;37.41;8;"CASH"
65307;"2022-08-05";1;"Same Day";12119;"Outdoors";"Africa";"Kinshasa";"Grand Casablanca";"Morocco";"Central Africa";191;58.94;52.67;5;"CASH"
65372;"2023-08-27";1;"First Class";6310;"Technology";"Europe";"Kuito";"Kinshasa";"Nigeria";"Central Africa";203;61.88;10.21;5;"CREDIT"
65552;"2022-08-21";0;"Second Class";4276;"Apparel";"Africa";"Kuito";"Cross River";"Angola";"West Africa";565;34.55;12.23;3;"CREDIT"
65764;"2023-06-24";0;"Same Day";7687;"Apparel";"Australia";"Ugep";"Cross River";"Nigeria";"North Africa";273;47.23;48.25;9;"CASH"
65784;"2025-04-09";1;"Second Class";3687;"Technology";"Africa";"Casablanca";"Dakar";"Senegal";"Central Africa";797;36.14;80.44;3;"CASH"
65868;"2024-05-10";0;"First Class";7532;"Apparel";"Africa";"Casablanca";"Grand Casablanca";"Democratic Republic of the Congo";"Central Africa";905;75.07;33.27;9;"DEBIT"
65897;"2024-07-19";1;"First Class";10927;"Technology";"Asia";"Casablanca";"Bayelsa";"Democratic Republic of the Congo";"South Africa";273;44.76;85.59;2;"CREDIT"
65909;"2023-04-02";0;"Second Class";3815;"Golf";"Europe";"Casablanca";"Bayelsa";"Senegal";"South Africa";835;36.57;26.34;3;"DEBIT"
66042;"2023-06-22";1;"Second Class";9554;"Outdoors";"Australia";"Dakar";"Grand Casablanca";"Democratic Republic of the Congo";"North Africa";818;65.33;12.75;8;"CASH"
66235;"2022-12-31";1;"Standard Class";10245;"Outdoors";"Europe";"Dakar";"Dakar";"Angola";"West Africa";835;52.1;37.13;1;"CASH"
66294;"2023-04-14";1;"Same Day";10031;"Golf";"Africa";"Ugep";"Bayelsa";"Nigeria";"West Africa";835;71.18;49.76;4;"CREDIT"
66356;"2023-11-25";1;"First Class";19375;"Apparel";"Asia";"Kinshasa";"Cross River";"Democratic Republic of the Congo";"South Africa";822;51.07;29.79;6;"CASH"
66518;"2023-03-28";0;"Standard Class";2916;"Footwear";"Europe";"Ugep";"Kinshasa";"Nigeria";"South Africa";359;93.44;60.13;3;"DEBIT"
66578;"2022-12-12";0;"Standard Class";5687;"Technology";"Asia";"Dakar";"Kinshasa";"Democratic Republic of the Congo";"West Africa";924;64.52;35.27;6;"CREDIT"
66592;"2025-04-19";1;"Standard Class";3754;"Golf";"Australia";"Kuito";"Kinshasa";"Morocco";"Central Africa";905;98.18;12.81;4;"DEBIT"
66624;"2024-07-01";1;"Second Class";8498;"Golf";"Africa";"Kinshasa";"Grand Casablanca";"Nigeria";"Central Africa";565;94.64;53.05;8;"CASH"
66680;"2024-09-15";0;"First Class";10173;"Apparel";"Australia";"Casablanca";"Kinshasa";"Nigeria";"West Africa";502;43.5;15.05;2;"CASH"
66691;"2025-01-26";0;"First Class";7795;"Golf";"Australia";"Kuito";"Dakar";"Senegal";"South Africa";172;28.35;17.49;1;"CASH"
66695;"2023-11-20";0;"Second Class";7330;"Footwear";"Europe";"Kinshasa";"Grand Casablanca";"Morocco";"West Africa";642;83.67;31.52;8;"CASH"
66802;"2022-07-07";1;"Standard Class";4768;"Outdoors";"Australia";"Dakar";"Cross River";"Nigeria";"West Africa";828;37.67;89.7;8;"DEBIT"
66869;"2025-03-24";1;"Same Day";8004;"Outdoors";"Asia";"Kuito";"Cross River";"Democratic Republic of the Congo";"North Africa";818;64.16;5.95;4;"CASH"
66880;"2025-05-08";0;"Same Day";7810;"Golf";"Australia";"Kinshasa";"Kinshasa";"Nigeria";"North Africa";191;49.78;65.03;2;"DEBIT"
66912;"2022-11-23";1;"Standard Class";11797;"Golf";"Europe";"Dakar";"Kinshasa";"Democratic Republic of the Congo";"North Africa";906;31.54;14.41;5;"DEBIT"
66925;"2022-09-17";1;"Standard Class";11791;"Apparel";"Australia";"Kinshasa";"Dakar";"Democratic Republic of the Congo";"South Africa";134;28.87;18.82;2;"CASH"
67069;"2024-12-17";1;"Second Class";4830;"Technology";"Europe";"Kuito";"Grand Casablanca";"Senegal";"Central Africa";203;36.53;58.77;7;"CASH"
67137;"2023-09-13";1;"Second Class";9272;"Outdoors";"Africa";"Ugep";"Kinshasa";"Senegal";"Central Africa";957;73.5;45.74;6;"CREDIT"
67294;"2022-11-11";0;"Standard Class";9511;"Technology";"Asia";"Ugep";"Kinshasa";"Senegal";"North Africa";403;38.54;59.38;8;"CREDIT"
67322;"2024-03-12";1;"Second Class";10563;"Footwear";"Europe";"Dakar";"Grand Casablanca";"Democratic Republic of the Congo";"West Africa";359;17.77;13.1;4;"DEBIT"
67324;"2022-07-12";0;"Second Class";11426;"Golf";"Africa";"Casablanca";"Grand Casablanca";"Morocco";"West Africa";24;79.76;7.23;9;"CREDIT"
67386;"2023-12-07";1;"Same Day";13363;"Outdoors";"Asia";"Dakar";"Kinshasa";"Angola";"Central Africa";273;51.74;9.56;7;"CREDIT"
67396;"2024-08-22";1;"Standard Class";11273;"Technology";"Asia";"Casablanca";"Grand Casablanca";"Nigeria";"West Africa";567;65.18;41.14;7;"CREDIT"
67518;"2025-03-08";0;"First Class";14824;"Footwear";"Africa";"Dakar";"Cross River";"Nigeria";"Central Africa";905;65.81;32.75;7;"CASH"
67538;"2025-01-10";0;"Same Day";10081;"Golf";"Australia";"Kinshasa";"Kinshasa";"Angola";"North Africa";627;95.93;11.47;6;"DEBIT"
67551;"2024-06-19";1;"First Class";3570;"Outdoors";"Europe";"Dakar";"Bayelsa";"Morocco";"Central Africa";804;29.53;80.3;6;"CREDIT"
67690;"2022-12-17";1;"Same Day";7521;"Apparel";"Africa";"Ugep";"Kinshasa";"Democratic Republic of the Congo";"South Africa";249;92.74;60.31;4;"CREDIT"
67815;"2023-10-11";0;"Second Class";9037;"Golf";"Europe";"Kinshasa";"Dakar";"Morocco";"Central Africa";403;53.58;80.1;3;"CASH"
67877;"2025-05-23";1;"Second Class";394;"Technology";"Asia";"Kinshasa";"Cross River";"Democratic Republic of the Congo";"Central Africa";926;86.71;45.32;4;"DEBIT"
67922;"2024-10-09";1;"Same Day";7635;"Apparel";"Asia";"Dakar";"Kinshasa";"Angola";"Central Africa";572;18.47;58.83;7;"DEBIT"
67976;"2023-10-15";1;"Second Class";11793;"Golf";"Australia";"Dakar";"Bayelsa";"Nigeria";"North Africa";886;98.56;14.2;5;"CASH"
67982;"2022-12-19";1;"Same Day";4045;"Outdoors";"Asia";"Dakar";"Dakar";"Democratic Republic of the Congo";"West Africa";278;74.74;83.97;2;"DEBIT"
68017;"2023-04-17";1;"Same Day";2131;"Technology";"Europe";"Kinshasa";"Dakar";"Angola";"South Africa";1360;72.52;48.65;2;"CASH"
68079;"2024-06-14";1;"Same Day";11551;"Footwear";"Africa";"Dakar";"Kinshasa";"Angola";"South Africa";282;12.34;16.93;9;"DEBIT"
68124;"2023-06-13";0;"Same Day";9248;"Footwear";"Australia";"Kuito";"Cross River";"Senegal";"North Africa";1357;68.88;80.83;7;"CREDIT"
68208;"2023-09-20";1;"Standard Class";125;"Apparel";"Africa";"Ugep";"Dakar";"Democratic Republic of the Congo";"South Africa";282;75.96;51.93;6;"DEBIT"
68379;"2024-03-28";1;"Second Class";6122;"Technology";"Europe";"Ugep";"Cross River";"Morocco";"West Africa";1351;91.01;78.71;4;"CREDIT"
68438;"2023-01-09";1;"Second Class";2686;"Golf";"Africa";"Kuito";"Dakar";"Democratic Republic of the Congo";"South Africa";565;72.22;13.26;1;"CREDIT"
68596;"2024-01-12";0;"Standard Class";4741;"Outdoors";"Australia";"Ugep";"Grand Casablanca";"Democratic Republic of the Congo";"South Africa";1363;56.57;20.96;6;"DEBIT"
68604;"2025-04-27";1;"Same Day";20655;"Golf";"Europe";"Kuito";"Cross River";"Morocco";"Central Africa";1352;95.69;83.88;8;"DEBIT"
68666;"2022-07-05";0;"Second Class";6491;"Apparel";"Europe";"Dakar";"Dakar";"Senegal";"North Africa";282;16.34;49.22;1;"CREDIT"
68698;"2023-05-06";1;"Standard Class";10614;"Golf";"Europe";"Casablanca";"Dakar";"Angola";"Central Africa";273;70.44;18.92;8;"DEBIT"
68705;"2022-08-11";1;"First Class";8806;"Technology";"Asia";"Ugep";"Grand Casablanca";"Nigeria";"Central Africa";60;71.29;65.78;3;"CREDIT"
68719;"2023-10-12";1;"Same Day";2464;"Footwear";"Australia";"Ugep";"Kinshasa";"Senegal";"South Africa";251;76.39;27.31;6;"CREDIT"
68903;"2025-04-24";1;"Same Day";3940;"Footwear";"Australia";"Ugep";"Cross River";"Nigeria";"South Africa";24;47.14;6.37;9;"CASH"
68990;"2024-04-20";1;"Same Day";19396;"Apparel";"Asia";"Casablanca";"Kinshasa";"Senegal";"Central Africa";642;18.01;53.8;2;"CASH"
69282;"2023-02-17";0;"Same Day";4611;"Technology";"Africa";"Casablanca";"Dakar";"Democratic Republic of the Congo";"South Africa";502;76.51;5.11;4;"CREDIT"
69393;"2024-03-11";0;"Second Class";10066;"Footwear";"Asia";"Ugep";"Grand Casablanca";"Senegal";"South Africa";564;77.81;55.24;9;"DEBIT"
69426;"2024-05-07";0;"Standard Class";650;"Technology";"Europe";"Kinshasa";"Grand Casablanca";"Morocco";"West Africa";502;84.14;25.48;1;"DEBIT"
69499;"2023-07-24";0;"Same Day";8551;"Outdoors";"Europe";"Kinshasa";"Grand Casablanca";"Morocco";"West Africa";917;71.94;46.18;5;"CREDIT"
69622;"2022-09-05";0;"Same Day";19445;"Outdoors";"Africa";"Kuito";"Bayelsa";"Morocco";"West Africa";273;68.81;64.89;9;"CASH"
69657;"2023-03-21";1;"Same Day";8051;"Outdoors";"Africa";"Kuito";"Grand Casablanca";"Senegal";"South Africa";917;35.96;68.88;3;"DEBIT"
69781;"2023-02-11";0;"Standard Class";13163;"Apparel";"Australia";"Ugep";"Dakar";"Nigeria";"Central Africa";835;42.67;65.64;7;"DEBIT"
69786;"2023-06-15";1;"First Class";6073;"Outdoors";"Europe";"Kuito";"Cross River";"Angola";"West Africa";1353;88.15;76.69;6;"CREDIT"
69869;"2023-12-10";1;"Standard Class";717;"Outdoors";"Australia";"Ugep";"Cross River";"Angola";"West Africa";365;63.84;54.57;1;"CREDIT"
69933;"2024-07-15";0;"Second Class";4391;"Apparel";"Europe";"Ugep";"Grand Casablanca";"Senegal";"Central Africa";804;66.1;62.65;5;"CREDIT"
69960;"2025-05-29";1;"First Class";6352;"Apparel";"Europe";"Casablanca";"Kinshasa";"Nigeria";"South Africa";235;43.33;22.1;1;"CASH"
69980;"2022-09-29";1;"Same Day";2052;"Technology";"Australia";"Kinshasa";"Dakar";"Democratic Republic of the Congo";"North Africa";276;39.4;50.71;7;"CREDIT"
70001;"2024-11-01";1;"Second Class";19442;"Apparel";"Africa";"Kuito";"Kinshasa";"Nigeria";"West Africa";572;84.04;53.4;3;"CASH"
70074;"2022-07-19";0;"First Class";5224;"Footwear";"Asia";"Casablanca";"Bayelsa";"Senegal";"West Africa";810;84.08;80.5;2;"CASH"
70131;"2024-12-13";0;"Second Class";5007;"Golf";"Asia";"Ugep";"Cross River";"Nigeria";"Central Africa";1363;68.94;21.43;3;"CASH"
70324;"2022-12-08";1;"First Class";4477;"Golf";"Africa";"Dakar";"Grand Casablanca";"Democratic Republic of the Congo";"North Africa";821;52.52;9.55;9;"CASH"
70480;"2024-06-14";0;"Standard Class";1459;"Golf";"Africa";"Kinshasa";"Dakar";"Democratic Republic of the Congo";"South Africa";818;80.13;28.49;4;"DEBIT"
70567;"2024-08-27";1;"Same Day";9432;"Outdoors";"Africa";"Ugep";"Cross River";"Morocco";"Central Africa";917;52.03;49.75;5;"CREDIT"
70570;"2025-03-01";0;"Standard Class";7060;"Apparel";"Europe";"Ugep";"Cross River";"Angola";"West Africa";1349;37.41;84.47;8;"CASH"
70571;"2022-12-31";1;"Second Class";19384;"Golf";"Africa";"Kuito";"Bayelsa";"Angola";"North Africa";276;34.54;25.26;3;"CASH"
70602;"2025-01-03";0;"First Class";19441;"Outdoors";"Africa";"Kinshasa";"Kinshasa";"Morocco";"Central Africa";203;84.74;17.3;9;"CREDIT"
70725;"2025-03-14";0;"First Class";9083;"Outdoors";"Europe";"Dakar";"Cross River";"Senegal";"South Africa";1360;80.43;65.2;8;"DEBIT"
70739;"2023-01-10";1;"Second Class";10518;"Golf";"Australia";"Dakar";"Grand Casablanca";"Morocco";"North Africa";37;31.23;25.33;3;"CREDIT"
70756;"2023-12-16";1;"Second Class";10948;"Technology";"Europe";"Kinshasa";"Grand Casablanca";"Morocco";"North Africa";365;36.46;72.62;5;"CREDIT"
70818;"2022-09-02";0;"Standard Class";6517;"Apparel";"Europe";"Ugep";"Kinshasa";"Senegal";"Central Africa";364;18.33;80.54;4;"CASH"
70821;"2023-09-05";1;"First Class";3099;"Golf";"Africa";"Dakar";"Cross River";"Angola";"North Africa";502;29.79;46.46;8;"CASH"
70869;"2023-10-22";1;"Standard Class";3283;"Golf";"Australia";"Ugep";"Cross River";"Angola";"Central Africa";893;67.14;35.07;9;"CREDIT"
70975;"2024-11-05";1;"Second Class";6950;"Technology";"Europe";"Kuito";"Grand Casablanca";"Nigeria";"North Africa";572;78.27;72.08;4;"DEBIT"
71013;"2024-01-01";1;"First Class";7113;"Apparel";"Australia";"Casablanca";"Dakar";"Senegal";"North Africa";1350;27.35;73.76;4;"CREDIT"
71070;"2022-12-12";1;"Second Class";3546;"Apparel";"Africa";"Casablanca";"Grand Casablanca";"Morocco";"West Africa";282;23.36;74.12;6;"CASH"
71072;"2025-06-04";1;"First Class";11753;"Apparel";"Europe";"Kinshasa";"Grand Casablanca";"Morocco";"South Africa";116;15.24;59.82;6;"CASH"
71176;"2023-02-12";1;"Second Class";5270;"Golf";"Europe";"Dakar";"Bayelsa";"Senegal";"South Africa";897;49.02;18.04;8;"DEBIT"
71181;"2024-10-16";1;"First Class";7141;"Golf";"Europe";"Kuito";"Bayelsa";"Nigeria";"Central Africa";135;36.39;50.49;7;"CREDIT"
71190;"2022-11-29";0;"First Class";7112;"Footwear";"Africa";"Kinshasa";"Cross River";"Angola";"North Africa";278;75.72;81.0;7;"CASH"
71217;"2022-09-08";0;"Second Class";11947;"Footwear";"Asia";"Kuito";"Cross River";"Nigeria";"North Africa";897;33.54;73.29;4;"DEBIT"
71317;"2024-07-11";1;"Same Day";1169;"Footwear";"Africa";"Ugep";"Kinshasa";"Angola";"North Africa";926;83.7;80.84;2;"CREDIT"
71322;"2024-09-13";1;"Same Day";19451;"Technology";"Africa";"Ugep";"Grand Casablanca";"Democratic Republic of the Congo";"South Africa";1350;77.97;5.23;1;"CREDIT"
71429;"2025-05-22";1;"Standard Class";10291;"Technology";"Australia";"Ugep";"Grand Casablanca";"Democratic Republic of the Congo";"West Africa";897;96.44;88.88;2;"DEBIT"
71445;"2024-07-12";1;"Second Class";3064;"Apparel";"Australia";"Dakar";"Cross River";"Morocco";"Central Africa";278;20.1;63.37;5;"CREDIT"
71510;"2025-02-27";1;"Second Class";1025;"Technology";"Australia";"Ugep";"Bayelsa";"Senegal";"South Africa";822;92.81;64.28;2;"DEBIT"
71561;"2022-07-31";1;"Same Day";19454;"Apparel";"Australia";"Casablanca";"Dakar";"Morocco";"North Africa";203;37.15;28.03;3;"CREDIT"
71600;"2022-10-15";0;"Same Day";2538;"Outdoors";"Australia";"Kuito";"Dakar";"Angola";"Central Africa";116;57.47;61.05;8;"DEBIT"
71615;"2023-11-15";1;"Second Class";8608;"Outdoors";"Europe";"Ugep";"Kinshasa";"Angola";"Central Africa";278;88.69;38.83;9;"CREDIT"
71640;"2022-08-05";0;"Second Class";9419;"Technology";"Africa";"Dakar";"Dakar";"Democratic Republic of the Congo";"North Africa";249;73.0;63.06;3;"CASH"
71665;"2024-01-16";0;"Same Day";19371;"Technology";"Africa";"Dakar";"Bayelsa";"Democratic Republic of the Congo";"South Africa";1357;77.26;52.24;1;"CREDIT"
71783;"2024-02-01";1;"Standard Class";11198;"Golf";"Europe";"Ugep";"Dakar";"Senegal";"South Africa";1357;83.26;51.49;8;"CREDIT"
71887;"2023-02-20";0;"Standard Class";19414;"Golf";"Asia";"Casablanca";"Cross River";"Nigeria";"West Africa";926;69.92;73.43;7;"CASH"
71899;"2023-03-18";1;"Second Class";7603;"Apparel";"Europe";"Kinshasa";"Kinshasa";"Senegal";"North Africa";251;17.46;84.27;5;"DEBIT"
71920;"2024-09-26";1;"Second Class";19470;"Technology";"Europe";"Dakar";"Bayelsa";"Angola";"South Africa";44;64.03;84.71;4;"DEBIT"
71951;"2025-01-18";0;"Standard Class";13461;"Golf";"Europe";"Casablanca";"Dakar";"Morocco";"South Africa";1357;20.95;50.3;9;"CASH"
72118;"2024-10-04";0;"First Class";9326;"Apparel";"Australia";"Casablanca";"Cross River";"Angola";"West Africa";116;65.2;5.57;9;"CREDIT"
72386;"2024-01-23";1;"Second Class";1086;"Footwear";"Australia";"Kuito";"Cross River";"Morocco";"West Africa";273;54.33;11.09;1;"CASH"
72408;"2023-03-25";1;"Same Day";4279;"Footwear";"Asia";"Casablanca";"Cross River";"Senegal";"North Africa";37;47.19;61.93;7;"CASH"
72466;"2023-06-06";1;"Same Day";10659;"Golf";"Africa";"Kuito";"Grand Casablanca";"Democratic Republic of the Congo";"Central Africa";1353;18.09;79.02;4;"DEBIT"
72475;"2025-04-21";0;"Second Class";9429;"Apparel";"Africa";"Casablanca";"Grand Casablanca";"Nigeria";"North Africa";825;93.72;81.39;3;"DEBIT"
72713;"2024-10-29";0;"Second Class";4391;"Outdoors";"Asia";"Kinshasa";"Grand Casablanca";"Nigeria";"South Africa";1360;60.15;14.74;5;"DEBIT"
72838;"2023-10-21";1;"Standard Class";5854;"Golf";"Australia";"Ugep";"Kinshasa";"Senegal";"South Africa";957;73.27;11.49;3;"DEBIT"
72916;"2025-02-06";0;"First Class";19440;"Golf";"Africa";"Ugep";"Grand Casablanca";"Morocco";"South Africa";1353;59.04;60.39;8;"CASH"
72943;"2023-12-02";0;"Second Class";1535;"Footwear";"Asia";"Kinshasa";"Bayelsa";"Nigeria";"North Africa";627;29.06;63.86;5;"CREDIT"
72962;"2024-10-06";1;"Standard Class";6199;"Outdoors";"Africa";"Casablanca";"Grand Casablanca";"Morocco";"North Africa";235;55.61;53.61;5;"CREDIT"
73008;"2023-12-21";1;"Same Day";4248;"Apparel";"Africa";"Ugep";"Grand Casablanca";"Morocco";"South Africa";885;19.22;81.48;6;"CASH"
73042;"2025-05-08";0;"First Class";7302;"Technology";"Europe";"Kinshasa";"Grand Casablanca";"Democratic Republic of the Congo";"West Africa";282;47.49;43.64;8;"CREDIT"
73044;"2024-03-20";1;"First Class";6636;"Apparel";"Europe";"Ugep";"Bayelsa";"Nigeria";"North Africa";24;68.3;47.84;4;"DEBIT"
73080;"2023-10-29";0;"Same Day";8485;"Apparel";"Australia";"Kinshasa";"Cross River";"Morocco";"West Africa";893;82.95;57.4;7;"CASH"
73091;"2025-01-26";1;"Second Class";19366;"Technology";"Asia";"Ugep";"Cross River";"Angola";"Central Africa";917;93.83;35.14;2;"DEBIT"
73128;"2024-12-01";1;"Standard Class";10288;"Technology";"Asia";"Kinshasa";"Grand Casablanca";"Nigeria";"West Africa";977;28.34;78.34;1;"CASH"
73264;"2024-08-05";0;"Second Class";2741;"Golf";"Africa";"Ugep";"Grand Casablanca";"Nigeria";"West Africa";282;75.12;75.93;1;"CREDIT"
73276;"2022-09-21";0;"Second Class";19455;"Golf";"Europe";"Kinshasa";"Kinshasa";"Senegal";"Central Africa";572;28.83;85.21;1;"CREDIT"
73519;"2024-10-27";1;"First Class";4533;"Technology";"Europe";"Casablanca";"Cross River";"Angola";"Central Africa";835;85.57;15.18;1;"CREDIT"
73554;"2024-02-09";1;"First Class";2439;"Golf";"Asia";"Kuito";"Grand Casablanca";"Morocco";"West Africa";276;51.81;21.22;2;"DEBIT"
73581;"2024-10-30";1;"Same Day";5643;"Golf";"Africa";"Kuito";"Kinshasa";"Angola";"North Africa";502;48.28;83.87;6;"CASH"
73674;"2023-08-23";1;"First Class";14087;"Outdoors";"Africa";"Dakar";"Kinshasa";"Senegal";"West Africa";823;19.64;68.13;8;"DEBIT"
73749;"2024-04-30";0;"Standard Class";9906;"Footwear";"Africa";"Kinshasa";"Bayelsa";"Nigeria";"Central Africa";564;76.98;80.89;7;"CREDIT"
73787;"2024-09-16";0;"First Class";9112;"Outdoors";"Asia";"Dakar";"Grand Casablanca";"Democratic Republic of the Congo";"North Africa";502;56.73;57.19;8;"CREDIT"
73875;"2023-09-12";1;"Standard Class";4047;"Technology";"Asia";"Casablanca";"Grand Casablanca";"Morocco";"Central Africa";1360;48.24;59.78;2;"DEBIT"
73899;"2022-09-30";1;"Second Class";19483;"Golf";"Australia";"Kinshasa";"Cross River";"Democratic Republic of the Congo";"South Africa";977;51.76;24.3;4;"CASH"
74120;"2025-06-18";0;"Second Class";19363;"Footwear";"Asia";"Kuito";"Bayelsa";"Angola";"North Africa";365;10.46;23.41;2;"DEBIT"
74245;"2023-06-10";1;"Standard Class";3302;"Footwear";"Australia";"Ugep";"Kinshasa";"Nigeria";"North Africa";818;14.61;66.86;6;"CASH"
74248;"2022-07-20";0;"Standard Class";1788;"Outdoors";"Asia";"Casablanca";"Grand Casablanca";"Democratic Republic of the Congo";"Central Africa";403;87.01;88.31;7;"DEBIT"
74277;"2023-12-18";0;"Standard Class";712;"Apparel";"Europe";"Ugep";"Bayelsa";"Nigeria";"Central Africa";906;54.6;59.35;3;"CREDIT"
74661;"2024-06-28";1;"Second Class";14665;"Apparel";"Asia";"Kinshasa";"Dakar";"Morocco";"North Africa";977;60.26;69.23;5;"DEBIT"
74768;"2024-08-08";0;"Standard Class";13256;"Footwear";"Africa";"Ugep";"Cross River";"Nigeria";"West Africa";24;57.58;5.58;1;"CASH"
74799;"2024-09-25";1;"First Class";7393;"Footwear";"Europe";"Casablanca";"Kinshasa";"Democratic Republic of the Congo";"West Africa";924;90.1;19.19;1;"CASH"
74818;"2023-07-11";1;"Standard Class";19438;"Apparel";"Africa";"Kuito";"Dakar";"Nigeria";"Central Africa";1350;75.14;25.48;5;"CASH"
74893;"2023-10-19";0;"Second Class";6497;"Technology";"Australia";"Kuito";"Bayelsa";"Angola";"West Africa";1352;30.6;74.16;9;"CASH"
75007;"2022-08-01";1;"Second Class";2319;"Outdoors";"Europe";"Casablanca";"Grand Casablanca";"Senegal";"Central Africa";116;73.39;41.7;5;"DEBIT"
75010;"2023-09-27";0;"Same Day";3597;"Technology";"Australia";"Dakar";"Bayelsa";"Angola";"South Africa";359;25.16;30.87;9;"CREDIT"
75168;"2024-10-10";0;"Standard Class";6497;"Outdoors";"Europe";"Kinshasa";"Bayelsa";"Democratic Republic of the Congo";"West Africa";906;20.61;64.13;5;"CASH"
75214;"2024-12-04";1;"Second Class";9727;"Golf";"Africa";"Kuito";"Grand Casablanca";"Angola";"Central Africa";1349;39.1;65.8;7;"CASH"
75294;"2024-11-26";0;"First Class";716;"Apparel";"Africa";"Kinshasa";"Dakar";"Angola";"Central Africa";1351;69.54;15.09;9;"DEBIT"
75295;"2024-04-16";1;"Standard Class";2540;"Footwear";"Europe";"Dakar";"Kinshasa";"Angola";"North Africa";37;50.72;27.27;2;"DEBIT"
75355;"2022-07-16";1;"Same Day";20402;"Apparel";"Africa";"Ugep";"Kinshasa";"Democratic Republic of the Congo";"North Africa";365;76.75;33.59;6;"CREDIT"
75361;"2022-06-27";1;"Same Day";12383;"Apparel";"Asia";"Kuito";"Dakar";"Angola";"South Africa";1363;31.68;74.39;6;"DEBIT"
75363;"2024-01-05";1;"First Class";19461;"Apparel";"Europe";"Ugep";"Dakar";"Democratic Republic of the Congo";"South Africa";60;64.25;79.06;7;"DEBIT"
75463;"2024-01-18";1;"Standard Class";614;"Apparel";"Europe";"Dakar";"Bayelsa";"Democratic Republic of the Congo";"Central Africa";44;59.61;23.76;5;"DEBIT"
75467;"2023-02-25";0;"First Class";6428;"Golf";"Europe";"Kuito";"Bayelsa";"Democratic Republic of the Congo";"North Africa";282;80.25;85.24;3;"CREDIT"
75470;"2024-06-14";1;"Second Class";9803;"Golf";"Australia";"Kuito";"Grand Casablanca";"Democratic Republic of the Congo";"Central Africa";1351;33.42;46.18;2;"CREDIT"
75488;"2024-02-18";1;"First Class";10454;"Technology";"Africa";"Kinshasa";"Grand Casablanca";"Angola";"Central Africa";93;26.9;39.13;9;"CREDIT"
75608;"2025-03-29";0;"First Class";1759;"Outdoors";"Europe";"Kinshasa";"Bayelsa";"Senegal";"West Africa";203;57.77;67.65;7;"DEBIT"
75610;"2023-12-24";0;"Same Day";2823;"Technology";"Europe";"Kinshasa";"Kinshasa";"Nigeria";"West Africa";804;41.79;59.89;6;"DEBIT"
75627;"2024-10-29";0;"Standard Class";2360;"Outdoors";"Europe";"Casablanca";"Bayelsa";"Democratic Republic of the Congo";"South Africa";502;37.94;45.1;4;"DEBIT"
75727;"2022-11-17";1;"Second Class";3375;"Apparel";"Asia";"Dakar";"Bayelsa";"Democratic Republic of the Congo";"South Africa";134;36.59;38.11;8;"DEBIT"
75773;"2025-03-08";0;"Same Day";8663;"Footwear";"Australia";"Kuito";"Bayelsa";"Democratic Republic of the Congo";"North Africa";818;17.33;7.27;3;"DEBIT"
75825;"2025-01-09";0;"Same Day";9742;"Outdoors";"Africa";"Ugep";"Bayelsa";"Democratic Republic of the Congo";"North Africa";191;24.96;66.44;4;"CREDIT"
75916;"2023-02-18";1;"Standard Class";4398;"Outdoors";"Australia";"Ugep";"Cross River";"Senegal";"North Africa";1351;71.89;58.91;9;"DEBIT"
75936;"2022-08-10";0;"Second Class";7512;"Golf";"Africa";"Kinshasa";"Bayelsa";"Nigeria";"South Africa";821;61.97;72.91;3;"DEBIT"
75977;"2022-11-30";0;"Standard Class";8360;"Outdoors";"Europe";"Casablanca";"Bayelsa";"Angola";"South Africa";93;66.36;75.48;7;"DEBIT"
76068;"2023-09-06";1;"Same Day";9345;"Apparel";"Europe";"Ugep";"Dakar";"Senegal";"South Africa";93;36.91;9.42;3;"CASH"
76152;"2022-11-14";0;"First Class";4276;"Outdoors";"Europe";"Kinshasa";"Dakar";"Senegal";"North Africa";1357;15.36;38.44;2;"CREDIT"
76175;"2025-04-22";0;"Same Day";14510;"Apparel";"Asia";"Kuito";"Kinshasa";"Democratic Republic of the Congo";"South Africa";37;76.25;16.52;8;"CREDIT"
76328;"2024-11-10";0;"Second Class";10668;"Golf";"Europe";"Ugep";"Kinshasa";"Morocco";"North Africa";24;41.71;57.68;2;"CASH"
76342;"2024-07-31";0;"Same Day";6246;"Golf";"Australia";"Kuito";"Kinshasa";"Nigeria";"Central Africa";203;69.82;14.9;5;"DEBIT"
76440;"2024-08-20";0;"Same Day";3715;"Footwear";"Asia";"Kinshasa";"Dakar";"Morocco";"Central Africa";823;72.94;25.62;5;"CREDIT"
76446;"2024-02-27";0;"Same Day";1182;"Apparel";"Australia";"Dakar";"Kinshasa";"Morocco";"South Africa";403;79.31;24.03;8;"CREDIT"
76448;"2022-10-22";1;"Standard Class";2035;"Golf";"Africa";"Casablanca";"Kinshasa";"Morocco";"South Africa";365;77.23;57.31;9;"CREDIT"
76501;"2024-02-19";1;"Standard Class";10582;"Footwear";"Australia";"Casablanca";"Kinshasa";"Senegal";"Central Africa";917;65.87;59.04;5;"CASH"
76543;"2024-01-25";1;"First Class";2205;"Outdoors";"Africa";"Casablanca";"Kinshasa";"Morocco";"South Africa";917;82.77;86.04;2;"DEBIT"
76561;"2023-05-16";1;"Standard Class";3029;"Outdoors";"Europe";"Dakar";"Cross River";"Nigeria";"Central Africa";135;58.6;48.06;1;"CASH"
76652;"2022-09-28";1;"Second Class";11667;"Technology";"Europe";"Dakar";"Kinshasa";"Angola";"Central Africa";1360;77.48;53.63;5;"CASH"
76783;"2023-01-02";1;"Same Day";1303;"Outdoors";"Australia";"Casablanca";"Kinshasa";"Senegal";"North Africa";203;24.57;30.41;8;"CREDIT"
76873;"2025-01-31";1;"Standard Class";6172;"Golf";"Europe";"Casablanca";"Kinshasa";"Angola";"West Africa";134;55.07;13.32;3;"CASH"
76961;"2024-06-12";0;"Same Day";6543;"Apparel";"Africa";"Ugep";"Cross River";"Nigeria";"South Africa";924;54.19;72.48;7;"DEBIT"
76983;"2024-02-10";1;"Standard Class";19427;"Apparel";"Africa";"Casablanca";"Dakar";"Senegal";"West Africa";191;90.42;80.32;3;"DEBIT"
77043;"2023-02-13";1;"Standard Class";9197;"Outdoors";"Asia";"Casablanca";"Kinshasa";"Nigeria";"North Africa";365;67.95;51.46;6;"CREDIT"
77068;"2023-08-25";1;"Same Day";4098;"Apparel";"Australia";"Casablanca";"Kinshasa";"Nigeria";"North Africa";823;59.46;75.53;4;"CASH"
77232;"2024-11-08";0;"Second Class";18349;"Golf";"Europe";"Casablanca";"Bayelsa";"Senegal";"West Africa";924;76.81;37.13;7;"CASH"
77321;"2023-01-27";0;"Standard Class";5965;"Golf";"Asia";"Ugep";"Cross River";"Angola";"West Africa";1357;97.46;28.93;2;"CREDIT"
77324;"2024-10-07";0;"First Class";8663;"Apparel";"Asia";"Casablanca";"Dakar";"Nigeria";"Central Africa";359;16.22;22.06;2;"CREDIT"
77465;"2022-12-15";1;"First Class";1753;"Outdoors";"Asia";"Casablanca";"Kinshasa";"Senegal";"South Africa";37;71.49;66.89;5;"CREDIT"
77497;"2023-05-22";1;"Second Class";9697;"Golf";"Europe";"Ugep";"Cross River";"Angola";"South Africa";565;69.18;55.82;9;"CREDIT"
77514;"2023-09-03";1;"Standard Class";10066;"Footwear";"Europe";"Ugep";"Cross River";"Senegal";"North Africa";572;38.84;68.41;8;"CASH"
77566;"2024-11-10";1;"First Class";10948;"Footwear";"Europe";"Dakar";"Grand Casablanca";"Angola";"South Africa";278;39.74;14.72;4;"CREDIT"
77634;"2022-10-22";0;"First Class";1840;"Outdoors";"Asia";"Casablanca";"Grand Casablanca";"Morocco";"North Africa";24;23.47;10.49;7;"CREDIT"
77709;"2022-08-30";1;"Standard Class";9002;"Golf";"Australia";"Dakar";"Grand Casablanca";"Nigeria";"North Africa";893;99.09;6.32;3;"CASH"
77729;"2022-10-21";1;"First Class";19350;"Footwear";"Africa";"Casablanca";"Kinshasa";"Morocco";"South Africa";818;51.97;11.25;2;"CREDIT"
77874;"2022-08-06";0;"Second Class";14553;"Outdoors";"Australia";"Kuito";"Bayelsa";"Morocco";"South Africa";810;14.6;39.45;9;"DEBIT"
77922;"2023-04-02";1;"Second Class";19364;"Outdoors";"Australia";"Kinshasa";"Bayelsa";"Democratic Republic of the Congo";"West Africa";403;41.78;30.8;2;"CREDIT"
77936;"2023-11-03";0;"Standard Class";1250;"Golf";"Europe";"Kuito";"Kinshasa";"Angola";"West Africa";365;56.66;16.47;1;"DEBIT"
78010;"2025-05-15";0;"First Class";3091;"Outdoors";"Asia";"Ugep";"Bayelsa";"Angola";"Central Africa";804;48.2;22.07;5;"CREDIT"
78082;"2022-12-21";0;"First Class";1509;"Golf";"Europe";"Kinshasa";"Cross River";"Democratic Republic of the Congo";"North Africa";116;48.1;75.94;1;"DEBIT"
78289;"2022-09-18";1;"Same Day";695;"Golf";"Australia";"Ugep";"Bayelsa";"Democratic Republic of the Congo";"Central Africa";60;30.53;9.11;3;"DEBIT"
78305;"2024-02-24";0;"First Class";19353;"Technology";"Australia";"Dakar";"Kinshasa";"Angola";"West Africa";825;84.84;68.83;3;"CASH"
78592;"2022-08-27";1;"Same Day";3071;"Footwear";"Asia";"Dakar";"Kinshasa";"Senegal";"North Africa";906;48.1;11.61;2;"CREDIT"
78604;"2024-08-21";1;"First Class";2324;"Apparel";"Asia";"Casablanca";"Dakar";"Angola";"South Africa";359;28.51;23.19;4;"DEBIT"
78647;"2023-10-11";0;"First Class";3984;"Technology";"Africa";"Kuito";"Cross River";"Angola";"West Africa";821;68.38;44.98;4;"CREDIT"
78699;"2024-02-02";1;"Standard Class";19394;"Outdoors";"Europe";"Casablanca";"Kinshasa";"Nigeria";"West Africa";235;84.76;22.39;1;"DEBIT"
78711;"2023-03-02";0;"First Class";7537;"Outdoors";"Africa";"Dakar";"Kinshasa";"Morocco";"North Africa";235;49.89;62.05;3;"CREDIT"
78755;"2024-04-16";0;"First Class";10643;"Footwear";"Australia";"Casablanca";"Bayelsa";"Democratic Republic of the Congo";"West Africa";306;45.66;25.8;7;"CREDIT"
78875;"2023-01-02";0;"Standard Class";9368;"Golf";"Europe";"Dakar";"Cross River";"Senegal";"South Africa";885;35.1;26.71;3;"DEBIT"
79009;"2023-03-28";0;"Same Day";1956;"Footwear";"Europe";"Kuito";"Bayelsa";"Senegal";"Central Africa";642;32.87;87.21;9;"DEBIT"
79075;"2024-12-22";1;"Same Day";11170;"Apparel";"Africa";"Casablanca";"Cross River";"Democratic Republic of the Congo";"North Africa";924;89.88;47.33;4;"DEBIT"
79123;"2025-01-06";1;"Second Class";11757;"Apparel";"Africa";"Kinshasa";"Bayelsa";"Angola";"South Africa";924;96.94;25.3;4;"DEBIT"
79223;"2024-06-17";1;"Standard Class";6757;"Technology";"Asia";"Ugep";"Dakar";"Angola";"Central Africa";278;73.44;66.55;4;"CREDIT"
79449;"2023-09-03";0;"First Class";1209;"Golf";"Asia";"Dakar";"Cross River";"Morocco";"Central Africa";276;69.72;20.03;3;"CREDIT"
79518;"2025-01-28";0;"Standard Class";19422;"Technology";"Australia";"Kuito";"Dakar";"Morocco";"West Africa";365;92.87;24.44;1;"CASH"
79538;"2022-11-07";1;"Standard Class";2891;"Apparel";"Africa";"Casablanca";"Bayelsa";"Senegal";"South Africa";1350;10.62;8.83;9;"CREDIT"
79639;"2024-06-21";0;"First Class";7832;"Technology";"Africa";"Dakar";"Bayelsa";"Morocco";"North Africa";134;41.3;31.53;1;"DEBIT"
79651;"2024-05-31";0;"Same Day";3731;"Technology";"Australia";"Casablanca";"Bayelsa";"Nigeria";"West Africa";1349;59.9;66.79;1;"DEBIT"
79655;"2022-08-02";1;"First Class";3421;"Footwear";"Europe";"Casablanca";"Bayelsa";"Senegal";"West Africa";564;54.81;13.97;9;"CREDIT"
79795;"2022-06-26";1;"Same Day";900;"Apparel";"Australia";"Kuito";"Kinshasa";"Nigeria";"South Africa";135;94.81;29.68;3;"CASH"
79798;"2023-08-23";1;"Second Class";11290;"Golf";"Europe";"Dakar";"Cross River";"Democratic Republic of the Congo";"North Africa";823;79.08;70.75;3;"DEBIT"
79890;"2024-08-03";1;"First Class";2106;"Golf";"Europe";"Kinshasa";"Cross River";"Nigeria";"North Africa";365;88.3;52.67;5;"DEBIT"
79921;"2023-07-31";0;"First Class";10699;"Golf";"Africa";"Ugep";"Bayelsa";"Senegal";"West Africa";1349;64.56;7.87;9;"DEBIT"
80000;"2025-05-28";1;"Standard Class";8517;"Golf";"Australia";"Kinshasa";"Kinshasa";"Democratic Republic of the Congo";"West Africa";1360;43.24;10.42;1;"CREDIT"
80010;"2025-04-05";1;"Second Class";9345;"Apparel";"Asia";"Casablanca";"Grand Casablanca";"Democratic Republic of the Congo";"Central Africa";924;24.56;26.64;8;"CREDIT"
80039;"2024-12-24";1;"Second Class";10966;"Golf";"Africa";"Kuito";"Dakar";"Nigeria";"South Africa";1363;64.78;86.17;7;"CASH"
80052;"2024-10-26";1;"Standard Class";7163;"Golf";"Africa";"Kinshasa";"Grand Casablanca";"Angola";"Central Africa";828;24.51;50.21;1;"CASH"
80115;"2024-05-14";0;"First Class";10954;"Outdoors";"Asia";"Ugep";"Bayelsa";"Senegal";"West Africa";823;11.55;79.81;2;"CREDIT"
80158;"2023-01-24";0;"First Class";10819;"Outdoors";"Asia";"Kinshasa";"Cross River";"Morocco";"West Africa";1363;15.8;33.92;4;"CASH"
80177;"2024-02-02";0;"Second Class";6398;"Golf";"Africa";"Casablanca";"Bayelsa";"Angola";"North Africa";905;80.42;49.44;7;"CASH"
80183;"2023-02-13";1;"Standard Class";19424;"Apparel";"Europe";"Dakar";"Cross River";"Angola";"South Africa";828;43.03;7.45;6;"DEBIT"
80282;"2024-12-09";0;"Same Day";2851;"Outdoors";"Australia";"Dakar";"Grand Casablanca";"Morocco";"Central Africa";565;26.33;21.35;6;"CREDIT"
80286;"2024-12-20";0;"Second Class";6376;"Apparel";"Australia";"Casablanca";"Grand Casablanca";"Senegal";"West Africa";1351;45.87;38.23;7;"CREDIT"
80518;"2023-03-13";1;"First Class";9897;"Apparel";"Australia";"Kinshasa";"Kinshasa";"Democratic Republic of the Congo";"South Africa";1363;73.29;54.69;2;"CASH"
80740;"2022-12-17";1;"Second Class";1804;"Apparel";"Africa";"Casablanca";"Cross River";"Democratic Republic of the Congo";"North Africa";134;62.85;5.77;9;"DEBIT"
80757;"2022-12-07";0;"Standard Class";5828;"Apparel";"Europe";"Ugep";"Dakar";"Senegal";"West Africa";1349;94.31;42.9;9;"DEBIT"
80776;"2024-12-20";1;"Standard Class";11616;"Technology";"Europe";"Dakar";"Cross River";"Morocco";"West Africa";957;28.9;44.56;6;"CREDIT"
80974;"2025-03-25";0;"Same Day";3485;"Apparel";"Africa";"Dakar";"Kinshasa";"Morocco";"Central Africa";572;78.36;25.68;4;"CREDIT"
81077;"2023-01-02";0;"First Class";4316;"Outdoors";"Europe";"Kinshasa";"Grand Casablanca";"Democratic Republic of the Congo";"North Africa";627;19.26;8.44;6;"DEBIT"
81100;"2025-05-25";1;"First Class";11761;"Outdoors";"Africa";"Dakar";"Dakar";"Democratic Republic of the Congo";"Central Africa";116;32.12;83.26;6;"DEBIT"
81189;"2025-01-11";0;"First Class";7687;"Outdoors";"Africa";"Casablanca";"Dakar";"Angola";"North Africa";116;59.42;73.94;1;"CASH"
81243;"2025-05-01";1;"Same Day";5011;"Apparel";"Africa";"Casablanca";"Bayelsa";"Senegal";"South Africa";905;86.45;15.5;8;"DEBIT"
81324;"2022-08-10";1;"First Class";259;"Apparel";"Asia";"Dakar";"Grand Casablanca";"Nigeria";"Central Africa";822;80.63;82.51;4;"CREDIT"
81462;"2022-08-12";1;"Second Class";19400;"Outdoors";"Africa";"Kuito";"Kinshasa";"Angola";"Central Africa";282;61.86;27.47;6;"DEBIT"
81467;"2023-01-30";0;"Same Day";10632;"Footwear";"Asia";"Kuito";"Grand Casablanca";"Morocco";"West Africa";823;92.72;44.71;7;"CASH"
81505;"2023-11-26";0;"Standard Class";3497;"Golf";"Africa";"Kinshasa";"Dakar";"Angola";"West Africa";276;83.26;60.91;3;"CASH"
81593;"2024-10-31";1;"First Class";19388;"Outdoors";"Australia";"Casablanca";"Grand Casablanca";"Democratic Republic of the Congo";"West Africa";24;38.02;66.56;8;"DEBIT"
81656;"2024-11-15";0;"First Class";12033;"Outdoors";"Asia";"Kuito";"Grand Casablanca";"Angola";"South Africa";1363;83.35;55.44;4;"CREDIT"
81738;"2025-02-07";1;"First Class";1507;"Footwear";"Africa";"Kinshasa";"Grand Casablanca";"Nigeria";"South Africa";835;40.56;80.19;9;"CASH"
81739;"2023-08-30";1;"Second Class";7521;"Apparel";"Europe";"Kuito";"Dakar";"Morocco";"South Africa";403;25.26;58.5;6;"DEBIT"
81764;"2023-02-22";0;"Same Day";10731;"Outdoors";"Asia";"Kuito";"Kinshasa";"Angola";"Central Africa";924;27.26;29.29;7;"CREDIT"
81958;"2024-06-04";1;"Second Class";14562;"Apparel";"Asia";"Casablanca";"Grand Casablanca";"Angola";"West Africa";917;98.08;37.34;2;"CREDIT"
82001;"2024-10-28";0;"Second Class";5088;"Apparel";"Europe";"Ugep";"Dakar";"Senegal";"South Africa";823;38.59;65.94;4;"CASH"
82072;"2022-12-03";0;"Second Class";9316;"Technology";"Africa";"Dakar";"Bayelsa";"Angola";"Central Africa";502;35.34;40.35;2;"CASH"
82130;"2023-05-25";1;"First Class";5505;"Apparel";"Africa";"Dakar";"Bayelsa";"Morocco";"West Africa";565;72.76;31.61;7;"CREDIT"
82253;"2024-06-10";0;"Second Class";19419;"Outdoors";"Europe";"Kinshasa";"Kinshasa";"Democratic Republic of the Congo";"North Africa";905;87.36;47.85;5;"CASH"
82356;"2025-01-02";1;"Same Day";7680;"Technology";"Australia";"Dakar";"Cross River";"Nigeria";"South Africa";897;31.12;73.26;2;"CREDIT"
82362;"2024-10-30";1;"First Class";11776;"Golf";"Asia";"Kuito";"Grand Casablanca";"Nigeria";"West Africa";1352;36.49;80.05;4;"CREDIT"
82418;"2022-08-05";0;"Second Class";8897;"Technology";"Africa";"Kinshasa";"Grand Casablanca";"Angola";"South Africa";24;92.78;86.53;3;"CREDIT"
82471;"2024-09-23";0;"Second Class";19456;"Apparel";"Asia";"Casablanca";"Bayelsa";"Angola";"South Africa";276;57.27;6.75;3;"DEBIT"
82543;"2022-08-08";1;"First Class";9120;"Golf";"Africa";"Kinshasa";"Grand Casablanca";"Nigeria";"West Africa";1352;60.22;5.07;8;"DEBIT"
82552;"2024-05-11";0;"Standard Class";3754;"Outdoors";"Australia";"Dakar";"Bayelsa";"Morocco";"South Africa";893;97.85;79.74;6;"CREDIT"
82629;"2023-09-10";0;"Second Class";4781;"Golf";"Europe";"Casablanca";"Kinshasa";"Democratic Republic of the Congo";"South Africa";60;32.48;38.02;9;"CREDIT"
82636;"2024-04-05";1;"Second Class";8037;"Apparel";"Asia";"Dakar";"Grand Casablanca";"Morocco";"South Africa";172;41.76;45.81;4;"CREDIT"
82685;"2023-01-22";1;"Standard Class";19437;"Technology";"Africa";"Kuito";"Grand Casablanca";"Nigeria";"North Africa";93;31.89;64.32;6;"CREDIT"
82724;"2024-10-15";1;"Standard Class";2062;"Footwear";"Africa";"Kinshasa";"Bayelsa";"Senegal";"North Africa";172;49.25;88.84;1;"CASH"
82827;"2024-09-17";0;"Standard Class";1853;"Golf";"Asia";"Kuito";"Kinshasa";"Morocco";"North Africa";172;84.47;45.87;7;"DEBIT"
83151;"2023-11-12";0;"First Class";19407;"Golf";"Asia";"Casablanca";"Kinshasa";"Democratic Republic of the Congo";"South Africa";810;59.76;18.04;9;"CREDIT"
83639;"2023-09-15";1;"Second Class";3104;"Apparel";"Asia";"Dakar";"Dakar";"Senegal";"South Africa";273;68.1;5.2;4;"CASH"
83723;"2023-03-22";1;"Same Day";9202;"Golf";"Australia";"Kinshasa";"Grand Casablanca";"Nigeria";"South Africa";564;18.22;50.47;1;"CREDIT"
83842;"2023-11-23";0;"Same Day";9029;"Footwear";"Asia";"Kinshasa";"Grand Casablanca";"Democratic Republic of the Congo";"North Africa";1353;14.86;74.96;8;"CREDIT"
83858;"2023-04-24";1;"First Class";14630;"Footwear";"Europe";"Kinshasa";"Dakar";"Nigeria";"South Africa";924;56.98;39.25;9;"CREDIT"
83870;"2023-06-15";1;"Second Class";1622;"Outdoors";"Africa";"Ugep";"Cross River";"Senegal";"North Africa";835;81.44;66.35;2;"DEBIT"
83899;"2024-06-08";0;"Standard Class";19369;"Footwear";"Europe";"Dakar";"Kinshasa";"Morocco";"South Africa";797;74.67;21.0;7;"CASH"
83954;"2024-01-29";0;"Standard Class";4510;"Technology";"Asia";"Kinshasa";"Dakar";"Democratic Republic of the Congo";"South Africa";116;21.45;75.22;1;"CASH"
84216;"2025-04-24";0;"Standard Class";2217;"Technology";"Europe";"Dakar";"Grand Casablanca";"Senegal";"Central Africa";502;33.12;29.69;4;"CREDIT"
84293;"2023-11-18";1;"Second Class";19453;"Golf";"Asia";"Kuito";"Bayelsa";"Morocco";"West Africa";1353;60.76;40.06;8;"CASH"
84302;"2023-08-01";1;"Same Day";19466;"Footwear";"Europe";"Casablanca";"Bayelsa";"Angola";"North Africa";235;38.34;21.57;2;"CREDIT"
84319;"2024-08-09";0;"Standard Class";3535;"Technology";"Europe";"Dakar";"Bayelsa";"Nigeria";"South Africa";835;66.35;8.63;3;"CASH"
84464;"2024-08-07";1;"First Class";5732;"Footwear";"Africa";"Dakar";"Bayelsa";"Angola";"West Africa";203;41.99;61.53;8;"CASH"
84559;"2023-07-16";0;"First Class";9145;"Outdoors";"Australia";"Kinshasa";"Bayelsa";"Angola";"West Africa";235;41.35;34.33;4;"CREDIT"
84724;"2025-01-19";1;"First Class";5564;"Outdoors";"Asia";"Ugep";"Bayelsa";"Morocco";"North Africa";249;90.9;73.62;4;"DEBIT"
84728;"2024-04-15";1;"Standard Class";19463;"Apparel";"Europe";"Ugep";"Cross River";"Democratic Republic of the Congo";"Central Africa";1349;45.68;23.87;1;"CREDIT"
84757;"2025-05-28";1;"Second Class";6370;"Technology";"Africa";"Kuito";"Grand Casablanca";"Angola";"West Africa";564;57.54;33.85;2;"CASH"
84882;"2024-11-04";0;"Same Day";3182;"Outdoors";"Europe";"Casablanca";"Cross River";"Morocco";"Central Africa";886;57.35;55.03;3;"CREDIT"
84980;"2025-01-17";1;"Same Day";11329;"Apparel";"Africa";"Dakar";"Grand Casablanca";"Morocco";"Central Africa";44;28.0;47.31;5;"DEBIT"
85232;"2023-01-11";1;"Second Class";6780;"Technology";"Africa";"Dakar";"Kinshasa";"Nigeria";"South Africa";885;16.04;86.23;4;"CREDIT"
85254;"2024-12-10";1;"Standard Class";2091;"Apparel";"Asia";"Dakar";"Grand Casablanca";"Angola";"Central Africa";917;89.28;66.55;7;"CREDIT"
85360;"2022-12-25";1;"Same Day";8831;"Golf";"Australia";"Casablanca";"Grand Casablanca";"Morocco";"Central Africa";823;83.08;81.05;1;"CASH"
85414;"2022-11-17";1;"First Class";967;"Apparel";"Europe";"Ugep";"Dakar";"Nigeria";"North Africa";1363;99.16;5.21;6;"CASH"
85427;"2023-11-18";1;"Standard Class";1186;"Golf";"Europe";"Ugep";"Dakar";"Morocco";"South Africa";1357;69.69;52.17;7;"CASH"
85536;"2024-07-13";0;"Standard Class";2260;"Golf";"Africa";"Kuito";"Dakar";"Democratic Republic of the Congo";"North Africa";627;25.78;45.45;5;"CASH"
85615;"2023-03-30";1;"Same Day";9723;"Outdoors";"Europe";"Casablanca";"Grand Casablanca";"Senegal";"Central Africa";822;86.97;23.02;1;"DEBIT"
85802;"2024-04-27";1;"Second Class";11213;"Technology";"Europe";"Casablanca";"Grand Casablanca";"Democratic Republic of the Congo";"West Africa";905;77.04;37.04;4;"DEBIT"
85980;"2022-10-22";1;"First Class";6408;"Golf";"Africa";"Casablanca";"Dakar";"Morocco";"South Africa";235;79.1;15.22;5;"CREDIT"
86078;"2024-06-16";1;"Second Class";5197;"Footwear";"Asia";"Kinshasa";"Cross River";"Morocco";"Central Africa";191;64.25;65.73;1;"CREDIT"
86165;"2024-06-14";1;"Same Day";6248;"Outdoors";"Australia";"Kuito";"Cross River";"Angola";"West Africa";135;21.44;67.16;4;"DEBIT"
86178;"2023-03-15";1;"Second Class";3066;"Technology";"Asia";"Kinshasa";"Bayelsa";"Angola";"South Africa";502;81.49;79.94;5;"CREDIT"
86254;"2023-06-06";0;"Second Class";2911;"Golf";"Asia";"Ugep";"Bayelsa";"Nigeria";"West Africa";37;28.19;39.06;2;"DEBIT"
86272;"2023-01-05";1;"Same Day";5417;"Outdoors";"Europe";"Casablanca";"Cross River";"Morocco";"North Africa";797;76.84;21.53;4;"DEBIT"
86337;"2025-05-29";0;"First Class";2363;"Footwear";"Australia";"Kuito";"Dakar";"Angola";"South Africa";37;46.46;60.06;5;"DEBIT"
86352;"2024-10-20";0;"Standard Class";19409;"Technology";"Australia";"Dakar";"Dakar";"Nigeria";"Central Africa";818;78.7;76.43;6;"CREDIT"
86425;"2022-12-07";1;"Same Day";1944;"Apparel";"Africa";"Dakar";"Bayelsa";"Democratic Republic of the Congo";"West Africa";282;28.7;60.83;8;"CASH"
86533;"2024-10-06";0;"First Class";7247;"Outdoors";"Europe";"Kinshasa";"Cross River";"Senegal";"West Africa";249;97.39;79.84;3;"DEBIT"
86576;"2024-03-04";0;"Second Class";4848;"Outdoors";"Asia";"Dakar";"Grand Casablanca";"Democratic Republic of the Congo";"North Africa";821;88.04;24.17;4;"CREDIT"
86765;"2023-02-17";0;"First Class";8766;"Outdoors";"Africa";"Kuito";"Bayelsa";"Democratic Republic of the Congo";"North Africa";24;28.55;50.45;3;"DEBIT"
86802;"2025-01-30";0;"Standard Class";5113;"Technology";"Asia";"Ugep";"Dakar";"Angola";"West Africa";306;14.66;72.7;8;"CREDIT"
86842;"2024-04-16";1;"First Class";19406;"Apparel";"Australia";"Casablanca";"Grand Casablanca";"Democratic Republic of the Congo";"West Africa";565;40.85;12.86;7;"CASH"
86860;"2024-10-19";1;"Standard Class";7468;"Outdoors";"Europe";"Kuito";"Cross River";"Nigeria";"South Africa";278;42.45;18.63;9;"CASH"
86906;"2024-01-02";0;"First Class";19382;"Footwear";"Europe";"Ugep";"Bayelsa";"Angola";"South Africa";203;44.2;84.77;8;"CASH"
86952;"2023-02-18";0;"Standard Class";1535;"Technology";"Australia";"Dakar";"Bayelsa";"Morocco";"North Africa";1349;15.01;22.71;6;"CASH"
87035;"2023-09-16";0;"Second Class";10344;"Golf";"Australia";"Dakar";"Cross River";"Senegal";"South Africa";135;48.19;43.19;5;"CREDIT"
87039;"2023-03-09";1;"First Class";19421;"Golf";"Australia";"Kinshasa";"Cross River";"Morocco";"West Africa";957;73.49;79.2;7;"DEBIT"
87153;"2025-04-04";0;"Same Day";2728;"Outdoors";"Africa";"Dakar";"Cross River";"Senegal";"West Africa";502;84.79;58.06;5;"DEBIT"
87376;"2024-02-09";0;"First Class";376;"Apparel";"Europe";"Kinshasa";"Bayelsa";"Senegal";"North Africa";37;12.33;79.08;6;"CASH"
87478;"2025-03-30";0;"Same Day";7884;"Technology";"Asia";"Kinshasa";"Grand Casablanca";"Morocco";"Central Africa";917;36.96;74.7;9;"CREDIT"
87484;"2024-04-08";1;"First Class";1662;"Footwear";"Australia";"Kuito";"Kinshasa";"Senegal";"West Africa";818;51.12;75.28;6;"CREDIT"
87617;"2025-05-29";0;"Standard Class";19457;"Technology";"Africa";"Ugep";"Bayelsa";"Democratic Republic of the Congo";"Central Africa";359;49.0;14.59;9;"DEBIT"
87639;"2025-06-01";1;"Same Day";19480;"Golf";"Asia";"Ugep";"Grand Casablanca";"Democratic Republic of the Congo";"North Africa";835;36.24;53.28;6;"DEBIT"
87754;"2022-09-27";0;"Standard Class";8992;"Golf";"Asia";"Kinshasa";"Grand Casablanca";"Nigeria";"West Africa";364;73.04;64.34;7;"DEBIT"
87970;"2024-02-21";1;"First Class";8144;"Footwear";"Africa";"Casablanca";"Dakar";"Nigeria";"West Africa";957;31.96;72.91;2;"DEBIT"
88063;"2023-01-29";1;"Same Day";9162;"Footwear";"Asia";"Kuito";"Dakar";"Angola";"South Africa";191;34.83;34.88;3;"CREDIT"
88150;"2024-11-30";0;"Second Class";5302;"Technology";"Europe";"Dakar";"Kinshasa";"Morocco";"North Africa";567;41.14;23.13;3;"CREDIT"
88177;"2022-11-21";0;"First Class";7733;"Technology";"Asia";"Dakar";"Cross River";"Morocco";"West Africa";572;10.24;63.3;4;"CREDIT"
88319;"2022-08-17";0;"First Class";2911;"Apparel";"Africa";"Ugep";"Kinshasa";"Democratic Republic of the Congo";"North Africa";235;36.16;86.01;3;"DEBIT"
88484;"2025-04-04";0;"Second Class";8520;"Golf";"Africa";"Ugep";"Grand Casablanca";"Morocco";"North Africa";924;68.52;64.43;9;"CREDIT"
88685;"2023-11-20";1;"Standard Class";9524;"Outdoors";"Australia";"Casablanca";"Dakar";"Senegal";"West Africa";306;47.7;86.09;9;"CASH"
88763;"2022-07-30";1;"Same Day";8741;"Golf";"Australia";"Kuito";"Kinshasa";"Democratic Republic of the Congo";"West Africa";1353;34.08;20.39;8;"CASH"
88961;"2024-02-08";0;"Same Day";88;"Footwear";"Asia";"Casablanca";"Bayelsa";"Democratic Republic of the Congo";"Central Africa";502;43.86;32.42;7;"CREDIT"
88977;"2023-09-11";1;"Same Day";5820;"Apparel";"Africa";"Casablanca";"Bayelsa";"Morocco";"West Africa";24;75.37;79.07;3;"CREDIT"
89135;"2024-11-30";1;"Standard Class";4329;"Outdoors";"Africa";"Dakar";"Kinshasa";"Angola";"Central Africa";897;54.11;41.98;3;"CASH"
89181;"2023-03-11";0;"Standard Class";6875;"Apparel";"Africa";"Casablanca";"Dakar";"Angola";"South Africa";44;26.65;49.33;8;"CASH"
89227;"2024-01-04";1;"Standard Class";54;"Golf";"Australia";"Kinshasa";"Grand Casablanca";"Nigeria";"West Africa";235;33.73;37.71;5;"CREDIT"
89233;"2023-12-30";0;"Second Class";9495;"Golf";"Asia";"Dakar";"Kinshasa";"Morocco";"North Africa";1352;33.2;26.06;7;"DEBIT"
89262;"2022-07-24";1;"First Class";3144;"Golf";"Africa";"Kuito";"Grand Casablanca";"Democratic Republic of the Congo";"Central Africa";249;49.61;53.37;2;"CASH"
89345;"2023-02-19";0;"First Class";1331;"Footwear";"Australia";"Kuito";"Grand Casablanca";"Democratic Republic of the Congo";"North Africa";823;92.08;60.07;5;"DEBIT"
89374;"2022-09-21";0;"First Class";11720;"Technology";"Asia";"Kinshasa";"Bayelsa";"Senegal";"South Africa";924;89.07;12.04;2;"CREDIT"
89405;"2023-05-13";1;"First Class";9698;"Footwear";"Europe";"Ugep";"Kinshasa";"Angola";"Central Africa";917;74.87;49.21;5;"DEBIT"
89452;"2022-09-14";1;"Standard Class";122;"Technology";"Asia";"Kinshasa";"Cross River";"Angola";"North Africa";565;34.55;50.01;2;"CASH"
89462;"2022-12-06";0;"Same Day";9114;"Golf";"Europe";"Casablanca";"Dakar";"Morocco";"North Africa";797;13.52;21.79;1;"CREDIT"
89578;"2024-01-01";0;"Same Day";8254;"Outdoors";"Europe";"Dakar";"Grand Casablanca";"Angola";"South Africa";886;39.53;10.0;3;"CREDIT"
89595;"2023-10-20";0;"Second Class";639;"Outdoors";"Europe";"Kuito";"Dakar";"Nigeria";"West Africa";1357;99.85;7.98;5;"CREDIT"
89767;"2023-07-28";1;"Same Day";12381;"Footwear";"Asia";"Kinshasa";"Dakar";"Democratic Republic of the Congo";"North Africa";249;78.66;75.31;8;"DEBIT"
89836;"2025-02-12";0;"Same Day";3546;"Technology";"Africa";"Dakar";"Dakar";"Nigeria";"Central Africa";251;58.82;85.0;2;"CREDIT"
89867;"2024-01-26";1;"First Class";13256;"Apparel";"Asia";"Ugep";"Cross River";"Democratic Republic of the Congo";"Central Africa";825;14.74;17.01;1;"DEBIT"
89881;"2025-01-16";0;"First Class";19385;"Technology";"Europe";"Dakar";"Kinshasa";"Nigeria";"Central Africa";359;44.4;7.37;5;"CREDIT"
89975;"2024-10-28";0;"Second Class";6967;"Apparel";"Africa";"Kuito";"Kinshasa";"Nigeria";"West Africa";886;72.49;17.95;1;"DEBIT"
89980;"2024-03-08";0;"Standard Class";10794;"Outdoors";"Africa";"Dakar";"Cross River";"Morocco";"South Africa";134;75.93;52.32;4;"DEBIT"
89983;"2023-10-12";1;"First Class";19378;"Technology";"Asia";"Casablanca";"Cross River";"Democratic Republic of the Congo";"South Africa";93;47.18;37.93;8;"DEBIT"
89991;"2023-10-22";0;"Second Class";2131;"Apparel";"Europe";"Casablanca";"Bayelsa";"Angola";"Central Africa";835;24.24;17.65;6;"CASH"
90080;"2023-01-10";0;"First Class";1662;"Golf";"Asia";"Kuito";"Kinshasa";"Democratic Republic of the Congo";"North Africa";823;26.33;47.64;7;"CREDIT"
90303;"2024-02-17";0;"Second Class";5384;"Outdoors";"Europe";"Ugep";"Grand Casablanca";"Angola";"North Africa";886;24.87;25.17;5;"CREDIT"
90331;"2023-09-19";0;"Second Class";19472;"Technology";"Australia";"Casablanca";"Dakar";"Nigeria";"West Africa";282;23.94;64.94;4;"CREDIT"
90370;"2022-06-23";1;"Same Day";2111;"Golf";"Asia";"Ugep";"Grand Casablanca";"Morocco";"South Africa";134;83.32;5.71;1;"CREDIT"
90389;"2025-02-05";0;"First Class";11930;"Technology";"Australia";"Ugep";"Cross River";"Senegal";"South Africa";249;82.55;39.84;5;"CREDIT"
90424;"2023-12-19";0;"Same Day";8397;"Technology";"Africa";"Ugep";"Cross River";"Democratic Republic of the Congo";"West Africa";24;45.52;66.23;3;"CREDIT"
90490;"2023-05-18";0;"Standard Class";5935;"Footwear";"Australia";"Dakar";"Kinshasa";"Nigeria";"North Africa";282;79.79;17.29;8;"DEBIT"
90506;"2024-03-16";0;"Same Day";7007;"Apparel";"Europe";"Kinshasa";"Grand Casablanca";"Morocco";"West Africa";1349;75.53;63.26;4;"DEBIT"
90639;"2024-07-17";1;"Same Day";19420;"Apparel";"Africa";"Ugep";"Bayelsa";"Nigeria";"North Africa";502;95.46;32.93;6;"DEBIT"
90706;"2024-09-25";0;"First Class";8792;"Outdoors";"Asia";"Casablanca";"Cross River";"Morocco";"Central Africa";251;85.76;59.38;6;"CASH"
90915;"2024-12-22";1;"Standard Class";10497;"Apparel";"Africa";"Dakar";"Grand Casablanca";"Senegal";"West Africa";885;81.38;82.31;4;"CREDIT"
91063;"2023-04-17";0;"Same Day";5884;"Footwear";"Europe";"Dakar";"Cross River";"Morocco";"North Africa";572;20.24;54.01;6;"DEBIT"
91080;"2023-03-15";1;"Same Day";6248;"Footwear";"Australia";"Kuito";"Cross River";"Nigeria";"West Africa";627;96.52;27.51;6;"CREDIT"
91132;"2023-10-28";1;"First Class";9148;"Golf";"Africa";"Kinshasa";"Bayelsa";"Senegal";"North Africa";627;42.87;26.57;3;"DEBIT"
91245;"2025-01-07";0;"First Class";9962;"Technology";"Asia";"Dakar";"Dakar";"Senegal";"North Africa";273;80.56;81.97;9;"DEBIT"
91375;"2023-08-17";0;"Standard Class";695;"Outdoors";"Australia";"Ugep";"Bayelsa";"Senegal";"Central Africa";828;60.81;28.29;2;"CREDIT"
91441;"2025-01-29";0;"Same Day";1948;"Golf";"Australia";"Ugep";"Dakar";"Nigeria";"North Africa";191;46.71;8.63;1;"CASH"
91590;"2023-12-19";0;"First Class";8696;"Apparel";"Australia";"Ugep";"Kinshasa";"Senegal";"Central Africa";1350;55.48;86.51;7;"DEBIT"
91597;"2025-04-15";1;"Second Class";6306;"Footwear";"Australia";"Kuito";"Cross River";"Angola";"Central Africa";278;14.37;62.43;6;"CREDIT"
91644;"2025-05-02";1;"Second Class";702;"Footwear";"Asia";"Kinshasa";"Dakar";"Angola";"West Africa";905;31.95;35.75;3;"CASH"
91762;"2022-10-04";1;"Standard Class";6473;"Footwear";"Australia";"Dakar";"Kinshasa";"Senegal";"South Africa";1353;59.24;80.72;8;"CASH"
91940;"2024-12-12";0;"Standard Class";11674;"Golf";"Australia";"Kinshasa";"Grand Casablanca";"Senegal";"North Africa";249;92.28;8.56;2;"CREDIT"
92039;"2025-02-07";0;"First Class";3935;"Footwear";"Australia";"Casablanca";"Bayelsa";"Democratic Republic of the Congo";"North Africa";306;15.41;53.67;3;"CREDIT"
92116;"2023-06-28";0;"Same Day";8050;"Outdoors";"Asia";"Kinshasa";"Cross River";"Democratic Republic of the Congo";"Central Africa";364;55.89;26.67;5;"CASH"
92160;"2022-09-05";0;"Same Day";4140;"Footwear";"Australia";"Casablanca";"Dakar";"Senegal";"West Africa";502;23.67;69.66;2;"CASH"
92215;"2023-02-25";1;"First Class";4717;"Golf";"Africa";"Kuito";"Grand Casablanca";"Nigeria";"North Africa";822;73.5;21.5;9;"CREDIT"
92332;"2024-09-20";0;"Same Day";3298;"Footwear";"Africa";"Kinshasa";"Bayelsa";"Angola";"North Africa";1357;39.45;77.41;7;"CREDIT"
92443;"2024-07-29";0;"Second Class";3518;"Golf";"Asia";"Kuito";"Dakar";"Nigeria";"West Africa";1357;52.84;44.95;9;"CASH"
92777;"2023-02-03";0;"First Class";10041;"Footwear";"Europe";"Kuito";"Cross River";"Morocco";"Central Africa";1351;62.69;21.89;8;"CREDIT"
92838;"2023-03-13";0;"Standard Class";474;"Outdoors";"Africa";"Ugep";"Grand Casablanca";"Morocco";"North Africa";93;98.76;47.97;5;"DEBIT"
92848;"2025-06-02";0;"Standard Class";2013;"Outdoors";"Africa";"Dakar";"Kinshasa";"Democratic Republic of the Congo";"West Africa";1349;37.28;60.63;5;"CASH"
92966;"2024-03-28";1;"First Class";11696;"Technology";"Europe";"Dakar";"Kinshasa";"Senegal";"South Africa";1353;26.69;13.15;5;"DEBIT"
92969;"2024-07-29";0;"Standard Class";8511;"Technology";"Asia";"Ugep";"Kinshasa";"Morocco";"North Africa";804;24.24;26.93;9;"DEBIT"
93162;"2024-03-29";1;"First Class";1657;"Technology";"Europe";"Kinshasa";"Dakar";"Angola";"North Africa";905;41.46;79.29;6;"CREDIT"
93194;"2022-07-06";0;"First Class";1219;"Technology";"Africa";"Casablanca";"Cross River";"Democratic Republic of the Congo";"South Africa";957;15.63;83.73;8;"CASH"
93213;"2022-09-05";0;"First Class";6227;"Apparel";"Europe";"Casablanca";"Dakar";"Democratic Republic of the Congo";"South Africa";44;78.23;24.36;3;"DEBIT"
93263;"2022-09-25";1;"Second Class";5089;"Apparel";"Africa";"Kinshasa";"Grand Casablanca";"Nigeria";"Central Africa";203;19.39;78.59;2;"CASH"
93445;"2023-10-14";1;"First Class";5301;"Outdoors";"Australia";"Ugep";"Cross River";"Senegal";"South Africa";364;19.06;25.33;7;"CREDIT"
93485;"2024-02-28";0;"Standard Class";223;"Apparel";"Europe";"Ugep";"Bayelsa";"Democratic Republic of the Congo";"West Africa";821;45.87;88.42;8;"DEBIT"
93515;"2024-09-27";0;"Second Class";8098;"Outdoors";"Africa";"Dakar";"Grand Casablanca";"Angola";"Central Africa";359;89.74;80.18;7;"CREDIT"
93539;"2023-11-12";1;"First Class";11292;"Footwear";"Australia";"Casablanca";"Dakar";"Angola";"North Africa";44;57.24;10.33;8;"DEBIT"
93716;"2024-03-23";0;"Standard Class";19426;"Golf";"Asia";"Dakar";"Kinshasa";"Democratic Republic of the Congo";"Central Africa";627;49.61;20.97;3;"DEBIT"
93928;"2023-08-09";1;"First Class";19411;"Outdoors";"Africa";"Kuito";"Grand Casablanca";"Democratic Republic of the Congo";"Central Africa";977;60.46;40.54;5;"CREDIT"
93940;"2023-03-31";0;"First Class";185;"Footwear";"Europe";"Kuito";"Dakar";"Nigeria";"South Africa";565;40.76;23.11;8;"CASH"
94034;"2022-09-17";1;"Standard Class";2214;"Outdoors";"Africa";"Casablanca";"Bayelsa";"Democratic Republic of the Congo";"West Africa";37;44.68;67.27;2;"CREDIT"
94086;"2023-11-20";1;"First Class";489;"Apparel";"Asia";"Kuito";"Cross River";"Angola";"Central Africa";977;20.88;79.64;5;"CASH"
94135;"2025-06-17";1;"First Class";5887;"Outdoors";"Australia";"Kinshasa";"Cross River";"Senegal";"South Africa";917;21.48;58.2;9;"DEBIT"
94148;"2022-09-28";0;"Standard Class";778;"Technology";"Australia";"Kinshasa";"Cross River";"Senegal";"West Africa";905;50.76;54.64;3;"CREDIT"
94290;"2024-07-28";0;"Same Day";11286;"Golf";"Asia";"Kinshasa";"Kinshasa";"Senegal";"South Africa";825;83.29;49.9;2;"DEBIT"
94459;"2023-10-26";1;"Same Day";9619;"Technology";"Australia";"Kinshasa";"Cross River";"Nigeria";"West Africa";1357;41.21;29.4;2;"CASH"
94465;"2024-08-14";1;"Standard Class";1718;"Technology";"Australia";"Kuito";"Bayelsa";"Democratic Republic of the Congo";"North Africa";810;15.57;71.35;8;"CREDIT"
94511;"2024-08-02";0;"Second Class";9342;"Outdoors";"Europe";"Kinshasa";"Grand Casablanca";"Democratic Republic of the Congo";"Central Africa";1351;82.64;73.89;4;"DEBIT"
94565;"2023-06-21";1;"First Class";7680;"Footwear";"Europe";"Casablanca";"Dakar";"Morocco";"West Africa";364;85.82;8.02;5;"CASH"
94603;"2024-01-04";1;"First Class";11197;"Footwear";"Africa";"Kinshasa";"Bayelsa";"Morocco";"South Africa";273;78.7;72.09;2;"DEBIT"
94643;"2023-04-09";1;"Standard Class";9857;"Technology";"Asia";"Casablanca";"Dakar";"Morocco";"West Africa";886;14.59;70.07;9;"CASH"
94735;"2023-12-18";0;"Standard Class";2924;"Golf";"Asia";"Kinshasa";"Cross River";"Angola";"West Africa";306;84.02;33.58;1;"CREDIT"
94758;"2024-12-21";1;"Standard Class";11947;"Technology";"Europe";"Dakar";"Cross River";"Senegal";"North Africa";364;95.9;42.73;5;"CASH"
94789;"2024-03-14";1;"First Class";5474;"Apparel";"Australia";"Kuito";"Grand Casablanca";"Democratic Republic of the Congo";"West Africa";926;34.85;86.59;7;"DEBIT"
94813;"2022-08-07";1;"Same Day";10648;"Golf";"Africa";"Ugep";"Bayelsa";"Senegal";"South Africa";885;66.03;5.34;3;"DEBIT"
94820;"2024-01-01";1;"Standard Class";2111;"Footwear";"Asia";"Kinshasa";"Kinshasa";"Nigeria";"South Africa";917;71.87;6.99;2;"CREDIT"
94885;"2024-04-30";0;"Same Day";8103;"Apparel";"Australia";"Casablanca";"Dakar";"Angola";"Central Africa";306;78.88;68.39;7;"DEBIT"
94942;"2024-10-09";0;"Same Day";7735;"Apparel";"Africa";"Dakar";"Cross River";"Democratic Republic of the Congo";"West Africa";642;45.85;78.92;5;"CASH"
94943;"2023-04-04";1;"Second Class";13597;"Technology";"Europe";"Dakar";"Cross River";"Angola";"South Africa";823;84.8;64.87;1;"CREDIT"
94967;"2023-09-30";0;"Same Day";2028;"Outdoors";"Europe";"Dakar";"Cross River";"Angola";"South Africa";60;48.04;18.49;5;"CREDIT"
95043;"2024-12-24";0;"Same Day";4427;"Technology";"Africa";"Casablanca";"Cross River";"Senegal";"North Africa";897;24.08;25.08;7;"DEBIT"
95044;"2024-10-23";0;"Standard Class";7705;"Apparel";"Africa";"Dakar";"Grand Casablanca";"Nigeria";"West Africa";642;20.25;29.52;7;"DEBIT"
95074;"2023-02-18";1;"First Class";9174;"Golf";"Europe";"Kuito";"Dakar";"Morocco";"North Africa";810;84.78;31.55;1;"CREDIT"
95290;"2022-09-26";1;"Same Day";12069;"Footwear";"Africa";"Dakar";"Bayelsa";"Democratic Republic of the Congo";"North Africa";282;14.6;28.54;4;"CASH"
95389;"2024-04-08";0;"First Class";6405;"Golf";"Australia";"Kuito";"Grand Casablanca";"Democratic Republic of the Congo";"Central Africa";642;92.82;39.07;8;"CREDIT"
95429;"2022-12-24";1;"First Class";4717;"Golf";"Europe";"Casablanca";"Cross River";"Democratic Republic of the Congo";"West Africa";116;56.53;86.3;9;"CREDIT"
95533;"2022-11-19";0;"Standard Class";7701;"Golf";"Europe";"Casablanca";"Dakar";"Democratic Republic of the Congo";"South Africa";642;29.83;64.27;2;"CASH"
95578;"2024-04-21";0;"First Class";14322;"Outdoors";"Europe";"Kuito";"Cross River";"Angola";"West Africa";1350;44.36;42.22;1;"DEBIT"
95628;"2024-05-21";0;"Same Day";10983;"Footwear";"Australia";"Casablanca";"Cross River";"Morocco";"North Africa";828;86.36;57.29;1;"DEBIT"
95691;"2022-09-09";0;"Second Class";2041;"Golf";"Asia";"Casablanca";"Grand Casablanca";"Senegal";"Central Africa";893;74.34;58.03;3;"DEBIT"
95834;"2023-05-12";0;"Same Day";9353;"Golf";"Australia";"Kinshasa";"Cross River";"Nigeria";"North Africa";893;65.65;59.32;9;"CASH"
95965;"2024-04-17";0;"First Class";4346;"Golf";"Asia";"Kinshasa";"Cross River";"Democratic Republic of the Congo";"North Africa";249;58.5;16.82;9;"CREDIT"
96069;"2022-09-27";0;"Second Class";9501;"Footwear";"Africa";"Dakar";"Kinshasa";"Senegal";"South Africa";885;63.55;77.25;8;"DEBIT"
96152;"2023-06-18";0;"Second Class";7391;"Outdoors";"Africa";"Kuito";"Cross River";"Morocco";"North Africa";60;50.65;56.25;1;"CASH"
96258;"2025-02-19";1;"Same Day";10679;"Golf";"Australia";"Kinshasa";"Kinshasa";"Democratic Republic of the Congo";"South Africa";1360;78.07;41.63;3;"CASH"
96397;"2023-05-03";0;"Standard Class";6951;"Golf";"Asia";"Kuito";"Cross River";"Nigeria";"Central Africa";564;44.57;57.96;3;"CREDIT"
96733;"2023-08-09";0;"Standard Class";8293;"Outdoors";"Australia";"Kinshasa";"Dakar";"Senegal";"South Africa";278;46.83;66.02;6;"CREDIT"
96926;"2025-05-05";1;"Second Class";7465;"Golf";"Australia";"Casablanca";"Kinshasa";"Angola";"North Africa";804;53.96;22.02;1;"CASH"
96944;"2023-10-14";0;"Second Class";5329;"Golf";"Australia";"Casablanca";"Grand Casablanca";"Democratic Republic of the Congo";"Central Africa";897;95.26;37.93;5;"CASH"
97047;"2024-02-18";1;"Second Class";10454;"Apparel";"Asia";"Dakar";"Kinshasa";"Nigeria";"Central Africa";135;15.96;38.2;2;"CASH"
97118;"2024-09-23";1;"Second Class";8511;"Apparel";"Africa";"Ugep";"Dakar";"Senegal";"West Africa";1360;94.05;85.98;7;"DEBIT"
97234;"2025-05-13";1;"Standard Class";6277;"Golf";"Europe";"Ugep";"Kinshasa";"Senegal";"South Africa";804;94.46;29.25;7;"CASH"
97301;"2024-02-19";0;"First Class";4147;"Footwear";"Australia";"Dakar";"Dakar";"Nigeria";"Central Africa";797;47.74;30.68;4;"CREDIT"
97322;"2025-03-27";1;"Standard Class";8744;"Golf";"Europe";"Ugep";"Dakar";"Angola";"South Africa";403;40.94;26.76;2;"CASH"
97350;"2023-11-18";1;"Second Class";125;"Apparel";"Europe";"Ugep";"Bayelsa";"Democratic Republic of the Congo";"South Africa";828;87.84;5.9;6;"CREDIT"
97505;"2022-07-27";1;"First Class";13035;"Apparel";"Africa";"Dakar";"Kinshasa";"Angola";"West Africa";364;78.94;48.48;2;"DEBIT"
97607;"2022-07-20";0;"Second Class";11213;"Footwear";"Africa";"Kinshasa";"Dakar";"Morocco";"North Africa";276;70.93;35.41;2;"CASH"
97691;"2022-08-25";0;"Same Day";2805;"Outdoors";"Europe";"Ugep";"Dakar";"Democratic Republic of the Congo";"Central Africa";567;63.79;22.87;4;"CREDIT"
97869;"2024-10-26";1;"Second Class";1443;"Technology";"Europe";"Ugep";"Bayelsa";"Angola";"West Africa";825;85.97;13.56;4;"DEBIT"
97983;"2022-08-10";0;"First Class";19412;"Footwear";"Europe";"Kuito";"Dakar";"Nigeria";"Central Africa";825;32.27;36.97;5;"CREDIT"
98068;"2025-02-07";1;"Same Day";1475;"Apparel";"Australia";"Casablanca";"Grand Casablanca";"Senegal";"South Africa";364;39.43;85.55;4;"CASH"
98090;"2023-04-13";1;"Same Day";9414;"Technology";"Asia";"Dakar";"Bayelsa";"Senegal";"South Africa";822;56.63;26.67;7;"CREDIT"
98138;"2022-11-24";1;"First Class";5898;"Outdoors";"Asia";"Kuito";"Bayelsa";"Nigeria";"South Africa";797;81.51;36.48;4;"CREDIT"
98338;"2023-04-02";0;"Second Class";647;"Outdoors";"Africa";"Dakar";"Bayelsa";"Democratic Republic of the Congo";"Central Africa";502;61.96;26.21;9;"DEBIT"
98464;"2023-11-08";1;"Second Class";1628;"Footwear";"Asia";"Casablanca";"Cross River";"Angola";"North Africa";893;62.86;22.22;2;"CREDIT"
98494;"2024-08-28";1;"First Class";4533;"Outdoors";"Europe";"Ugep";"Kinshasa";"Nigeria";"North Africa";1360;85.99;89.29;7;"CREDIT"
98511;"2023-05-29";0;"Standard Class";5929;"Outdoors";"Europe";"Kuito";"Bayelsa";"Senegal";"Central Africa";172;90.2;85.46;7;"CASH"
98755;"2024-09-27";0;"Same Day";19357;"Outdoors";"Australia";"Casablanca";"Cross River";"Democratic Republic of the Congo";"South Africa";906;96.83;88.2;6;"CASH"
98773;"2022-08-01";0;"First Class";19489;"Apparel";"Europe";"Kinshasa";"Grand Casablanca";"Democratic Republic of the Congo";"North Africa";885;46.74;57.33;6;"CASH"
98809;"2023-06-24";1;"First Class";13363;"Apparel";"Asia";"Dakar";"Bayelsa";"Morocco";"West Africa";116;22.25;44.26;2;"DEBIT"
98887;"2025-04-02";0;"Standard Class";3358;"Apparel";"Europe";"Ugep";"Dakar";"Morocco";"North Africa";567;98.36;46.98;8;"CREDIT"
98889;"2022-10-12";1;"First Class";11715;"Technology";"Asia";"Dakar";"Kinshasa";"Nigeria";"West Africa";810;75.24;29.69;7;"CASH"
98940;"2022-09-03";1;"Standard Class";2511;"Outdoors";"Asia";"Kinshasa";"Kinshasa";"Democratic Republic of the Congo";"South Africa";191;34.77;49.67;9;"CREDIT"
98969;"2023-12-31";1;"First Class";10031;"Technology";"Europe";"Ugep";"Kinshasa";"Nigeria";"North Africa";1360;23.3;65.69;2;"DEBIT"
99074;"2023-10-21";1;"Standard Class";5274;"Footwear";"Asia";"Casablanca";"Grand Casablanca";"Morocco";"Central Africa";897;60.71;70.67;5;"CREDIT"
99274;"2023-05-01";0;"First Class";4248;"Outdoors";"Australia";"Dakar";"Bayelsa";"Nigeria";"South Africa";203;99.75;87.76;2;"CREDIT"
99376;"2022-08-09";1;"Second Class";10081;"Footwear";"Australia";"Kinshasa";"Bayelsa";"Senegal";"North Africa";1349;73.19;58.56;7;"CASH"
99486;"2023-06-07";1;"Same Day";9444;"Outdoors";"Africa";"Kuito";"Dakar";"Democratic Republic of the Congo";"South Africa";828;41.75;54.99;4;"CASH"
99487;"2025-02-20";0;"First Class";9702;"Golf";"Asia";"Dakar";"Bayelsa";"Nigeria";"North Africa";37;98.0;32.69;4;"CASH"
99590;"2024-12-09";0;"Same Day";629;"Apparel";"Australia";"Kinshasa";"Kinshasa";"Angola";"North Africa";977;69.06;8.59;7;"CASH"
99708;"2022-06-24";0;"Second Class";11169;"Outdoors";"Europe";"Casablanca";"Kinshasa";"Senegal";"West Africa";977;32.8;17.48;2;"CASH"
99955;"2023-03-02";1;"Same Day";6162;"Footwear";"Europe";"Casablanca";"Dakar";"Senegal";"Central Africa";24;34.41;41.14;5;"CASH"
99964;"2024-03-03";0;"Standard Class";4936;"Technology";"Africa";"Kuito";"Cross River";"Democratic Republic of the Congo";"West Africa";926;47.5;66.89;7;"CASH"
