Date,Store ID,Category,Units Sold,Sales Amount,Total Cost,Gross Margin,Variance Last Year %
2024-01-01,S001,Home,15,1707.29,1023.8,683.49,-0.0876
2024-01-01,S002,Kids,23,525.35,350.17,175.18,0.0904
2024-01-01,S003,Kids,22,497.54,313.7,183.84,0.2254
2024-01-01,S004,Mens,21,2065.56,1245.35,820.21,-0.1472
2024-01-01,S005,Womens,17,1459.36,802.6,656.76,-0.1313
2024-01-01,S006,Home,16,742.79,351.08,391.71,0.0974
2024-01-01,S007,Home,23,3397.93,1925.58,1472.35,0.194
2024-01-01,S008,Electronics,9,214.04,147.09,66.95,0.2363
2024-01-01,S009,Mens,9,154.4,78.39,76.01,-0.0536
2024-01-01,S010,Home,7,681.45,448.6,232.85,-0.0807
2024-01-01,S011,Womens,4,158.41,101.2,57.21,0.0201
2024-01-01,S012,Shoes,10,916.4,419.55,496.85,0.1869
2024-01-01,S013,Home,2,136.69,93.18,43.51,0.1409
2024-01-01,S014,Shoes,23,1962.19,1354.49,607.7,0.1878
2024-01-01,S015,Electronics,18,1581.45,943.63,637.82,0.2361
2024-01-01,S016,Home,13,442.32,287.75,154.57,-0.1202
2024-01-01,S017,Womens,24,1639.42,858.03,781.39,-0.1444
2024-01-01,S018,Kids,17,1887.53,1222.26,665.27,0.0924
2024-01-01,S019,Mens,7,720.27,488.88,231.39,0.19
2024-01-01,S020,Home,2,55.76,30.26,25.5,0.1175
2024-01-02,S001,Electronics,3,284.48,147.55,136.93,0.0745
2024-01-02,S002,Kids,5,730.91,484.03,246.88,0.1387
2024-01-02,S003,Shoes,7,143.21,89.89,53.32,-0.1056
2024-01-02,S004,Home,13,549.02,370.01,179.01,0.0401
2024-01-02,S005,Electronics,4,550.09,281.82,268.27,0.0142
2024-01-02,S006,Kids,4,569.14,341.32,227.82,0.1279
2024-01-02,S007,Home,2,198.58,104.04,94.54,-0.1078
2024-01-02,S008,Home,12,482.24,324.61,157.63,0.0657
2024-01-02,S009,Mens,23,3127.36,1655.94,1471.42,-0.106
2024-01-02,S010,Womens,20,1251.94,658.76,593.18,-0.0841
2024-01-02,S011,Kids,9,724.07,451.17,272.9,-0.0422
2024-01-02,S012,Kids,22,979.73,577.58,402.15,0.0115
2024-01-02,S013,Shoes,17,837.74,428.69,409.05,0.1285
2024-01-02,S014,Kids,17,594.86,416.07,178.79,-0.0433
2024-01-02,S015,Mens,2,140.98,64.61,76.37,-0.012
2024-01-02,S016,Womens,19,2031.01,1183.54,847.47,0.0291
2024-01-02,S017,Shoes,23,2431.98,1557.45,874.53,-0.0549
2024-01-02,S018,Shoes,24,1883.77,1310.83,572.94,0.0095
2024-01-02,S019,Womens,9,524.75,260.61,264.14,-0.1337
2024-01-02,S020,Home,4,68.96,39.86,29.1,-0.0594
2024-01-03,S001,Home,9,974.49,532.74,441.75,0.2247
2024-01-03,S002,Womens,11,671.48,321.21,350.27,0.2199
2024-01-03,S003,Shoes,10,498.22,306.4,191.82,0.1769
2024-01-03,S004,Womens,20,1730.06,883.13,846.93,-0.1128
2024-01-03,S005,Home,5,682.78,415.32,267.46,-0.0144
2024-01-03,S006,Kids,19,2147.08,1447.73,699.35,0.2048
2024-01-03,S007,Womens,24,3117.01,2131.75,985.26,0.1641
2024-01-03,S008,Home,3,195.77,134.11,61.66,0.2395
2024-01-03,S009,Mens,14,1247.11,776.92,470.19,0.1108
2024-01-03,S010,Womens,4,444.58,226.43,218.15,-0.0198
2024-01-03,S011,Home,24,2464.81,1632.46,832.35,0.113
2024-01-03,S012,Womens,16,442.34,239.72,202.62,-0.0439
2024-01-03,S013,Shoes,6,882.9,504.74,378.16,0.2124
2024-01-03,S014,Kids,2,124.52,76.12,48.4,0.1176
2024-01-03,S015,Womens,5,230.38,132.42,97.96,0.0788
2024-01-03,S016,Womens,17,2537.49,1439.99,1097.5,-0.0382
2024-01-03,S017,Shoes,3,347.83,239.4,108.43,-0.0177
2024-01-03,S018,Shoes,21,1937.45,1346.69,590.76,-0.1199
2024-01-03,S019,Electronics,21,856.23,442.77,413.46,0.0441
2024-01-03,S020,Mens,10,1413.81,882.23,531.58,0.078
2024-01-04,S001,Mens,15,2229.86,1081.53,1148.33,0.0573
2024-01-04,S002,Mens,17,2202.7,1066.45,1136.25,0.1336
2024-01-04,S003,Electronics,10,1242.64,810.86,431.78,0.1968
2024-01-04,S004,Electronics,7,578.93,376.06,202.87,0.11
2024-01-04,S005,Shoes,16,349.66,234.85,114.81,-0.139
2024-01-04,S006,Mens,2,148.39,91.71,56.68,-0.0187
2024-01-04,S007,Mens,22,2084.77,954.04,1130.73,-0.1351
2024-01-04,S008,Shoes,15,954.39,459.79,494.6,0.0589
2024-01-04,S009,Electronics,12,1743.71,984.0,759.71,0.1868
2024-01-04,S010,Home,15,1641.51,795.46,846.05,-0.0969
2024-01-04,S011,Mens,10,585.99,380.19,205.8,-0.0417
2024-01-04,S012,Home,23,1123.92,557.56,566.36,-0.1177
2024-01-04,S013,Womens,12,842.5,415.63,426.87,-0.0874
2024-01-04,S014,Mens,22,2452.35,1508.32,944.03,-0.038
2024-01-04,S015,Electronics,7,725.97,405.76,320.21,0.142
2024-01-04,S016,Kids,12,1096.98,537.15,559.83,-0.1019
2024-01-04,S017,Electronics,14,383.5,181.6,201.9,-0.0254
2024-01-04,S018,Shoes,20,773.39,351.34,422.05,0.1553
2024-01-04,S019,Electronics,7,432.26,244.73,187.53,0.1099
2024-01-04,S020,Mens,10,1431.35,961.39,469.96,-0.0456
2024-01-05,S001,Mens,19,1575.54,1046.35,529.19,0.1135
2024-01-05,S002,Home,16,392.43,239.62,152.81,-0.1394
2024-01-05,S003,Kids,20,1853.78,1014.1,839.68,0.1073
2024-01-05,S004,Womens,19,2389.94,1449.46,940.48,0.1782
2024-01-05,S005,Mens,11,455.75,212.99,242.76,-0.1097
2024-01-05,S006,Mens,19,1870.82,999.28,871.54,0.1123
2024-01-05,S007,Electronics,10,181.42,118.58,62.84,-0.0373
2024-01-05,S008,Home,21,1302.53,891.14,411.39,-0.1343
2024-01-05,S009,Womens,21,3058.09,1795.08,1263.01,0.0194
2024-01-05,S010,Kids,17,1934.13,932.1,1002.03,-0.05
2024-01-05,S011,Shoes,5,236.05,146.34,89.71,0.146
2024-01-05,S012,Kids,9,593.94,346.61,247.33,0.0486
2024-01-05,S013,Womens,22,1213.98,576.64,637.34,-0.1286
2024-01-05,S014,Electronics,9,1164.28,627.23,537.05,0.2327
2024-01-05,S015,Home,19,1549.61,729.59,820.02,-0.1133
2024-01-05,S016,Home,20,2115.8,1350.08,765.72,0.1666
2024-01-05,S017,Womens,7,191.19,109.67,81.52,-0.127
2024-01-05,S018,Mens,5,572.5,335.76,236.74,0.1323
2024-01-05,S019,Home,9,1060.24,640.97,419.27,-0.1096
2024-01-05,S020,Shoes,13,585.62,321.6,264.02,0.2068
2024-01-06,S001,Mens,5,421.5,214.25,207.25,0.0825
2024-01-06,S002,Electronics,1,133.85,68.15,65.7,0.2131
2024-01-06,S003,Electronics,4,249.12,156.21,92.91,0.0427
2024-01-06,S004,Home,22,2424.1,1241.58,1182.52,-0.0179
2024-01-06,S005,Shoes,3,147.74,81.45,66.29,0.0786
2024-01-06,S006,Home,8,246.93,151.2,95.73,0.1484
2024-01-06,S007,Electronics,17,445.24,259.17,186.07,0.0245
2024-01-06,S008,Mens,12,1764.2,1039.12,725.08,-0.0209
2024-01-06,S009,Shoes,21,3130.06,1466.27,1663.79,0.0715
2024-01-06,S010,Home,18,673.9,339.78,334.12,-0.0322
2024-01-06,S011,Womens,21,2290.78,1250.88,1039.9,0.1448
2024-01-06,S012,Kids,12,1733.1,804.97,928.13,0.0078
2024-01-06,S013,Home,21,1101.38,547.42,553.96,0.0355
2024-01-06,S014,Mens,18,916.23,494.84,421.39,-0.046
2024-01-06,S015,Kids,22,425.98,221.48,204.5,0.0145
2024-01-06,S016,Electronics,16,591.25,400.71,190.54,0.179
2024-01-06,S017,Mens,19,2146.47,1295.08,851.39,0.0173
2024-01-06,S018,Shoes,18,1610.36,791.02,819.34,0.0145
2024-01-06,S019,Shoes,1,79.85,55.6,24.25,0.0007
2024-01-06,S020,Mens,22,2792.62,1653.99,1138.63,-0.1246
2024-01-07,S001,Womens,3,99.21,44.98,54.23,-0.1199
2024-01-07,S002,Home,17,1481.32,944.31,537.01,0.2153
2024-01-07,S003,Electronics,21,2993.41,1982.87,1010.54,-0.0511
2024-01-07,S004,Shoes,9,291.93,201.0,90.93,0.0925
2024-01-07,S005,Shoes,1,105.68,63.89,41.79,-0.0067
2024-01-07,S006,Mens,2,158.58,104.32,54.26,-0.0269
2024-01-07,S007,Womens,22,3204.88,1513.03,1691.85,0.1667
2024-01-07,S008,Womens,16,1276.9,708.85,568.05,0.1639
2024-01-07,S009,Shoes,2,247.36,167.16,80.2,0.0969
2024-01-07,S010,Mens,6,582.55,354.87,227.68,0.0719
2024-01-07,S011,Kids,2,124.03,71.75,52.28,0.1635
2024-01-07,S012,Home,23,1970.79,1230.58,740.21,0.1686
2024-01-07,S013,Mens,24,3088.38,1983.45,1104.93,-0.1235
2024-01-07,S014,Electronics,2,197.62,106.09,91.53,-0.0663
2024-01-07,S015,Kids,16,977.78,571.33,406.45,0.034
2024-01-07,S016,Kids,22,2402.07,1189.07,1213.0,0.1286
2024-01-07,S017,Womens,3,399.1,231.0,168.1,0.2392
2024-01-07,S018,Electronics,19,389.83,191.89,197.94,-0.0386
2024-01-07,S019,Electronics,22,593.45,284.95,308.5,0.0343
2024-01-07,S020,Mens,14,898.47,517.39,381.08,0.1262
2024-01-08,S001,Womens,15,1496.5,704.01,792.49,0.1994
2024-01-08,S002,Electronics,17,890.43,580.16,310.27,0.1493
2024-01-08,S003,Electronics,20,865.24,469.49,395.75,0.0438
2024-01-08,S004,Mens,23,1994.58,1256.84,737.74,-0.1251
2024-01-08,S005,Kids,24,791.3,492.02,299.28,0.1878
2024-01-08,S006,Kids,15,286.71,191.18,95.53,-0.0083
2024-01-08,S007,Kids,15,437.36,277.44,159.92,-0.0771
2024-01-08,S008,Womens,17,740.27,393.73,346.54,-0.1021
2024-01-08,S009,Womens,13,1236.75,766.51,470.24,0.1657
2024-01-08,S010,Electronics,18,481.22,281.17,200.05,0.0847
2024-01-08,S011,Womens,12,386.68,201.44,185.24,-0.0048
2024-01-08,S012,Mens,2,95.98,55.15,40.83,-0.0179
2024-01-08,S013,Womens,1,16.02,8.11,7.91,-0.0039
2024-01-08,S014,Home,11,295.51,192.51,103.0,-0.1277
2024-01-08,S015,Womens,23,505.33,229.7,275.63,0.1288
2024-01-08,S016,Shoes,2,185.52,126.03,59.49,-0.1479
2024-01-08,S017,Shoes,17,1381.27,871.2,510.07,0.1783
2024-01-08,S018,Mens,15,1308.45,744.71,563.74,0.1854
2024-01-08,S019,Electronics,6,874.08,548.69,325.39,-0.0702
2024-01-08,S020,Home,17,1470.98,922.02,548.96,0.1571
2024-01-09,S001,Shoes,5,416.62,284.55,132.07,-0.0217
2024-01-09,S002,Kids,1,64.85,36.55,28.3,0.0694
2024-01-09,S003,Mens,12,506.8,314.8,192.0,-0.1149
2024-01-09,S004,Electronics,9,1058.68,634.05,424.63,0.0386
2024-01-09,S005,Kids,17,2207.42,1405.01,802.41,0.0134
2024-01-09,S006,Electronics,24,3570.61,1789.77,1780.84,0.0017
2024-01-09,S007,Womens,8,899.32,415.51,483.81,0.1626
2024-01-09,S008,Kids,9,1046.86,680.34,366.52,0.1801
2024-01-09,S009,Electronics,5,234.09,142.43,91.66,0.2131
2024-01-09,S010,Womens,13,1227.48,761.95,465.53,0.0308
2024-01-09,S011,Shoes,19,1885.82,1103.1,782.72,0.0255
2024-01-09,S012,Womens,17,2319.52,1266.39,1053.13,0.0674
2024-01-09,S013,Kids,7,215.47,147.59,67.88,0.1011
2024-01-09,S014,Mens,20,2443.87,1478.59,965.28,0.0634
2024-01-09,S015,Kids,4,598.75,382.06,216.69,0.1328
2024-01-09,S016,Kids,23,789.41,395.6,393.81,0.1356
2024-01-09,S017,Electronics,10,611.81,400.93,210.88,-0.1057
2024-01-09,S018,Home,13,418.74,230.02,188.72,0.1689
2024-01-09,S019,Electronics,15,1053.13,677.13,376.0,-0.1451
2024-01-09,S020,Kids,19,1735.53,1091.73,643.8,0.0896
2024-01-10,S001,Home,11,1589.23,851.24,737.99,-0.0591
2024-01-10,S002,Mens,14,1372.26,930.34,441.92,-0.0944
2024-01-10,S003,Mens,1,17.44,11.65,5.79,0.2228
2024-01-10,S004,Home,16,1744.77,1187.53,557.24,0.1329
2024-01-10,S005,Mens,17,1577.58,949.2,628.38,0.0197
2024-01-10,S006,Electronics,14,1975.95,1346.4,629.55,0.0303
2024-01-10,S007,Shoes,5,739.77,488.04,251.73,-0.1001
2024-01-10,S008,Womens,1,132.44,76.78,55.66,0.0865
2024-01-10,S009,Electronics,15,335.89,179.3,156.59,0.1711
2024-01-10,S010,Electronics,9,273.83,151.6,122.23,0.1954
2024-01-10,S011,Shoes,2,155.74,88.8,66.94,0.2174
2024-01-10,S012,Kids,12,1658.65,849.32,809.33,0.0811
2024-01-10,S013,Home,6,117.44,61.99,55.45,0.1622
2024-01-10,S014,Kids,22,983.69,494.96,488.73,0.0561
2024-01-10,S015,Womens,20,1539.27,907.13,632.14,0.1943
2024-01-10,S016,Electronics,8,662.37,396.66,265.71,-0.1232
2024-01-10,S017,Kids,24,3269.7,1639.05,1630.65,-0.0737
2024-01-10,S018,Electronics,16,1460.06,681.01,779.05,0.1602
2024-01-10,S019,Mens,2,174.3,99.4,74.9,0.0488
2024-01-10,S020,Kids,4,158.24,105.3,52.94,0.2284
2024-01-11,S001,Mens,10,1361.53,791.93,569.6,0.1703
2024-01-11,S002,Home,18,2376.79,1311.98,1064.81,0.0707
2024-01-11,S003,Kids,24,995.41,573.73,421.68,0.088
2024-01-11,S004,Womens,15,1378.12,925.91,452.21,0.0727
2024-01-11,S005,Mens,3,143.48,90.47,53.01,0.1923
2024-01-11,S006,Kids,16,1097.92,677.44,420.48,-0.068
2024-01-11,S007,Mens,7,703.41,445.95,257.46,0.1893
2024-01-11,S008,Electronics,19,1780.5,988.81,791.69,0.2071
2024-01-11,S009,Electronics,20,1206.84,792.02,414.82,-0.0048
2024-01-11,S010,Home,20,1985.2,1096.53,888.67,0.0708
2024-01-11,S011,Mens,21,1149.81,790.05,359.76,0.1554
2024-01-11,S012,Womens,10,913.8,636.32,277.48,0.0384
2024-01-11,S013,Womens,18,324.6,167.87,156.73,0.0667
2024-01-11,S014,Electronics,7,311.03,190.12,120.91,0.0187
2024-01-11,S015,Mens,13,1408.09,874.14,533.95,0.179
2024-01-11,S016,Electronics,10,928.3,481.34,446.96,0.0717
2024-01-11,S017,Womens,6,762.09,382.27,379.82,-0.1456
2024-01-11,S018,Electronics,6,683.07,350.2,332.87,0.1032
2024-01-11,S019,Electronics,7,646.76,426.56,220.2,0.0118
2024-01-11,S020,Shoes,14,298.77,146.87,151.9,0.1452
2024-01-12,S001,Kids,21,2024.94,1035.43,989.51,0.0057
2024-01-12,S002,Kids,4,448.28,235.02,213.26,0.0766
2024-01-12,S003,Mens,23,2405.7,1646.0,759.7,0.143
2024-01-12,S004,Womens,4,351.52,172.42,179.1,0.1866
2024-01-12,S005,Womens,13,466.45,282.59,183.86,0.0397
2024-01-12,S006,Womens,9,562.12,310.96,251.16,0.132
2024-01-12,S007,Mens,7,176.76,82.98,93.78,-0.1491
2024-01-12,S008,Kids,6,568.09,306.91,261.18,-0.1134
2024-01-12,S009,Kids,17,569.0,391.22,177.78,0.0284
2024-01-12,S010,Home,16,2125.56,1345.6,779.96,0.1726
2024-01-12,S011,Electronics,22,2222.58,1545.01,677.57,0.2113
2024-01-12,S012,Home,15,1628.68,753.91,874.77,0.118
2024-01-12,S013,Mens,16,2238.54,1108.4,1130.14,0.0772
2024-01-12,S014,Mens,7,137.08,85.59,51.49,-0.0311
2024-01-12,S015,Mens,23,2814.54,1790.8,1023.74,-0.128
2024-01-12,S016,Kids,18,1539.52,940.86,598.66,0.1101
2024-01-12,S017,Kids,12,375.32,176.11,199.21,0.1285
2024-01-12,S018,Mens,23,1600.93,949.52,651.41,0.1716
2024-01-12,S019,Home,22,1276.69,774.28,502.41,0.2044
2024-01-12,S020,Mens,12,557.39,254.23,303.16,0.198
2024-01-13,S001,Shoes,23,920.89,502.8,418.09,0.223
2024-01-13,S002,Kids,7,113.96,52.78,61.18,-0.1146
2024-01-13,S003,Shoes,21,1675.18,997.05,678.13,-0.0413
2024-01-13,S004,Womens,10,273.79,146.23,127.56,0.059
2024-01-13,S005,Womens,17,508.54,273.93,234.61,-0.0351
2024-01-13,S006,Home,18,837.67,385.77,451.9,-0.1429
2024-01-13,S007,Shoes,15,1091.24,595.91,495.33,0.1219
2024-01-13,S008,Home,5,605.78,286.14,319.64,0.017
2024-01-13,S009,Shoes,24,1874.38,1130.91,743.47,-0.0832
2024-01-13,S010,Home,4,185.1,126.92,58.18,0.1099
2024-01-13,S011,Electronics,19,1600.05,812.29,787.76,-0.0794
2024-01-13,S012,Mens,9,361.52,233.14,128.38,-0.0099
2024-01-13,S013,Electronics,22,3208.23,2152.55,1055.68,0.2211
2024-01-13,S014,Mens,17,654.09,359.13,294.96,0.1533
2024-01-13,S015,Shoes,17,608.19,397.73,210.46,-0.0602
2024-01-13,S016,Electronics,15,295.6,199.15,96.45,0.1941
2024-01-13,S017,Kids,9,610.27,316.27,294.0,0.0407
2024-01-13,S018,Kids,2,262.77,171.43,91.34,0.1121
2024-01-13,S019,Electronics,11,294.18,162.42,131.76,-0.0009
2024-01-13,S020,Kids,5,107.93,62.94,44.99,0.2348
2024-01-14,S001,Electronics,5,744.25,346.36,397.89,0.2032
2024-01-14,S002,Shoes,19,2400.31,1288.85,1111.46,0.1212
2024-01-14,S003,Kids,13,663.63,444.4,219.23,0.169
2024-01-14,S004,Home,1,36.24,17.76,18.48,-0.0164
2024-01-14,S005,Electronics,21,2243.2,1356.36,886.84,0.1511
2024-01-14,S006,Electronics,11,1592.55,901.97,690.58,0.2016
2024-01-14,S007,Mens,10,1256.93,637.46,619.47,0.2135
2024-01-14,S008,Mens,4,360.34,230.31,130.03,-0.0465
2024-01-14,S009,Mens,13,1277.71,888.39,389.32,0.1027
2024-01-14,S010,Mens,24,3012.52,1452.37,1560.15,-0.0367
2024-01-14,S011,Mens,9,1305.04,698.81,606.23,0.103
2024-01-14,S012,Shoes,5,144.19,98.67,45.52,0.1252
2024-01-14,S013,Mens,4,222.52,139.53,82.99,-0.1231
2024-01-14,S014,Mens,22,1357.27,821.46,535.81,-0.1317
2024-01-14,S015,Mens,14,2049.89,1418.97,630.92,0.1499
2024-01-14,S016,Kids,20,2347.31,1070.72,1276.59,-0.1412
2024-01-14,S017,Shoes,15,1214.5,780.44,434.06,0.1233
2024-01-14,S018,Mens,2,103.88,72.64,31.24,0.0205
2024-01-14,S019,Electronics,9,333.8,216.54,117.26,0.1275
2024-01-14,S020,Home,2,238.66,121.12,117.54,-0.0975
2024-01-15,S001,Kids,17,2465.63,1128.83,1336.8,0.1425
2024-01-15,S002,Electronics,20,1373.5,712.23,661.27,0.2436
2024-01-15,S003,Womens,6,276.26,139.04,137.22,-0.1375
2024-01-15,S004,Womens,24,1554.03,1035.12,518.91,0.0393
2024-01-15,S005,Home,14,595.0,281.31,313.69,-0.0885
2024-01-15,S006,Kids,14,1212.37,550.98,661.39,0.1687
2024-01-15,S007,Home,21,2900.06,2006.49,893.57,-0.0758
2024-01-15,S008,Womens,14,1340.84,806.95,533.89,-0.051
2024-01-15,S009,Womens,6,272.69,133.67,139.02,0.1106
2024-01-15,S010,Electronics,21,1988.4,1110.15,878.25,0.2437
2024-01-15,S011,Womens,8,621.77,385.57,236.2,0.0082
2024-01-15,S012,Shoes,11,1197.05,796.07,400.98,0.1619
2024-01-15,S013,Kids,22,2555.01,1242.96,1312.05,-0.1089
2024-01-15,S014,Shoes,15,1235.25,746.76,488.49,0.131
2024-01-15,S015,Mens,8,130.55,69.4,61.15,0.0571
2024-01-15,S016,Womens,9,561.01,257.11,303.9,-0.1186
2024-01-15,S017,Shoes,7,230.42,136.38,94.04,0.1258
2024-01-15,S018,Mens,15,630.3,310.03,320.27,-0.1082
2024-01-15,S019,Kids,3,407.97,244.25,163.72,0.0966
2024-01-15,S020,Womens,18,2542.54,1746.31,796.23,0.1001
2024-01-16,S001,Home,15,1875.02,881.31,993.71,0.2079
2024-01-16,S002,Home,6,752.01,423.44,328.57,0.1074
2024-01-16,S003,Womens,10,742.12,468.43,273.69,0.0873
2024-01-16,S004,Home,13,1036.13,625.76,410.37,-0.0184
2024-01-16,S005,Shoes,4,461.91,308.54,153.37,0.0235
2024-01-16,S006,Kids,12,1079.69,679.99,399.7,-0.0586
2024-01-16,S007,Womens,3,78.02,42.97,35.05,-0.0618
2024-01-16,S008,Shoes,15,746.81,422.44,324.37,0.1973
2024-01-16,S009,Mens,24,1738.6,932.73,805.87,-0.0016
2024-01-16,S010,Home,24,2120.29,1226.59,893.7,0.0852
2024-01-16,S011,Mens,21,1436.29,864.0,572.29,0.0891
2024-01-16,S012,Home,6,620.56,433.17,187.39,-0.0365
2024-01-16,S013,Electronics,12,801.83,454.2,347.63,0.1844
2024-01-16,S014,Womens,3,359.28,198.08,161.2,0.0907
2024-01-16,S015,Mens,12,784.01,453.28,330.73,0.0152
2024-01-16,S016,Shoes,13,962.23,456.43,505.8,0.012
2024-01-16,S017,Shoes,24,2237.3,1377.41,859.89,-0.1119
2024-01-16,S018,Womens,2,261.66,118.34,143.32,0.0854
2024-01-16,S019,Home,24,1645.18,837.82,807.36,-0.0561
2024-01-16,S020,Mens,3,224.02,119.34,104.68,0.0295
2024-01-17,S001,Home,9,658.53,337.28,321.25,0.0969
2024-01-17,S002,Womens,22,827.83,380.11,447.72,0.1446
2024-01-17,S003,Electronics,12,948.9,627.26,321.64,0.1723
2024-01-17,S004,Home,15,1983.25,994.52,988.73,-0.1052
2024-01-17,S005,Mens,14,317.89,185.26,132.63,0.2246
2024-01-17,S006,Electronics,1,31.48,17.72,13.76,0.2236
2024-01-17,S007,Electronics,1,83.48,38.43,45.05,-0.0907
2024-01-17,S008,Electronics,18,2615.24,1180.09,1435.15,0.2307
2024-01-17,S009,Mens,7,534.73,309.55,225.18,0.0455
2024-01-17,S010,Home,6,203.12,92.93,110.19,-0.0268
2024-01-17,S011,Mens,10,1139.41,558.99,580.42,-0.0747
2024-01-17,S012,Electronics,6,793.2,392.07,401.13,0.1271
2024-01-17,S013,Mens,11,1179.62,677.45,502.17,0.0971
2024-01-17,S014,Womens,12,363.24,235.7,127.54,0.2175
2024-01-17,S015,Womens,19,2698.35,1772.03,926.32,0.1168
2024-01-17,S016,Womens,2,299.84,138.54,161.3,0.2409
2024-01-17,S017,Womens,16,1865.24,881.55,983.69,-0.0345
2024-01-17,S018,Kids,4,411.28,263.75,147.53,0.2203
2024-01-17,S019,Kids,6,820.11,549.04,271.07,-0.0231
2024-01-17,S020,Electronics,11,722.87,378.94,343.93,0.1096
2024-01-18,S001,Electronics,15,1501.17,904.39,596.78,0.0754
2024-01-18,S002,Kids,1,47.07,25.57,21.5,-0.0591
2024-01-18,S003,Mens,11,1061.12,654.77,406.35,0.0978
2024-01-18,S004,Shoes,9,596.44,397.13,199.31,0.0576
2024-01-18,S005,Shoes,21,2622.03,1251.31,1370.72,-0.0904
2024-01-18,S006,Electronics,15,1305.55,785.91,519.64,0.156
2024-01-18,S007,Shoes,14,1567.25,1079.65,487.6,-0.1427
2024-01-18,S008,Kids,23,3129.3,1463.95,1665.35,0.2319
2024-01-18,S009,Home,11,729.41,364.19,365.22,0.0417
2024-01-18,S010,Kids,2,74.91,45.27,29.64,0.0592
2024-01-18,S011,Shoes,15,1302.83,775.49,527.34,-0.1141
2024-01-18,S012,Shoes,18,1241.77,862.01,379.76,0.1793
2024-01-18,S013,Shoes,11,347.99,231.36,116.63,0.1699
2024-01-18,S014,Womens,10,400.06,271.82,128.24,0.0198
2024-01-18,S015,Shoes,7,875.88,475.93,399.95,0.0606
2024-01-18,S016,Kids,13,1250.83,819.04,431.79,0.2037
2024-01-18,S017,Womens,9,920.63,454.51,466.12,-0.0057
2024-01-18,S018,Mens,8,951.54,560.61,390.93,-0.0477
2024-01-18,S019,Home,18,2048.66,1357.84,690.82,0.1186
2024-01-18,S020,Womens,18,2132.97,1039.67,1093.3,0.0196
2024-01-19,S001,Electronics,15,701.35,468.02,233.33,0.0392
2024-01-19,S002,Electronics,17,664.53,350.92,313.61,-0.0579
2024-01-19,S003,Kids,10,496.79,302.05,194.74,-0.1266
2024-01-19,S004,Womens,2,104.13,62.4,41.73,0.1203
2024-01-19,S005,Mens,22,1654.0,1043.89,610.11,-0.1437
2024-01-19,S006,Home,14,406.77,256.71,150.06,0.0814
2024-01-19,S007,Electronics,14,710.65,434.44,276.21,0.0883
2024-01-19,S008,Womens,8,516.31,276.69,239.62,0.0969
2024-01-19,S009,Electronics,17,2164.13,1336.14,827.99,-0.122
2024-01-19,S010,Electronics,8,1070.49,655.91,414.58,0.0632
2024-01-19,S011,Electronics,3,122.08,56.53,65.55,0.0014
2024-01-19,S012,Shoes,17,2539.63,1426.23,1113.4,-0.0166
2024-01-19,S013,Shoes,12,323.8,223.56,100.24,0.104
2024-01-19,S014,Womens,23,2008.74,952.48,1056.26,0.0301
2024-01-19,S015,Home,17,945.46,657.39,288.07,0.04
2024-01-19,S016,Shoes,13,405.3,281.09,124.21,-0.142
2024-01-19,S017,Home,8,950.09,485.41,464.68,0.1186
2024-01-19,S018,Home,6,298.21,192.93,105.28,0.1959
2024-01-19,S019,Electronics,16,1334.77,653.81,680.96,-0.1248
2024-01-19,S020,Home,1,45.69,24.46,21.23,0.0024
2024-01-20,S001,Mens,9,754.31,495.07,259.24,-0.0381
2024-01-20,S002,Mens,4,531.6,260.72,270.88,0.1645
2024-01-20,S003,Shoes,5,338.95,194.99,143.96,0.0089
2024-01-20,S004,Shoes,18,1795.92,1110.91,685.01,0.063
2024-01-20,S005,Shoes,6,204.44,102.83,101.61,0.1775
2024-01-20,S006,Electronics,3,115.28,71.9,43.38,-0.0116
2024-01-20,S007,Home,18,1827.56,1198.19,629.37,-0.097
2024-01-20,S008,Shoes,1,139.57,79.8,59.77,0.0925
2024-01-20,S009,Shoes,14,540.45,311.11,229.34,0.0095
2024-01-20,S010,Womens,13,840.02,392.33,447.69,-0.1397
2024-01-20,S011,Womens,15,2175.31,1277.74,897.57,0.2363
2024-01-20,S012,Home,13,1838.47,1229.98,608.49,-0.0389
2024-01-20,S013,Shoes,11,1085.09,664.67,420.42,-0.0892
2024-01-20,S014,Kids,5,602.01,340.11,261.9,-0.1267
2024-01-20,S015,Kids,18,410.41,256.0,154.41,0.2435
2024-01-20,S016,Kids,9,307.83,147.86,159.97,-0.0287
2024-01-20,S017,Kids,7,759.09,353.41,405.68,0.0538
2024-01-20,S018,Womens,5,490.27,258.16,232.11,0.0996
2024-01-20,S019,Home,6,435.13,210.03,225.1,0.2046
2024-01-20,S020,Shoes,3,193.94,107.35,86.59,0.181
2024-01-21,S001,Electronics,22,3192.55,1635.05,1557.5,-0.0965
2024-01-21,S002,Electronics,22,2677.3,1594.43,1082.87,0.1224
2024-01-21,S003,Electronics,1,58.67,38.64,20.03,0.1017
2024-01-21,S004,Electronics,18,427.02,196.71,230.31,-0.0014
2024-01-21,S005,Womens,11,839.75,555.15,284.6,-0.1108
2024-01-21,S006,Mens,4,526.92,269.19,257.73,0.1107
2024-01-21,S007,Kids,9,881.11,585.84,295.27,0.007
2024-01-21,S008,Mens,13,428.67,203.85,224.82,0.1135
2024-01-21,S009,Womens,1,124.2,58.26,65.94,-0.0383
2024-01-21,S010,Mens,8,618.4,376.79,241.61,0.1137
2024-01-21,S011,Kids,22,2220.91,1340.28,880.63,-0.1233
2024-01-21,S012,Electronics,19,556.1,387.64,168.46,0.0273
2024-01-21,S013,Electronics,8,211.58,133.1,78.48,-0.1212
2024-01-21,S014,Kids,24,475.25,274.29,200.96,0.005
2024-01-21,S015,Shoes,4,248.84,160.17,88.67,0.1145
2024-01-21,S016,Home,19,731.59,347.21,384.38,0.1141
2024-01-21,S017,Mens,6,156.92,90.8,66.12,0.2096
2024-01-21,S018,Womens,9,599.06,300.38,298.68,-0.1014
2024-01-21,S019,Shoes,4,478.3,292.23,186.07,0.0621
2024-01-21,S020,Shoes,18,1052.98,506.81,546.17,0.0397
2024-01-22,S001,Mens,22,1773.47,1206.09,567.38,0.0583
2024-01-22,S002,Home,2,64.59,34.53,30.06,0.2212
2024-01-22,S003,Womens,8,586.64,328.43,258.21,0.0952
2024-01-22,S004,Shoes,20,949.87,456.29,493.58,-0.071
2024-01-22,S005,Shoes,17,1737.14,905.88,831.26,0.1764
2024-01-22,S006,Womens,12,1668.66,856.12,812.54,0.152
2024-01-22,S007,Electronics,8,928.05,547.04,381.01,-0.0778
2024-01-22,S008,Kids,22,2566.97,1327.98,1238.99,0.0658
2024-01-22,S009,Electronics,18,532.3,330.73,201.57,-0.1133
2024-01-22,S010,Mens,15,1249.35,824.79,424.56,0.1431
2024-01-22,S011,Kids,5,473.48,273.24,200.24,-0.031
2024-01-22,S012,Kids,23,2483.99,1660.13,823.86,0.1045
2024-01-22,S013,Electronics,15,550.72,324.66,226.06,0.1747
2024-01-22,S014,Home,5,669.98,348.04,321.94,-0.0724
2024-01-22,S015,Mens,2,85.09,50.1,34.99,0.1432
2024-01-22,S016,Kids,2,125.95,81.36,44.59,0.0717
2024-01-22,S017,Shoes,10,1177.34,540.2,637.14,0.1483
2024-01-22,S018,Shoes,2,234.84,145.51,89.33,0.1525
2024-01-22,S019,Shoes,24,1986.64,955.93,1030.71,0.0042
2024-01-22,S020,Home,20,2407.08,1213.9,1193.18,-0.0949
2024-01-23,S001,Shoes,21,320.33,158.43,161.9,-0.1384
2024-01-23,S002,Shoes,4,157.91,86.36,71.55,0.0109
2024-01-23,S003,Home,14,1577.24,750.82,826.42,-0.0598
2024-01-23,S004,Home,4,88.51,50.6,37.91,0.0897
2024-01-23,S005,Kids,19,1563.03,733.47,829.56,-0.1266
2024-01-23,S006,Electronics,12,1451.53,909.99,541.54,0.1654
2024-01-23,S007,Kids,16,1046.68,503.03,543.65,0.1442
2024-01-23,S008,Womens,18,1172.56,545.99,626.57,0.1705
2024-01-23,S009,Kids,22,2238.42,1243.02,995.4,0.1045
2024-01-23,S010,Kids,15,1055.06,696.29,358.77,0.0035
2024-01-23,S011,Womens,16,678.34,401.16,277.18,0.2419
2024-01-23,S012,Kids,13,1423.94,849.31,574.63,0.0846
2024-01-23,S013,Shoes,17,2388.47,1542.1,846.37,-0.1275
2024-01-23,S014,Kids,14,636.27,346.28,289.99,0.0347
2024-01-23,S015,Home,17,1253.74,857.98,395.76,0.1324
2024-01-23,S016,Mens,4,86.91,58.75,28.16,0.2138
2024-01-23,S017,Womens,4,473.38,231.83,241.55,0.0941
2024-01-23,S018,Home,20,2073.78,1429.15,644.63,-0.1224
2024-01-23,S019,Home,10,530.95,273.67,257.28,-0.0512
2024-01-23,S020,Home,14,681.64,353.08,328.56,0.1538
2024-01-24,S001,Mens,13,665.58,325.53,340.05,0.1912
2024-01-24,S002,Kids,20,1973.19,1165.17,808.02,-0.0116
2024-01-24,S003,Mens,1,119.2,56.22,62.98,-0.0553
2024-01-24,S004,Kids,20,645.57,432.88,212.69,0.0074
2024-01-24,S005,Mens,12,1456.1,882.55,573.55,0.0478
2024-01-24,S006,Electronics,18,622.27,392.83,229.44,-0.0735
2024-01-24,S007,Womens,19,1076.81,739.51,337.3,0.2369
2024-01-24,S008,Electronics,9,161.77,101.92,59.85,0.0172
2024-01-24,S009,Womens,7,751.15,440.38,310.77,0.2422
2024-01-24,S010,Electronics,2,139.07,81.44,57.63,0.1667
2024-01-24,S011,Womens,17,1661.61,841.67,819.94,0.1888
2024-01-24,S012,Mens,21,714.62,440.24,274.38,-0.0636
2024-01-24,S013,Mens,2,262.74,148.46,114.28,0.1497
2024-01-24,S014,Home,24,2909.78,1390.83,1518.95,-0.0076
2024-01-24,S015,Kids,19,2301.8,1151.68,1150.12,-0.0466
2024-01-24,S016,Home,4,468.65,271.75,196.9,-0.068
2024-01-24,S017,Electronics,15,2006.15,1339.4,666.75,-0.0545
2024-01-24,S018,Womens,8,1183.79,761.18,422.61,-0.1391
2024-01-24,S019,Womens,24,1863.14,1261.91,601.23,0.0655
2024-01-24,S020,Home,3,87.72,53.88,33.84,0.1788
2024-01-25,S001,Mens,11,1316.78,910.05,406.73,-0.0685
2024-01-25,S002,Mens,8,430.11,278.8,151.31,0.081
2024-01-25,S003,Electronics,8,981.75,538.97,442.78,0.216
2024-01-25,S004,Mens,10,754.26,444.6,309.66,-0.0836
2024-01-25,S005,Kids,13,1785.28,926.96,858.32,0.2434
2024-01-25,S006,Womens,1,19.51,10.55,8.96,0.1431
2024-01-25,S007,Kids,5,372.22,224.76,147.46,-0.1166
2024-01-25,S008,Womens,12,1378.36,730.42,647.94,0.2454
2024-01-25,S009,Electronics,23,725.16,457.79,267.37,-0.0208
2024-01-25,S010,Home,6,883.62,542.57,341.05,-0.0981
2024-01-25,S011,Electronics,3,258.6,162.88,95.72,0.2061
2024-01-25,S012,Shoes,5,732.08,391.08,341.0,-0.0314
2024-01-25,S013,Shoes,18,539.12,344.98,194.14,0.2452
2024-01-25,S014,Mens,15,1544.63,816.36,728.27,-0.0483
2024-01-25,S015,Shoes,3,401.33,233.32,168.01,-0.0523
2024-01-25,S016,Home,24,642.46,404.6,237.86,0.018
2024-01-25,S017,Mens,9,1033.7,514.59,519.11,0.0955
2024-01-25,S018,Shoes,17,2186.12,1241.33,944.79,0.2416
2024-01-25,S019,Kids,1,32.05,19.84,12.21,-0.02
2024-01-25,S020,Home,15,579.13,384.5,194.63,-0.0591
2024-01-26,S001,Kids,4,527.85,265.97,261.88,-0.0058
2024-01-26,S002,Electronics,3,354.08,195.48,158.6,0.1537
2024-01-26,S003,Home,12,557.08,363.13,193.95,-0.1264
2024-01-26,S004,Mens,19,2611.96,1613.36,998.6,0.0742
2024-01-26,S005,Kids,2,150.7,85.16,65.54,0.1958
2024-01-26,S006,Shoes,3,212.17,138.04,74.13,0.0416
2024-01-26,S007,Womens,8,919.1,624.55,294.55,-0.038
2024-01-26,S008,Womens,19,2780.17,1825.21,954.96,0.1297
2024-01-26,S009,Home,20,2950.86,1786.26,1164.6,0.0737
2024-01-26,S010,Home,23,1998.96,1216.91,782.05,0.0299
2024-01-26,S011,Shoes,21,1847.88,876.14,971.74,-0.0532
2024-01-26,S012,Womens,24,1279.6,839.59,440.01,-0.1203
2024-01-26,S013,Womens,14,1614.64,746.02,868.62,0.2112
2024-01-26,S014,Mens,9,536.45,287.06,249.39,0.2456
2024-01-26,S015,Electronics,17,909.74,506.99,402.75,-0.0429
2024-01-26,S016,Shoes,18,1663.24,1022.4,640.84,-0.0491
2024-01-26,S017,Electronics,3,242.79,154.02,88.77,0.0601
2024-01-26,S018,Womens,4,529.02,246.61,282.41,0.2323
2024-01-26,S019,Electronics,23,1681.48,889.9,791.58,0.0238
2024-01-26,S020,Womens,19,2574.32,1443.79,1130.53,0.0928
2024-01-27,S001,Kids,6,569.27,356.17,213.1,-0.055
2024-01-27,S002,Home,4,267.64,153.07,114.57,0.1109
2024-01-27,S003,Mens,24,2306.11,1466.45,839.66,0.0525
2024-01-27,S004,Shoes,6,812.1,366.04,446.06,-0.1341
2024-01-27,S005,Shoes,8,377.97,214.46,163.51,0.0302
2024-01-27,S006,Electronics,17,1683.68,955.38,728.3,0.029
2024-01-27,S007,Home,24,2274.41,1328.83,945.58,0.1917
2024-01-27,S008,Womens,8,159.66,76.16,83.5,-0.0145
2024-01-27,S009,Electronics,21,1936.76,1119.77,816.99,-0.0326
2024-01-27,S010,Shoes,9,617.37,291.26,326.11,0.0968
2024-01-27,S011,Electronics,19,2541.85,1509.08,1032.77,-0.1381
2024-01-27,S012,Kids,14,2086.42,1007.47,1078.95,-0.0401
2024-01-27,S013,Womens,8,575.57,318.15,257.42,0.213
2024-01-27,S014,Electronics,13,1261.87,665.44,596.43,0.1795
2024-01-27,S015,Home,5,76.06,46.33,29.73,-0.1295
2024-01-27,S016,Electronics,15,345.54,207.65,137.89,0.1246
2024-01-27,S017,Mens,4,267.27,150.76,116.51,-0.0024
2024-01-27,S018,Kids,15,1073.37,684.59,388.78,-0.1216
2024-01-27,S019,Mens,19,1194.99,819.08,375.91,0.1174
2024-01-27,S020,Womens,10,638.59,382.14,256.45,-0.1459
2024-01-28,S001,Mens,19,2627.58,1584.81,1042.77,0.1995
2024-01-28,S002,Home,6,187.65,126.78,60.87,-0.1234
2024-01-28,S003,Shoes,8,1005.61,627.22,378.39,0.063
2024-01-28,S004,Kids,1,26.39,14.51,11.88,0.2141
2024-01-28,S005,Shoes,17,750.84,425.46,325.38,0.1767
2024-01-28,S006,Shoes,21,2278.22,1270.07,1008.15,0.1192
2024-01-28,S007,Womens,21,2758.04,1648.13,1109.91,-0.0595
2024-01-28,S008,Kids,3,392.31,266.44,125.87,0.0224
2024-01-28,S009,Kids,16,266.59,144.63,121.96,-0.139
2024-01-28,S010,Home,1,85.98,49.69,36.29,-0.0837
2024-01-28,S011,Home,5,675.82,362.56,313.26,-0.0882
2024-01-28,S012,Electronics,10,1021.86,622.54,399.32,-0.0138
2024-01-28,S013,Kids,11,627.16,388.39,238.77,0.0923
2024-01-28,S014,Mens,16,710.65,495.33,215.32,0.0316
2024-01-28,S015,Home,17,577.57,330.02,247.55,-0.139
2024-01-28,S016,Kids,3,435.43,237.77,197.66,-0.1344
2024-01-28,S017,Shoes,11,741.16,363.17,377.99,-0.1407
2024-01-28,S018,Kids,15,1212.9,585.24,627.66,0.1842
2024-01-28,S019,Electronics,10,655.98,372.93,283.05,0.0277
2024-01-28,S020,Mens,9,1330.58,694.7,635.88,0.2345
2024-01-29,S001,Home,17,1139.75,609.88,529.87,0.0666
2024-01-29,S002,Electronics,9,807.76,472.88,334.88,0.1548
2024-01-29,S003,Kids,23,1712.57,900.1,812.47,-0.0463
2024-01-29,S004,Kids,17,1419.59,879.22,540.37,-0.056
2024-01-29,S005,Kids,7,619.86,304.54,315.32,0.0832
2024-01-29,S006,Electronics,3,105.96,69.32,36.64,-0.0671
2024-01-29,S007,Electronics,17,1940.86,1019.19,921.67,-0.0197
2024-01-29,S008,Mens,19,801.37,439.78,361.59,-0.1342
2024-01-29,S009,Womens,5,441.54,223.83,217.71,0.2356
2024-01-29,S010,Electronics,2,224.98,131.24,93.74,0.198
2024-01-29,S011,Electronics,22,2677.81,1288.58,1389.23,0.1677
2024-01-29,S012,Home,9,1200.67,823.67,377.0,-0.0905
2024-01-29,S013,Kids,16,442.33,282.5,159.83,0.0468
2024-01-29,S014,Mens,4,214.32,107.33,106.99,0.1547
2024-01-29,S015,Kids,11,1529.32,826.7,702.62,0.1403
2024-01-29,S016,Electronics,14,1071.8,601.13,470.67,0.0908
2024-01-29,S017,Home,7,1008.46,504.35,504.11,-0.1063
2024-01-29,S018,Home,13,965.71,639.05,326.66,0.2072
2024-01-29,S019,Kids,6,297.4,136.12,161.28,0.2386
2024-01-29,S020,Electronics,23,404.36,230.17,174.19,0.1251
2024-01-30,S001,Kids,3,325.48,157.4,168.08,-0.0302
2024-01-30,S002,Home,2,120.02,76.0,44.02,0.0614
2024-01-30,S003,Shoes,15,2230.86,1115.79,1115.07,0.2479
2024-01-30,S004,Shoes,7,146.73,78.57,68.16,0.1032
2024-01-30,S005,Electronics,13,1517.27,974.44,542.83,0.1134
2024-01-30,S006,Womens,4,438.02,208.54,229.48,0.0096
2024-01-30,S007,Mens,14,739.83,460.06,279.77,-0.1402
2024-01-30,S008,Kids,3,267.4,162.59,104.81,0.0808
2024-01-30,S009,Mens,13,1871.23,1086.52,784.71,-0.0302
2024-01-30,S010,Womens,23,2959.64,1511.07,1448.57,0.0413
2024-01-30,S011,Mens,2,221.73,136.74,84.99,-0.0656
2024-01-30,S012,Mens,7,484.23,253.31,230.92,-0.0891
2024-01-30,S013,Kids,22,1284.84,731.21,553.63,-0.0596
2024-01-30,S014,Womens,21,410.45,206.73,203.72,0.0164
2024-01-30,S015,Womens,22,887.89,559.32,328.57,0.1968
2024-01-30,S016,Mens,10,1258.93,741.09,517.84,0.1048
2024-01-30,S017,Mens,14,1085.4,552.1,533.3,-0.0287
2024-01-30,S018,Shoes,4,137.15,88.3,48.85,-0.0414
2024-01-30,S019,Shoes,2,66.13,40.17,25.96,-0.1283
2024-01-30,S020,Home,17,983.86,442.77,541.09,0.0545
2024-01-31,S001,Mens,18,941.09,589.82,351.27,-0.1249
2024-01-31,S002,Mens,8,124.13,63.52,60.61,0.1464
2024-01-31,S003,Electronics,11,1392.67,671.94,720.73,0.076
2024-01-31,S004,Mens,12,1106.33,748.76,357.57,0.2272
2024-01-31,S005,Kids,17,1120.93,766.81,354.12,0.1201
2024-01-31,S006,Womens,23,1878.29,1027.26,851.03,0.1031
2024-01-31,S007,Mens,15,563.08,353.76,209.32,0.1166
2024-01-31,S008,Womens,24,2825.76,1943.26,882.5,0.131
2024-01-31,S009,Shoes,9,263.02,169.77,93.25,0.1077
2024-01-31,S010,Mens,17,1081.32,745.25,336.07,0.0502
2024-01-31,S011,Womens,3,230.37,115.7,114.67,-0.0025
2024-01-31,S012,Home,9,198.61,127.49,71.12,0.0166
2024-01-31,S013,Electronics,4,519.19,261.15,258.04,0.1129
2024-01-31,S014,Kids,22,2944.07,1483.62,1460.45,0.1211
2024-01-31,S015,Electronics,13,713.25,345.32,367.93,0.1107
2024-01-31,S016,Mens,3,172.83,105.64,67.19,0.0081
2024-01-31,S017,Shoes,22,2050.15,966.31,1083.84,-0.1328
2024-01-31,S018,Electronics,17,510.92,295.81,215.11,-0.043
2024-01-31,S019,Electronics,10,169.84,92.52,77.32,-0.0151
2024-01-31,S020,Shoes,17,540.43,299.08,241.35,0.0471
2024-02-01,S001,Shoes,17,2334.42,1206.12,1128.3,0.1399
2024-02-01,S002,Womens,4,82.49,45.32,37.17,0.1549
2024-02-01,S003,Home,16,1909.51,1108.13,801.38,0.2404
2024-02-01,S004,Kids,22,380.33,244.38,135.95,0.1729
2024-02-01,S005,Mens,5,254.27,115.54,138.73,-0.0327
2024-02-01,S006,Womens,23,1953.27,1048.95,904.32,-0.0013
2024-02-01,S007,Kids,21,2147.71,1489.54,658.17,0.1888
2024-02-01,S008,Womens,11,1397.2,840.47,556.73,-0.0335
2024-02-01,S009,Electronics,22,782.41,528.02,254.39,0.1341
2024-02-01,S010,Electronics,2,192.89,109.63,83.26,-0.1261
2024-02-01,S011,Home,4,577.21,395.78,181.43,0.1641
2024-02-01,S012,Home,18,1836.36,1084.05,752.31,0.1608
2024-02-01,S013,Womens,12,1183.97,798.02,385.95,0.1889
2024-02-01,S014,Kids,13,679.8,472.74,207.06,0.0609
2024-02-01,S015,Home,15,556.86,340.08,216.78,0.1739
2024-02-01,S016,Home,6,325.31,184.61,140.7,0.2061
2024-02-01,S017,Womens,14,327.56,159.46,168.1,-0.1469
2024-02-01,S018,Home,9,678.92,328.3,350.62,0.2332
2024-02-01,S019,Kids,2,95.31,54.82,40.49,0.1218
2024-02-01,S020,Electronics,6,312.51,203.68,108.83,0.0339
2024-02-02,S001,Mens,14,1028.02,473.89,554.13,-0.0837
2024-02-02,S002,Electronics,8,345.92,159.99,185.93,0.1875
2024-02-02,S003,Kids,13,1120.29,613.88,506.41,0.1136
2024-02-02,S004,Womens,16,1614.92,927.87,687.05,0.0127
2024-02-02,S005,Kids,12,600.46,335.81,264.65,0.0874
2024-02-02,S006,Shoes,22,368.7,167.22,201.48,0.1818
2024-02-02,S007,Electronics,2,218.54,119.94,98.6,0.2312
2024-02-02,S008,Mens,23,1564.62,1038.21,526.41,0.1592
2024-02-02,S009,Home,15,694.88,392.3,302.58,0.1625
2024-02-02,S010,Home,24,2834.0,1881.21,952.79,0.0912
2024-02-02,S011,Electronics,10,1208.97,657.98,550.99,0.0708
2024-02-02,S012,Kids,21,944.59,501.03,443.56,0.1892
2024-02-02,S013,Kids,22,1603.25,733.15,870.1,0.0424
2024-02-02,S014,Electronics,13,402.97,210.44,192.53,0.0091
2024-02-02,S015,Kids,2,298.18,137.53,160.65,0.1544
2024-02-02,S016,Womens,3,203.95,130.24,73.71,0.2174
2024-02-02,S017,Womens,7,650.38,350.74,299.64,0.165
2024-02-02,S018,Home,20,1849.37,1024.37,825.0,0.1889
2024-02-02,S019,Womens,13,1905.02,870.37,1034.65,0.1859
2024-02-02,S020,Womens,9,412.86,284.49,128.37,-0.0907
2024-02-03,S001,Electronics,9,1289.81,767.96,521.85,0.0246
2024-02-03,S002,Kids,21,1779.84,1138.55,641.29,-0.037
2024-02-03,S003,Home,7,949.92,652.23,297.69,0.207
2024-02-03,S004,Electronics,14,1684.89,958.84,726.05,0.049
2024-02-03,S005,Home,13,1232.43,611.94,620.49,-0.0174
2024-02-03,S006,Shoes,14,344.49,160.96,183.53,0.2263
2024-02-03,S007,Electronics,1,70.27,45.87,24.4,0.1843
2024-02-03,S008,Electronics,4,434.55,279.32,155.23,0.1119
2024-02-03,S009,Kids,2,266.49,155.84,110.65,-0.037
2024-02-03,S010,Electronics,5,339.48,199.16,140.32,0.0628
2024-02-03,S011,Electronics,22,1405.66,886.67,518.99,-0.0698
2024-02-03,S012,Shoes,21,1176.68,597.29,579.39,-0.1494
2024-02-03,S013,Home,12,543.36,334.58,208.78,0.1468
2024-02-03,S014,Electronics,13,936.71,492.46,444.25,-0.0199
2024-02-03,S015,Womens,16,2004.24,992.91,1011.33,-0.0016
2024-02-03,S016,Kids,15,1858.55,1293.95,564.6,0.1517
2024-02-03,S017,Electronics,22,2084.19,1282.31,801.88,-0.1186
2024-02-03,S018,Mens,10,177.91,92.02,85.89,0.057
2024-02-03,S019,Womens,11,1098.22,626.5,471.72,-0.0053
2024-02-03,S020,Home,15,1671.71,1069.48,602.23,-0.109
2024-02-04,S001,Womens,19,1232.21,841.88,390.33,0.181
2024-02-04,S002,Kids,6,836.01,521.38,314.63,0.1416
2024-02-04,S003,Shoes,17,325.82,150.85,174.97,-0.0931
2024-02-04,S004,Shoes,6,628.77,307.68,321.09,-0.1025
2024-02-04,S005,Womens,12,1267.11,708.1,559.01,0.0697
2024-02-04,S006,Womens,3,240.41,138.64,101.77,0.0049
2024-02-04,S007,Home,18,309.03,199.49,109.54,-0.1002
2024-02-04,S008,Shoes,1,145.98,81.66,64.32,-0.056
2024-02-04,S009,Kids,19,2096.39,1223.4,872.99,0.0663
2024-02-04,S010,Electronics,1,56.69,32.35,24.34,-0.1026
2024-02-04,S011,Shoes,3,430.75,218.25,212.5,0.2017
2024-02-04,S012,Womens,20,2128.31,1290.3,838.01,-0.0234
2024-02-04,S013,Shoes,19,1571.39,734.98,836.41,-0.0249
2024-02-04,S014,Kids,18,2293.78,1551.79,741.99,-0.1451
2024-02-04,S015,Home,1,89.1,46.5,42.6,-0.0273
2024-02-04,S016,Kids,12,1186.49,633.01,553.48,0.1431
2024-02-04,S017,Shoes,5,121.14,78.25,42.89,-0.0357
2024-02-04,S018,Womens,19,2022.89,946.77,1076.12,-0.0678
2024-02-04,S019,Home,1,101.63,62.79,38.84,0.1029
2024-02-04,S020,Shoes,23,1643.93,1048.39,595.54,-0.1095
2024-02-05,S001,Electronics,24,1255.27,700.45,554.82,0.2421
2024-02-05,S002,Mens,10,392.14,271.62,120.52,-0.1047
2024-02-05,S003,Shoes,9,1031.53,645.88,385.65,0.0191
2024-02-05,S004,Kids,17,1167.52,602.52,565.0,-0.0679
2024-02-05,S005,Womens,3,153.76,80.24,73.52,0.1127
2024-02-05,S006,Shoes,11,1049.11,517.24,531.87,0.2202
2024-02-05,S007,Home,9,246.86,148.06,98.8,0.0995
2024-02-05,S008,Mens,21,357.84,247.36,110.48,-0.0496
2024-02-05,S009,Mens,9,993.56,598.62,394.94,-0.0248
2024-02-05,S010,Home,2,263.85,181.18,82.67,-0.1076
2024-02-05,S011,Mens,21,2993.33,1898.17,1095.16,0.2032
2024-02-05,S012,Kids,24,2263.78,1415.51,848.27,0.122
2024-02-05,S013,Home,1,17.08,10.18,6.9,-0.0488
2024-02-05,S014,Home,19,2741.2,1507.0,1234.2,0.1859
2024-02-05,S015,Mens,6,881.38,419.07,462.31,-0.1467
2024-02-05,S016,Shoes,18,495.08,315.41,179.67,0.2158
2024-02-05,S017,Home,15,748.89,418.33,330.56,0.1394
2024-02-05,S018,Mens,19,1796.95,1084.14,712.81,0.1051
2024-02-05,S019,Mens,18,2005.15,948.13,1057.02,-0.0703
2024-02-05,S020,Home,15,284.75,153.48,131.27,-0.1437
2024-02-06,S001,Kids,16,2208.12,1189.55,1018.57,0.0199
2024-02-06,S002,Shoes,1,105.84,49.78,56.06,0.2306
2024-02-06,S003,Mens,18,2226.37,1459.93,766.44,0.2231
2024-02-06,S004,Electronics,24,1008.91,609.58,399.33,0.1472
2024-02-06,S005,Kids,14,760.93,489.04,271.89,0.021
2024-02-06,S006,Electronics,6,737.77,393.53,344.24,0.1961
2024-02-06,S007,Womens,22,2883.68,1322.89,1560.79,0.1649
2024-02-06,S008,Mens,11,1112.36,732.39,379.97,0.0498
2024-02-06,S009,Mens,11,1555.38,724.81,830.57,0.1799
2024-02-06,S010,Shoes,11,1054.29,527.43,526.86,0.0861
2024-02-06,S011,Electronics,11,894.28,609.7,284.58,-0.1078
2024-02-06,S012,Kids,14,231.72,127.95,103.77,0.2196
2024-02-06,S013,Electronics,16,1355.48,876.49,478.99,0.227
2024-02-06,S014,Mens,7,785.93,516.06,269.87,0.0285
2024-02-06,S015,Home,5,80.38,54.75,25.63,0.0273
2024-02-06,S016,Mens,23,1136.41,722.34,414.07,-0.1193
2024-02-06,S017,Womens,13,735.18,498.78,236.4,0.2311
2024-02-06,S018,Home,14,879.86,507.16,372.7,0.2264
2024-02-06,S019,Womens,17,490.39,268.82,221.57,0.0713
2024-02-06,S020,Kids,7,288.2,191.57,96.63,0.1208
2024-02-07,S001,Womens,12,1571.2,1000.99,570.21,0.0257
2024-02-07,S002,Shoes,9,329.84,203.98,125.86,-0.0783
2024-02-07,S003,Shoes,20,919.92,441.0,478.92,-0.0839
2024-02-07,S004,Electronics,2,173.61,112.39,61.22,-0.0313
2024-02-07,S005,Shoes,1,61.61,34.1,27.51,0.143
2024-02-07,S006,Kids,14,439.63,267.59,172.04,0.0829
2024-02-07,S007,Mens,9,392.45,207.12,185.33,-0.0832
2024-02-07,S008,Shoes,19,1146.0,730.4,415.6,0.0788
2024-02-07,S009,Kids,9,640.17,356.73,283.44,0.0664
2024-02-07,S010,Mens,8,878.32,432.94,445.38,0.05
2024-02-07,S011,Kids,13,1722.77,1047.19,675.58,0.063
2024-02-07,S012,Electronics,16,1548.18,742.04,806.14,-0.0151
2024-02-07,S013,Mens,17,728.35,399.11,329.24,0.2083
2024-02-07,S014,Mens,17,2438.56,1570.73,867.83,0.0945
2024-02-07,S015,Kids,3,272.07,165.18,106.89,0.1255
2024-02-07,S016,Home,16,261.55,165.0,96.55,0.0643
2024-02-07,S017,Womens,22,2834.68,1619.38,1215.3,-0.0165
2024-02-07,S018,Womens,7,531.47,263.54,267.93,0.192
2024-02-07,S019,Electronics,15,1169.28,548.3,620.98,0.0051
2024-02-07,S020,Mens,19,1005.46,504.73,500.73,-0.1332
2024-02-08,S001,Shoes,12,474.39,301.6,172.79,0.1892
2024-02-08,S002,Home,17,425.07,231.18,193.89,0.1715
2024-02-08,S003,Home,10,583.57,294.72,288.85,-0.0098
2024-02-08,S004,Kids,23,1492.53,844.86,647.67,0.1391
2024-02-08,S005,Mens,11,1544.99,841.72,703.27,0.1825
2024-02-08,S006,Womens,9,141.46,92.11,49.35,0.1591
2024-02-08,S007,Womens,4,473.92,282.42,191.5,0.1628
2024-02-08,S008,Electronics,7,745.21,476.66,268.55,-0.1441
2024-02-08,S009,Kids,12,1382.45,680.82,701.63,-0.072
2024-02-08,S010,Home,6,697.48,472.23,225.25,0.1535
2024-02-08,S011,Kids,21,2169.47,1458.5,710.97,0.0815
2024-02-08,S012,Shoes,10,564.32,312.49,251.83,0.1351
2024-02-08,S013,Kids,8,767.75,510.84,256.91,0.1975
2024-02-08,S014,Mens,12,1388.12,818.27,569.85,0.0839
2024-02-08,S015,Mens,12,899.05,505.89,393.16,0.2334
2024-02-08,S016,Womens,6,521.93,317.95,203.98,0.1493
2024-02-08,S017,Electronics,1,86.38,56.71,29.67,0.0352
2024-02-08,S018,Shoes,13,1344.01,881.59,462.42,-0.1247
2024-02-08,S019,Electronics,15,1888.84,1067.91,820.93,0.2433
2024-02-08,S020,Home,5,579.79,282.74,297.05,-0.0631
2024-02-09,S001,Electronics,22,430.02,288.03,141.99,-0.0526
2024-02-09,S002,Electronics,24,3140.31,2028.46,1111.85,0.0216
2024-02-09,S003,Shoes,24,1413.94,954.75,459.19,0.2485
2024-02-09,S004,Shoes,18,2323.04,1189.98,1133.06,0.0807
2024-02-09,S005,Shoes,16,2025.57,1368.83,656.74,0.2234
2024-02-09,S006,Kids,10,157.72,89.34,68.38,0.0785
2024-02-09,S007,Electronics,13,423.29,192.85,230.44,-0.0058
2024-02-09,S008,Kids,22,2011.56,1062.49,949.07,0.1117
2024-02-09,S009,Kids,22,372.71,238.94,133.77,0.0995
2024-02-09,S010,Home,23,2944.26,1780.93,1163.33,0.0754
2024-02-09,S011,Electronics,21,1455.62,797.17,658.45,-0.1223
2024-02-09,S012,Electronics,19,1419.48,889.8,529.68,0.0057
2024-02-09,S013,Home,16,1529.2,1042.98,486.22,0.2217
2024-02-09,S014,Home,5,502.32,284.98,217.34,0.0272
2024-02-09,S015,Mens,4,524.96,296.76,228.2,0.226
2024-02-09,S016,Shoes,11,1574.56,1036.39,538.17,-0.005
2024-02-09,S017,Shoes,18,537.45,366.14,171.31,0.1027
2024-02-09,S018,Womens,9,219.81,129.4,90.41,0.1491
2024-02-09,S019,Home,1,39.21,24.56,14.65,0.0321
2024-02-09,S020,Womens,14,530.79,241.4,289.39,0.1616
2024-02-10,S001,Kids,11,838.56,472.71,365.85,0.1243
2024-02-10,S002,Shoes,3,303.81,209.14,94.67,0.2026
2024-02-10,S003,Mens,5,637.81,389.48,248.33,-0.1186
2024-02-10,S004,Kids,8,222.5,133.17,89.33,0.1311
2024-02-10,S005,Electronics,8,369.26,250.7,118.56,0.0965
2024-02-10,S006,Shoes,11,478.68,318.68,160.0,0.2044
2024-02-10,S007,Kids,21,2583.21,1733.71,849.5,-0.0999
2024-02-10,S008,Kids,20,883.81,550.44,333.37,0.0912
2024-02-10,S009,Womens,8,1136.04,731.58,404.46,-0.0988
2024-02-10,S010,Home,7,516.45,283.53,232.92,0.1177
2024-02-10,S011,Mens,19,1700.56,1100.86,599.7,0.0165
2024-02-10,S012,Mens,2,158.24,73.39,84.85,0.227
2024-02-10,S013,Home,15,523.23,362.74,160.49,0.1537
2024-02-10,S014,Home,24,864.05,433.6,430.45,0.1022
2024-02-10,S015,Electronics,24,780.16,401.09,379.07,-0.0079
2024-02-10,S016,Electronics,13,304.8,153.2,151.6,0.1736
2024-02-10,S017,Mens,6,790.37,386.28,404.09,-0.1169
2024-02-10,S018,Mens,23,2539.23,1534.47,1004.76,-0.0876
2024-02-10,S019,Shoes,10,832.44,404.58,427.86,0.0996
2024-02-10,S020,Home,23,600.46,339.2,261.26,-0.0274
2024-02-11,S001,Womens,23,521.92,289.48,232.44,0.0334
2024-02-11,S002,Electronics,16,1422.03,992.5,429.53,0.1157
2024-02-11,S003,Mens,15,316.05,152.21,163.84,0.075
2024-02-11,S004,Womens,8,521.18,259.96,261.22,0.0458
2024-02-11,S005,Womens,12,962.75,634.99,327.76,-0.0054
2024-02-11,S006,Kids,16,1118.7,595.21,523.49,0.0316
2024-02-11,S007,Womens,8,332.13,228.46,103.67,-0.0798
2024-02-11,S008,Kids,13,1211.7,693.58,518.12,0.1079
2024-02-11,S009,Home,7,986.05,626.54,359.51,-0.0382
2024-02-11,S010,Shoes,24,960.28,499.02,461.26,-0.0625
2024-02-11,S011,Electronics,22,2782.36,1450.8,1331.56,0.2208
2024-02-11,S012,Shoes,6,393.38,255.47,137.91,-0.003
2024-02-11,S013,Kids,12,1081.99,715.5,366.49,0.1684
2024-02-11,S014,Shoes,20,2116.46,1069.08,1047.38,-0.0627
2024-02-11,S015,Mens,20,974.11,502.46,471.65,-0.1497
2024-02-11,S016,Mens,18,400.04,217.67,182.37,-0.0572
2024-02-11,S017,Home,1,89.84,44.91,44.93,-0.0324
2024-02-11,S018,Mens,13,1852.89,1116.34,736.55,0.2198
2024-02-11,S019,Kids,13,1016.46,575.9,440.56,0.1542
2024-02-11,S020,Mens,22,1607.06,962.99,644.07,0.2498
2024-02-12,S001,Mens,14,1774.08,874.05,900.03,-0.1378
2024-02-12,S002,Electronics,16,975.29,563.37,411.92,0.0961
2024-02-12,S003,Womens,20,1676.61,964.59,712.02,-0.1299
2024-02-12,S004,Home,1,130.15,88.77,41.38,0.2486
2024-02-12,S005,Home,3,350.26,176.49,173.77,-0.0156
2024-02-12,S006,Home,1,119.41,81.05,38.36,-0.0743
2024-02-12,S007,Kids,12,795.2,517.17,278.03,0.0068
2024-02-12,S008,Kids,7,223.58,143.81,79.77,-0.0552
2024-02-12,S009,Electronics,21,1918.99,1309.3,609.69,0.0049
2024-02-12,S010,Mens,6,105.52,69.3,36.22,0.0599
2024-02-12,S011,Womens,17,793.01,425.27,367.74,-0.138
2024-02-12,S012,Kids,2,210.32,143.71,66.61,-0.0438
2024-02-12,S013,Womens,6,639.58,338.59,300.99,0.1892
2024-02-12,S014,Electronics,19,1583.74,851.42,732.32,0.2152
2024-02-12,S015,Home,13,213.05,134.01,79.04,0.1325
2024-02-12,S016,Home,14,1711.57,889.22,822.35,-0.0931
2024-02-12,S017,Kids,1,27.01,18.85,8.16,0.0664
2024-02-12,S018,Home,8,1134.12,638.74,495.38,-0.0706
2024-02-12,S019,Kids,9,426.59,267.7,158.89,-0.0408
2024-02-12,S020,Shoes,13,978.98,563.29,415.69,-0.0513
2024-02-13,S001,Shoes,22,2295.88,1464.3,831.58,0.1515
2024-02-13,S002,Mens,19,2604.68,1704.38,900.3,0.1528
2024-02-13,S003,Womens,15,1161.34,773.73,387.61,-0.0502
2024-02-13,S004,Mens,23,3091.64,2083.43,1008.21,0.2137
2024-02-13,S005,Womens,22,896.11,444.61,451.5,-0.0132
2024-02-13,S006,Womens,20,2543.56,1220.84,1322.72,0.144
2024-02-13,S007,Womens,20,1077.45,617.6,459.85,-0.03
2024-02-13,S008,Home,15,1103.53,541.95,561.58,-0.1034
2024-02-13,S009,Electronics,6,820.95,440.02,380.93,0.1432
2024-02-13,S010,Home,18,527.22,352.32,174.9,0.0593
2024-02-13,S011,Kids,8,551.48,293.22,258.26,-0.1457
2024-02-13,S012,Kids,5,141.65,66.42,75.23,-0.0054
2024-02-13,S013,Kids,13,1221.81,618.93,602.88,0.2083
2024-02-13,S014,Mens,1,109.46,66.14,43.32,0.1954
2024-02-13,S015,Home,12,1594.44,1032.2,562.24,0.1493
2024-02-13,S016,Electronics,22,1587.94,1029.61,558.33,-0.1373
2024-02-13,S017,Mens,21,995.6,483.94,511.66,-0.1037
2024-02-13,S018,Womens,12,1028.21,518.8,509.41,0.2458
2024-02-13,S019,Womens,1,33.61,20.91,12.7,0.2091
2024-02-13,S020,Womens,22,1747.73,939.76,807.97,-0.005
2024-02-14,S001,Womens,17,1534.03,750.15,783.88,0.1838
2024-02-14,S002,Shoes,13,1670.79,844.27,826.52,0.0024
2024-02-14,S003,Electronics,15,1892.84,1033.78,859.06,0.0336
2024-02-14,S004,Electronics,24,3381.48,1621.96,1759.52,0.2235
2024-02-14,S005,Womens,23,1995.53,914.28,1081.25,0.0402
2024-02-14,S006,Home,6,220.59,135.46,85.13,0.2385
2024-02-14,S007,Womens,14,1806.79,914.23,892.56,-0.0543
2024-02-14,S008,Kids,11,230.4,143.62,86.78,0.1093
2024-02-14,S009,Home,4,427.93,293.15,134.78,-0.1313
2024-02-14,S010,Electronics,17,2318.8,1601.28,717.52,0.0276
2024-02-14,S011,Home,13,1128.07,659.3,468.77,-0.0388
2024-02-14,S012,Shoes,4,360.42,164.82,195.6,0.2129
2024-02-14,S013,Home,13,581.26,336.88,244.38,0.134
2024-02-14,S014,Kids,22,1273.55,881.51,392.04,-0.0451
2024-02-14,S015,Electronics,2,269.27,184.07,85.2,0.2166
2024-02-14,S016,Mens,16,1110.93,708.88,402.05,0.0625
2024-02-14,S017,Electronics,21,1529.68,968.09,561.59,0.1798
2024-02-14,S018,Electronics,23,2931.25,1715.0,1216.25,0.1879
2024-02-14,S019,Shoes,12,794.05,538.97,255.08,-0.0495
2024-02-14,S020,Mens,15,1205.14,697.2,507.94,-0.0266
2024-02-15,S001,Home,6,353.42,162.51,190.91,-0.0412
2024-02-15,S002,Kids,11,1617.86,1118.65,499.21,0.0081
2024-02-15,S003,Womens,19,1171.99,724.02,447.97,0.1722
2024-02-15,S004,Shoes,1,69.03,44.58,24.45,-0.0436
2024-02-15,S005,Kids,10,184.79,111.04,73.75,0.1138
2024-02-15,S006,Womens,18,562.54,385.13,177.41,-0.0775
2024-02-15,S007,Kids,15,1075.19,617.4,457.79,0.2168
2024-02-15,S008,Womens,2,76.15,42.23,33.92,0.1529
2024-02-15,S009,Shoes,10,263.57,144.51,119.06,-0.1099
2024-02-15,S010,Womens,14,511.69,273.19,238.5,-0.1193
2024-02-15,S011,Kids,11,1397.77,960.36,437.41,-0.0282
2024-02-15,S012,Womens,2,280.15,155.46,124.69,-0.1298
2024-02-15,S013,Kids,16,1479.73,811.22,668.51,-0.1385
2024-02-15,S014,Mens,16,264.41,171.03,93.38,-0.0274
2024-02-15,S015,Mens,12,769.86,455.41,314.45,-0.1475
2024-02-15,S016,Mens,15,774.77,523.79,250.98,-0.0001
2024-02-15,S017,Shoes,8,220.65,121.94,98.71,-0.0847
2024-02-15,S018,Electronics,17,773.85,506.35,267.5,0.2222
2024-02-15,S019,Home,22,1332.24,889.5,442.74,-0.1166
2024-02-15,S020,Shoes,10,1044.77,697.55,347.22,0.1536
2024-02-16,S001,Electronics,3,241.18,150.36,90.82,0.0711
2024-02-16,S002,Electronics,10,431.59,226.2,205.39,0.2143
2024-02-16,S003,Electronics,20,2281.54,1224.36,1057.18,0.0131
2024-02-16,S004,Mens,5,633.47,377.68,255.79,-0.015
2024-02-16,S005,Mens,13,627.64,435.59,192.05,-0.0121
2024-02-16,S006,Home,20,1142.16,548.84,593.32,-0.1055
2024-02-16,S007,Shoes,6,798.85,517.36,281.49,-0.0936
2024-02-16,S008,Home,18,1234.69,603.86,630.83,0.1452
2024-02-16,S009,Electronics,22,2323.67,1202.87,1120.8,-0.1175
2024-02-16,S010,Mens,9,324.78,226.41,98.37,0.2409
2024-02-16,S011,Shoes,3,279.01,185.97,93.04,-0.0342
2024-02-16,S012,Electronics,2,147.28,82.71,64.57,0.0975
2024-02-16,S013,Womens,16,1632.9,744.41,888.49,0.0218
2024-02-16,S014,Womens,11,990.94,639.04,351.9,-0.1435
2024-02-16,S015,Mens,12,245.02,164.77,80.25,0.2468
2024-02-16,S016,Womens,15,650.9,417.45,233.45,-0.0488
2024-02-16,S017,Home,12,278.83,145.54,133.29,-0.1127
2024-02-16,S018,Kids,13,432.07,210.83,221.24,0.2058
2024-02-16,S019,Shoes,2,236.77,106.87,129.9,-0.1495
2024-02-16,S020,Home,6,206.15,93.72,112.43,0.0356
2024-02-17,S001,Mens,8,469.73,289.02,180.71,0.1109
2024-02-17,S002,Electronics,22,718.99,432.47,286.52,0.1898
2024-02-17,S003,Kids,9,1346.24,667.55,678.69,0.0877
2024-02-17,S004,Home,8,256.5,117.21,139.29,0.0991
2024-02-17,S005,Womens,2,257.34,146.86,110.48,0.161
2024-02-17,S006,Kids,4,154.31,80.86,73.45,0.1155
2024-02-17,S007,Shoes,2,43.61,29.33,14.28,0.0808
2024-02-17,S008,Electronics,7,577.76,270.02,307.74,-0.114
2024-02-17,S009,Mens,24,1464.71,995.0,469.71,0.0126
2024-02-17,S010,Shoes,4,595.38,376.11,219.27,0.1639
2024-02-17,S011,Electronics,4,386.96,203.92,183.04,0.185
2024-02-17,S012,Home,18,1682.3,863.71,818.59,0.1525
2024-02-17,S013,Kids,5,521.74,317.44,204.3,0.0874
2024-02-17,S014,Shoes,6,644.55,435.51,209.04,0.1849
2024-02-17,S015,Electronics,7,224.33,146.57,77.76,0.2197
2024-02-17,S016,Shoes,15,1235.42,654.24,581.18,0.2077
2024-02-17,S017,Kids,14,433.43,195.05,238.38,0.1349
2024-02-17,S018,Womens,19,665.18,314.65,350.53,0.1761
2024-02-17,S019,Electronics,20,1827.51,1057.43,770.08,-0.116
2024-02-17,S020,Womens,22,2308.82,1609.73,699.09,-0.0597
2024-02-18,S001,Womens,20,672.64,316.32,356.32,0.1819
2024-02-18,S002,Shoes,24,1671.31,788.71,882.6,-0.1237
2024-02-18,S003,Home,14,1086.61,575.91,510.7,0.0406
2024-02-18,S004,Womens,17,1377.34,915.78,461.56,0.0869
2024-02-18,S005,Kids,1,100.37,48.39,51.98,0.0814
2024-02-18,S006,Home,20,2191.65,1399.08,792.57,0.1991
2024-02-18,S007,Shoes,19,2158.09,1305.2,852.89,-0.0753
2024-02-18,S008,Home,22,1243.36,712.46,530.9,0.1686
2024-02-18,S009,Kids,19,864.78,508.29,356.49,0.0594
2024-02-18,S010,Kids,23,2163.18,1266.2,896.98,-0.1156
2024-02-18,S011,Kids,16,467.84,279.02,188.82,0.0677
2024-02-18,S012,Shoes,11,1112.09,728.44,383.65,-0.1334
2024-02-18,S013,Kids,19,2053.08,1053.39,999.69,-0.0269
2024-02-18,S014,Mens,1,146.9,86.11,60.79,-0.0957
2024-02-18,S015,Kids,7,545.54,271.4,274.14,0.1307
2024-02-18,S016,Shoes,12,760.97,515.81,245.16,-0.1416
2024-02-18,S017,Womens,13,1540.26,963.47,576.79,-0.0175
2024-02-18,S018,Shoes,4,273.81,174.98,98.83,0.0317
2024-02-18,S019,Kids,22,1964.9,1272.28,692.62,-0.0228
2024-02-18,S020,Kids,15,924.89,604.82,320.07,0.0367
2024-02-19,S001,Womens,4,149.67,69.64,80.03,0.0497
2024-02-19,S002,Kids,16,486.54,333.41,153.13,0.1991
2024-02-19,S003,Shoes,24,3554.01,1599.47,1954.54,0.0956
2024-02-19,S004,Electronics,22,2255.25,1049.51,1205.74,0.1755
2024-02-19,S005,Mens,7,718.08,494.5,223.58,-0.0894
2024-02-19,S006,Mens,7,601.37,287.34,314.03,0.1973
2024-02-19,S007,Womens,1,36.94,22.86,14.08,-0.1348
2024-02-19,S008,Home,11,1201.82,605.39,596.43,-0.1332
2024-02-19,S009,Mens,9,254.79,122.07,132.72,-0.0483
2024-02-19,S010,Home,18,1557.83,965.23,592.6,0.0871
2024-02-19,S011,Womens,18,688.17,460.86,227.31,0.0733
2024-02-19,S012,Kids,4,391.78,227.59,164.19,-0.0224
2024-02-19,S013,Womens,4,168.42,89.05,79.37,0.1666
2024-02-19,S014,Home,4,483.07,250.84,232.23,0.2264
2024-02-19,S015,Womens,23,1356.25,743.95,612.3,0.0913
2024-02-19,S016,Shoes,19,1609.27,957.78,651.49,0.2244
2024-02-19,S017,Womens,10,799.73,521.76,277.97,0.2302
2024-02-19,S018,Kids,7,1033.48,487.32,546.16,0.1758
2024-02-19,S019,Womens,11,361.29,202.31,158.98,0.1076
2024-02-19,S020,Electronics,12,268.4,161.0,107.4,0.211
2024-02-20,S001,Home,6,265.23,148.7,116.53,-0.1307
2024-02-20,S002,Mens,11,1392.12,831.1,561.02,-0.0088
2024-02-20,S003,Electronics,24,2157.19,1416.16,741.03,0.1026
2024-02-20,S004,Womens,23,2203.54,1219.74,983.8,0.2332
2024-02-20,S005,Shoes,7,676.81,341.87,334.94,0.1003
2024-02-20,S006,Womens,13,1633.41,1071.87,561.54,0.1651
2024-02-20,S007,Electronics,10,883.05,479.9,403.15,0.1001
2024-02-20,S008,Kids,15,514.5,327.0,187.5,-0.0523
2024-02-20,S009,Kids,6,401.93,266.76,135.17,0.231
2024-02-20,S010,Kids,8,412.27,205.53,206.74,0.0398
2024-02-20,S011,Kids,21,388.17,228.37,159.8,0.0582
2024-02-20,S012,Kids,16,675.98,347.81,328.17,-0.1046
2024-02-20,S013,Shoes,2,80.02,46.84,33.18,0.1082
2024-02-20,S014,Womens,10,1427.06,942.63,484.43,-0.0314
2024-02-20,S015,Womens,18,682.83,328.94,353.89,-0.1007
2024-02-20,S016,Shoes,9,336.78,156.53,180.25,0.1263
2024-02-20,S017,Electronics,11,234.75,160.1,74.65,-0.1135
2024-02-20,S018,Home,18,1903.91,937.62,966.29,-0.1278
2024-02-20,S019,Kids,15,1062.7,651.69,411.01,0.0818
2024-02-20,S020,Home,14,2078.34,956.78,1121.56,0.2371
2024-02-21,S001,Shoes,16,2320.42,1110.76,1209.66,0.0462
2024-02-21,S002,Electronics,20,783.39,508.72,274.67,0.121
2024-02-21,S003,Electronics,18,1076.73,694.93,381.8,0.0248
2024-02-21,S004,Womens,23,2774.43,1936.91,837.52,-0.0537
2024-02-21,S005,Shoes,14,1779.88,900.91,878.97,0.0097
2024-02-21,S006,Kids,11,1617.66,801.1,816.56,0.1697
2024-02-21,S007,Mens,12,1364.01,757.03,606.98,0.0813
2024-02-21,S008,Kids,20,2639.34,1227.04,1412.3,0.1268
2024-02-21,S009,Mens,3,231.16,143.07,88.09,0.0974
2024-02-21,S010,Home,22,505.76,307.6,198.16,0.1576
2024-02-21,S011,Electronics,14,230.94,146.08,84.86,0.0787
2024-02-21,S012,Mens,8,257.78,142.36,115.42,-0.0082
2024-02-21,S013,Kids,23,1847.21,1024.46,822.75,-0.0069
2024-02-21,S014,Kids,18,1668.69,818.27,850.42,0.0387
2024-02-21,S015,Kids,13,589.18,275.32,313.86,0.181
2024-02-21,S016,Kids,10,788.59,363.4,425.19,0.1297
2024-02-21,S017,Kids,9,1039.86,575.15,464.71,-0.0717
2024-02-21,S018,Electronics,13,968.15,512.47,455.68,0.2148
2024-02-21,S019,Home,17,1847.77,915.92,931.85,-0.0224
2024-02-21,S020,Womens,6,825.49,421.53,403.96,-0.1135
2024-02-22,S001,Kids,14,407.84,196.64,211.2,0.0795
2024-02-22,S002,Womens,24,460.22,289.3,170.92,-0.0053
2024-02-22,S003,Electronics,3,408.11,203.68,204.43,-0.141
2024-02-22,S004,Home,11,1038.32,549.29,489.03,0.1008
2024-02-22,S005,Kids,16,878.81,451.65,427.16,-0.019
2024-02-22,S006,Womens,2,78.92,51.11,27.81,0.0039
2024-02-22,S007,Womens,13,1226.93,682.94,543.99,0.0962
2024-02-22,S008,Kids,7,788.3,507.01,281.29,0.136
2024-02-22,S009,Mens,24,1657.01,1081.97,575.04,-0.1445
2024-02-22,S010,Womens,13,1596.64,1090.81,505.83,-0.1419
2024-02-22,S011,Kids,20,2208.94,1359.92,849.02,0.1731
2024-02-22,S012,Mens,13,228.25,144.71,83.54,-0.0666
2024-02-22,S013,Womens,8,809.57,429.02,380.55,-0.1272
2024-02-22,S014,Shoes,21,317.63,214.66,102.97,-0.1402
2024-02-22,S015,Home,24,1708.69,921.23,787.46,0.2147
2024-02-22,S016,Womens,20,1682.98,1043.65,639.33,0.2227
2024-02-22,S017,Electronics,23,1543.34,838.78,704.56,0.2045
2024-02-22,S018,Womens,18,1068.4,495.33,573.07,-0.077
2024-02-22,S019,Womens,13,946.46,575.45,371.01,0.1404
2024-02-22,S020,Kids,3,218.12,133.34,84.78,0.1481
2024-02-23,S001,Kids,22,1533.82,793.43,740.39,-0.0705
2024-02-23,S002,Womens,4,489.33,259.8,229.53,0.1561
2024-02-23,S003,Shoes,17,1764.46,1077.01,687.45,-0.1398
2024-02-23,S004,Womens,16,1290.14,615.72,674.42,-0.0506
2024-02-23,S005,Home,16,1987.06,1329.09,657.97,-0.029
2024-02-23,S006,Electronics,7,915.08,586.72,328.36,-0.0913
2024-02-23,S007,Mens,23,2994.59,1593.24,1401.35,-0.1285
2024-02-23,S008,Shoes,24,1109.35,566.76,542.59,-0.0276
2024-02-23,S009,Home,3,116.74,52.68,64.06,0.0282
2024-02-23,S010,Electronics,22,2297.07,1465.43,831.64,0.1748
2024-02-23,S011,Home,16,915.91,608.74,307.17,-0.0973
2024-02-23,S012,Womens,8,851.94,437.11,414.83,0.1992
2024-02-23,S013,Shoes,13,289.13,181.97,107.16,0.0402
2024-02-23,S014,Shoes,7,467.31,229.95,237.36,0.1846
2024-02-23,S015,Electronics,1,40.54,25.54,15.0,0.0544
2024-02-23,S016,Womens,3,366.19,254.62,111.57,0.223
2024-02-23,S017,Shoes,3,384.74,237.67,147.07,0.1288
2024-02-23,S018,Womens,24,811.16,489.13,322.03,-0.0275
2024-02-23,S019,Mens,15,368.6,198.1,170.5,0.195
2024-02-23,S020,Kids,15,1973.56,953.37,1020.19,0.241
2024-02-24,S001,Electronics,20,1769.49,1227.93,541.56,-0.0023
2024-02-24,S002,Home,14,860.33,499.11,361.22,0.0263
2024-02-24,S003,Electronics,23,1914.64,1104.63,810.01,-0.0947
2024-02-24,S004,Kids,22,1737.8,978.06,759.74,0.1977
2024-02-24,S005,Shoes,20,1439.92,930.57,509.35,-0.0717
2024-02-24,S006,Mens,17,570.25,296.08,274.17,-0.1316
2024-02-24,S007,Home,21,2188.36,1393.09,795.27,-0.0254
2024-02-24,S008,Womens,5,250.23,112.71,137.52,0.0006
2024-02-24,S009,Electronics,8,637.0,423.94,213.06,-0.1078
2024-02-24,S010,Kids,4,337.01,175.36,161.65,0.1789
2024-02-24,S011,Electronics,6,683.62,457.37,226.25,0.1391
2024-02-24,S012,Womens,1,31.08,17.97,13.11,-0.0105
2024-02-24,S013,Kids,1,112.03,53.51,58.52,-0.1358
2024-02-24,S014,Shoes,16,742.5,473.39,269.11,-0.0402
2024-02-24,S015,Womens,13,337.44,190.0,147.44,0.1456
2024-02-24,S016,Kids,7,875.24,585.85,289.39,0.1593
2024-02-24,S017,Shoes,19,366.37,213.87,152.5,-0.1349
2024-02-24,S018,Mens,10,909.28,472.7,436.58,0.163
2024-02-24,S019,Home,14,963.43,641.38,322.05,-0.0432
2024-02-24,S020,Mens,14,1833.06,974.22,858.84,0.2316
2024-02-25,S001,Kids,6,363.24,238.61,124.63,-0.1498
2024-02-25,S002,Womens,22,1046.26,531.91,514.35,-0.1227
2024-02-25,S003,Kids,22,1979.98,1035.21,944.77,0.017
2024-02-25,S004,Shoes,22,3233.16,2107.91,1125.25,0.145
2024-02-25,S005,Mens,2,256.8,137.34,119.46,0.1336
2024-02-25,S006,Mens,17,977.07,604.32,372.75,0.1877
2024-02-25,S007,Shoes,3,302.14,145.32,156.82,-0.1218
2024-02-25,S008,Kids,18,732.01,479.7,252.31,0.0679
2024-02-25,S009,Electronics,1,143.99,73.69,70.3,0.1939
2024-02-25,S010,Home,22,369.29,213.43,155.86,0.1578
2024-02-25,S011,Mens,11,186.36,121.27,65.09,0.2423
2024-02-25,S012,Electronics,7,581.0,389.04,191.96,0.231
2024-02-25,S013,Shoes,14,1051.91,629.1,422.81,0.1304
2024-02-25,S014,Mens,17,1410.18,915.36,494.82,0.1458
2024-02-25,S015,Home,1,36.03,21.14,14.89,-0.115
2024-02-25,S016,Mens,6,424.95,195.46,229.49,-0.0404
2024-02-25,S017,Home,1,20.82,10.3,10.52,0.0069
2024-02-25,S018,Womens,5,170.31,109.15,61.16,-0.1065
2024-02-25,S019,Shoes,23,1828.39,1041.34,787.05,0.1572
2024-02-25,S020,Kids,23,2311.28,1300.26,1011.02,0.0624
2024-02-26,S001,Kids,18,2515.5,1647.86,867.64,0.0747
2024-02-26,S002,Home,6,378.33,184.29,194.04,0.0886
2024-02-26,S003,Home,21,1398.32,675.48,722.84,-0.0713
2024-02-26,S004,Mens,19,1933.77,1160.72,773.05,0.1284
2024-02-26,S005,Shoes,17,698.3,396.51,301.79,0.039
2024-02-26,S006,Home,18,2417.35,1295.05,1122.3,0.1235
2024-02-26,S007,Shoes,1,130.24,82.22,48.02,-0.0058
2024-02-26,S008,Electronics,6,253.74,148.79,104.95,-0.0672
2024-02-26,S009,Womens,17,786.52,520.86,265.66,0.0089
2024-02-26,S010,Home,24,1356.88,924.73,432.15,-0.0853
2024-02-26,S011,Shoes,8,891.87,454.9,436.97,0.0275
2024-02-26,S012,Electronics,24,622.29,416.41,205.88,0.1415
2024-02-26,S013,Home,5,479.58,239.94,239.64,0.2061
2024-02-26,S014,Electronics,4,574.11,364.26,209.85,0.089
2024-02-26,S015,Kids,12,260.36,133.89,126.47,0.036
2024-02-26,S016,Electronics,23,2654.83,1804.76,850.07,0.0195
2024-02-26,S017,Mens,14,2027.33,1137.76,889.57,0.0456
2024-02-26,S018,Mens,1,137.79,81.6,56.19,0.1549
2024-02-26,S019,Womens,24,1467.59,819.54,648.05,0.1894
2024-02-26,S020,Kids,8,977.45,669.8,307.65,0.0993
2024-02-27,S001,Shoes,4,494.75,327.16,167.59,0.008
2024-02-27,S002,Womens,10,234.38,128.17,106.21,0.0834
2024-02-27,S003,Home,6,604.14,300.02,304.12,0.1497
2024-02-27,S004,Kids,14,761.71,485.33,276.38,0.043
2024-02-27,S005,Kids,20,1734.66,952.23,782.43,0.0953
2024-02-27,S006,Home,17,2315.81,1346.09,969.72,0.1329
2024-02-27,S007,Shoes,2,210.02,121.34,88.68,0.0215
2024-02-27,S008,Mens,10,1469.33,750.22,719.11,0.1153
2024-02-27,S009,Shoes,16,1429.43,697.97,731.46,0.1412
2024-02-27,S010,Kids,23,2615.53,1680.31,935.22,0.2402
2024-02-27,S011,Kids,2,282.92,163.79,119.13,0.0489
2024-02-27,S012,Home,22,651.22,430.15,221.07,0.0957
2024-02-27,S013,Electronics,19,776.8,457.44,319.36,0.0836
2024-02-27,S014,Home,21,564.86,363.88,200.98,0.189
2024-02-27,S015,Kids,15,1096.45,538.77,557.68,0.1326
2024-02-27,S016,Electronics,9,906.92,452.66,454.26,-0.0653
2024-02-27,S017,Electronics,8,467.83,275.99,191.84,0.1932
2024-02-27,S018,Electronics,3,169.04,87.27,81.77,0.1285
2024-02-27,S019,Shoes,12,330.2,192.52,137.68,0.1787
2024-02-27,S020,Womens,17,2072.39,1353.05,719.34,0.0429
2024-02-28,S001,Home,10,374.44,204.05,170.39,0.0969
2024-02-28,S002,Home,18,2038.14,1387.26,650.88,0.1549
2024-02-28,S003,Mens,6,245.54,151.42,94.12,0.0994
2024-02-28,S004,Home,9,630.59,327.85,302.74,-0.0955
2024-02-28,S005,Home,10,1247.75,641.8,605.95,0.1598
2024-02-28,S006,Mens,12,1000.83,664.55,336.28,0.15
2024-02-28,S007,Shoes,21,702.96,328.58,374.38,0.2074
2024-02-28,S008,Womens,1,112.83,74.37,38.46,0.195
2024-02-28,S009,Shoes,12,1560.58,718.23,842.35,-0.1301
2024-02-28,S010,Kids,18,423.35,224.86,198.49,0.1191
2024-02-28,S011,Electronics,24,941.9,490.11,451.79,0.033
2024-02-28,S012,Womens,18,452.0,215.4,236.6,0.185
2024-02-28,S013,Mens,10,831.63,534.06,297.57,-0.1252
2024-02-28,S014,Mens,11,1341.02,738.33,602.69,0.02
2024-02-28,S015,Electronics,7,518.82,342.94,175.88,-0.045
2024-02-28,S016,Womens,5,101.95,57.32,44.63,0.081
2024-02-28,S017,Shoes,18,1077.8,570.03,507.77,-0.1074
2024-02-28,S018,Home,21,597.07,383.11,213.96,0.2365
2024-02-28,S019,Mens,4,338.98,176.66,162.32,0.0569
2024-02-28,S020,Mens,19,2042.47,1067.21,975.26,-0.0694
2024-02-29,S001,Kids,22,834.18,395.33,438.85,0.0177
2024-02-29,S002,Womens,8,305.67,179.38,126.29,-0.0842
2024-02-29,S003,Shoes,13,752.02,379.83,372.19,0.0561
2024-02-29,S004,Mens,12,1648.1,1047.96,600.14,0.0631
2024-02-29,S005,Electronics,22,2393.91,1083.57,1310.34,0.0076
2024-02-29,S006,Mens,24,1480.58,679.3,801.28,0.1485
2024-02-29,S007,Womens,15,2006.67,1228.42,778.25,0.2097
2024-02-29,S008,Electronics,9,294.51,155.33,139.18,-0.0693
2024-02-29,S009,Home,3,166.89,82.78,84.11,0.1526
2024-02-29,S010,Womens,4,181.93,109.91,72.02,-0.1339
2024-02-29,S011,Electronics,21,1643.36,800.3,843.06,0.2439
2024-02-29,S012,Electronics,23,3301.26,1767.71,1533.55,0.2443
2024-02-29,S013,Electronics,10,196.48,110.31,86.17,0.1767
2024-02-29,S014,Womens,9,789.11,535.26,253.85,0.0052
2024-02-29,S015,Kids,5,734.45,364.83,369.62,0.0281
2024-02-29,S016,Electronics,16,1996.22,947.82,1048.4,0.0215
2024-02-29,S017,Electronics,1,44.05,26.73,17.32,0.2195
2024-02-29,S018,Kids,10,193.81,98.63,95.18,-0.0259
2024-02-29,S019,Electronics,19,906.39,453.99,452.4,0.2318
2024-02-29,S020,Mens,16,1790.18,1242.66,547.52,0.0009
2024-03-01,S001,Home,5,368.31,245.8,122.51,-0.0777
2024-03-01,S002,Kids,23,1195.74,715.37,480.37,0.0457
2024-03-01,S003,Electronics,18,2073.96,1051.67,1022.29,-0.1266
2024-03-01,S004,Electronics,2,158.06,77.77,80.29,-0.0081
2024-03-01,S005,Kids,24,2249.92,1509.89,740.03,-0.0893
2024-03-01,S006,Womens,6,734.48,344.74,389.74,-0.0371
2024-03-01,S007,Home,7,347.31,237.38,109.93,-0.0976
2024-03-01,S008,Shoes,15,970.71,674.41,296.3,0.0183
2024-03-01,S009,Mens,23,3170.33,1995.14,1175.19,0.0828
2024-03-01,S010,Electronics,15,1123.22,769.09,354.13,-0.032
2024-03-01,S011,Shoes,4,468.74,291.69,177.05,0.1955
2024-03-01,S012,Mens,23,1670.4,798.1,872.3,-0.1378
2024-03-01,S013,Home,12,510.47,335.18,175.29,0.0731
2024-03-01,S014,Home,16,1347.25,704.23,643.02,0.0378
2024-03-01,S015,Electronics,19,1067.08,531.59,535.49,-0.0984
2024-03-01,S016,Home,20,2406.13,1366.46,1039.67,-0.059
2024-03-01,S017,Home,21,1258.29,861.9,396.39,-0.0128
2024-03-01,S018,Mens,10,594.46,275.31,319.15,0.0301
2024-03-01,S019,Mens,6,375.03,234.92,140.11,0.0586
2024-03-01,S020,Womens,17,901.79,447.36,454.43,-0.1343
2024-03-02,S001,Womens,17,2032.44,982.9,1049.54,0.0371
2024-03-02,S002,Electronics,8,582.62,266.13,316.49,0.1634
2024-03-02,S003,Womens,13,1532.12,1031.62,500.5,0.0231
2024-03-02,S004,Womens,4,317.57,173.81,143.76,0.205
2024-03-02,S005,Womens,7,422.35,255.0,167.35,0.2208
2024-03-02,S006,Shoes,23,501.83,294.49,207.34,0.2062
2024-03-02,S007,Electronics,24,1890.09,1003.79,886.3,0.2309
2024-03-02,S008,Kids,1,149.84,69.49,80.35,0.0814
2024-03-02,S009,Womens,8,286.88,160.62,126.26,0.0542
2024-03-02,S010,Home,20,611.48,408.11,203.37,0.0389
2024-03-02,S011,Shoes,19,948.59,509.2,439.39,0.1677
2024-03-02,S012,Electronics,2,283.16,175.54,107.62,0.0781
2024-03-02,S013,Mens,10,1422.2,920.23,501.97,-0.1404
2024-03-02,S014,Mens,4,464.3,233.68,230.62,0.1969
2024-03-02,S015,Shoes,7,608.99,335.8,273.19,-0.0823
2024-03-02,S016,Shoes,5,113.98,75.37,38.61,-0.1264
2024-03-02,S017,Home,19,551.14,288.72,262.42,-0.1138
2024-03-02,S018,Kids,12,395.99,262.53,133.46,0.1769
2024-03-02,S019,Womens,1,61.84,34.5,27.34,0.1627
2024-03-02,S020,Home,3,278.48,149.13,129.35,0.174
2024-03-03,S001,Womens,21,951.13,547.97,403.16,-0.0457
2024-03-03,S002,Kids,7,587.98,330.08,257.9,0.2368
2024-03-03,S003,Kids,18,1860.06,1242.76,617.3,-0.0523
2024-03-03,S004,Shoes,2,130.45,61.72,68.73,0.0332
2024-03-03,S005,Womens,9,431.45,298.43,133.02,0.2333
2024-03-03,S006,Electronics,14,867.82,584.81,283.01,0.2366
2024-03-03,S007,Womens,12,440.23,217.15,223.08,-0.0433
2024-03-03,S008,Home,6,176.19,115.48,60.71,-0.0944
2024-03-03,S009,Womens,12,1716.6,1077.66,638.94,-0.1473
2024-03-03,S010,Home,12,1012.81,653.1,359.71,0.059
2024-03-03,S011,Home,17,809.47,502.13,307.34,0.1364
2024-03-03,S012,Home,23,1885.21,852.0,1033.21,0.0468
2024-03-03,S013,Electronics,19,826.14,545.59,280.55,-0.1379
2024-03-03,S014,Mens,5,385.72,194.56,191.16,-0.0965
2024-03-03,S015,Mens,19,471.39,235.59,235.8,-0.0109
2024-03-03,S016,Electronics,24,3203.72,1513.41,1690.31,0.1361
2024-03-03,S017,Home,6,705.87,445.12,260.75,-0.147
2024-03-03,S018,Electronics,19,642.35,428.16,214.19,0.1986
2024-03-03,S019,Kids,3,224.98,118.3,106.68,0.1366
2024-03-03,S020,Kids,24,1999.2,1288.35,710.85,0.1933
2024-03-04,S001,Shoes,13,826.23,513.76,312.47,-0.0249
2024-03-04,S002,Kids,17,1865.09,843.87,1021.22,0.0137
2024-03-04,S003,Home,11,1451.36,814.28,637.08,-0.0952
2024-03-04,S004,Kids,3,375.52,261.35,114.17,0.2139
2024-03-04,S005,Electronics,9,261.86,155.09,106.77,0.0626
2024-03-04,S006,Mens,1,68.57,38.25,30.32,0.0777
2024-03-04,S007,Kids,3,150.59,87.28,63.31,0.1389
2024-03-04,S008,Electronics,24,2131.9,1340.14,791.76,0.0279
2024-03-04,S009,Kids,13,1058.46,558.4,500.06,-0.0773
2024-03-04,S010,Home,2,99.69,56.42,43.27,-0.0967
2024-03-04,S011,Womens,13,1717.82,1076.91,640.91,-0.1075
2024-03-04,S012,Shoes,6,744.45,477.89,266.56,-0.1044
2024-03-04,S013,Home,17,2169.78,1289.58,880.2,0.1086
2024-03-04,S014,Shoes,18,1554.76,713.0,841.76,0.1056
2024-03-04,S015,Electronics,5,368.63,192.85,175.78,0.0682
2024-03-04,S016,Mens,16,2397.95,1211.16,1186.79,-0.1087
2024-03-04,S017,Shoes,3,242.86,141.11,101.75,0.1168
2024-03-04,S018,Kids,5,513.45,342.47,170.98,0.1813
2024-03-04,S019,Electronics,13,281.54,144.82,136.72,-0.0957
2024-03-04,S020,Electronics,6,403.22,264.22,139.0,0.2378
2024-03-05,S001,Mens,16,483.01,306.22,176.79,-0.04
2024-03-05,S002,Electronics,19,1405.28,795.39,609.89,0.1656
2024-03-05,S003,Electronics,20,2066.4,1445.55,620.85,-0.12
2024-03-05,S004,Womens,21,1471.38,790.05,681.33,-0.1413
2024-03-05,S005,Home,11,1176.22,787.87,388.35,0.0557
2024-03-05,S006,Kids,7,830.64,529.91,300.73,0.0853
2024-03-05,S007,Kids,2,253.13,158.3,94.83,0.0337
2024-03-05,S008,Electronics,9,653.68,370.8,282.88,0.2214
2024-03-05,S009,Mens,18,1027.32,597.21,430.11,-0.1236
2024-03-05,S010,Shoes,16,1017.73,579.56,438.17,-0.0079
2024-03-05,S011,Electronics,21,2192.43,1378.67,813.76,-0.0427
2024-03-05,S012,Electronics,15,1552.41,714.03,838.38,0.0891
2024-03-05,S013,Home,15,2028.94,1140.79,888.15,0.0337
2024-03-05,S014,Electronics,2,211.11,138.34,72.77,-0.0521
2024-03-05,S015,Kids,6,769.46,514.98,254.48,-0.0527
2024-03-05,S016,Electronics,7,286.91,136.42,150.49,0.2144
2024-03-05,S017,Electronics,24,518.0,342.36,175.64,0.0252
2024-03-05,S018,Womens,16,1498.27,930.35,567.92,0.1512
2024-03-05,S019,Shoes,16,2118.37,1053.59,1064.78,0.0105
2024-03-05,S020,Womens,8,254.86,148.17,106.69,-0.1062
2024-03-06,S001,Shoes,21,1241.3,667.08,574.22,0.0885
2024-03-06,S002,Electronics,19,952.93,628.55,324.38,0.1362
2024-03-06,S003,Electronics,5,677.85,421.86,255.99,-0.0365
2024-03-06,S004,Mens,14,787.99,504.16,283.83,0.0979
2024-03-06,S005,Mens,10,398.54,189.87,208.67,0.1751
2024-03-06,S006,Electronics,6,719.28,336.41,382.87,0.1142
2024-03-06,S007,Mens,12,1269.99,729.36,540.63,0.2301
2024-03-06,S008,Home,1,17.59,9.82,7.77,-0.1368
2024-03-06,S009,Electronics,9,337.3,211.84,125.46,-0.0796
2024-03-06,S010,Shoes,12,257.89,147.23,110.66,-0.1441
2024-03-06,S011,Mens,3,440.31,222.61,217.7,-0.0668
2024-03-06,S012,Kids,17,836.51,563.61,272.9,0.0796
2024-03-06,S013,Mens,11,1401.55,803.58,597.97,0.2147
2024-03-06,S014,Electronics,3,112.0,50.47,61.53,0.2436
2024-03-06,S015,Womens,10,224.85,148.01,76.84,0.0331
2024-03-06,S016,Home,7,935.42,466.93,468.49,0.2289
2024-03-06,S017,Mens,9,880.63,445.4,435.23,0.0683
2024-03-06,S018,Electronics,4,162.72,94.41,68.31,0.0376
2024-03-06,S019,Kids,16,2007.54,1071.87,935.67,0.0798
2024-03-06,S020,Mens,19,2325.66,1128.75,1196.91,-0.0979
2024-03-07,S001,Kids,13,541.06,256.68,284.38,-0.0833
2024-03-07,S002,Home,20,2517.97,1355.97,1162.0,0.1123
2024-03-07,S003,Shoes,2,212.82,132.09,80.73,0.1015
2024-03-07,S004,Electronics,22,841.43,469.3,372.13,0.0542
2024-03-07,S005,Kids,9,651.11,348.63,302.48,-0.0766
2024-03-07,S006,Shoes,14,2062.12,1436.06,626.06,0.1247
2024-03-07,S007,Kids,20,1042.57,527.44,515.13,0.1928
2024-03-07,S008,Mens,16,1208.43,691.6,516.83,-0.0629
2024-03-07,S009,Home,3,277.24,131.57,145.67,0.0297
2024-03-07,S010,Kids,17,2441.75,1244.88,1196.87,0.0996
2024-03-07,S011,Home,4,532.87,275.95,256.92,-0.1485
2024-03-07,S012,Mens,14,870.6,460.49,410.11,0.1665
2024-03-07,S013,Electronics,4,398.45,193.86,204.59,0.1792
2024-03-07,S014,Kids,14,2061.83,1375.53,686.3,-0.0804
2024-03-07,S015,Shoes,13,1212.19,822.05,390.14,-0.0791
2024-03-07,S016,Womens,6,152.2,84.23,67.97,0.1216
2024-03-07,S017,Home,5,131.67,84.6,47.07,0.1021
2024-03-07,S018,Electronics,13,1887.44,926.61,960.83,-0.0302
2024-03-07,S019,Shoes,18,930.27,608.39,321.88,0.0013
2024-03-07,S020,Shoes,9,550.8,383.0,167.8,0.1019
2024-03-08,S001,Womens,19,712.17,496.06,216.11,0.1783
2024-03-08,S002,Womens,2,48.92,22.71,26.21,-0.1018
2024-03-08,S003,Home,15,2105.75,1209.09,896.66,0.1872
2024-03-08,S004,Mens,10,1106.59,700.44,406.15,-0.0804
2024-03-08,S005,Womens,2,202.07,94.5,107.57,-0.0054
2024-03-08,S006,Kids,13,255.38,155.46,99.92,0.1936
2024-03-08,S007,Shoes,11,744.59,500.93,243.66,0.1754
2024-03-08,S008,Home,2,97.18,65.84,31.34,-0.0882
2024-03-08,S009,Home,8,151.11,92.32,58.79,-0.0391
2024-03-08,S010,Shoes,18,1108.99,546.94,562.05,0.0988
2024-03-08,S011,Mens,15,2168.49,1437.48,731.01,0.1955
2024-03-08,S012,Electronics,11,1297.11,630.36,666.75,-0.1466
2024-03-08,S013,Mens,19,1613.71,729.18,884.53,0.0191
2024-03-08,S014,Womens,1,74.76,47.33,27.43,-0.0568
2024-03-08,S015,Mens,12,749.79,419.92,329.87,-0.1223
2024-03-08,S016,Womens,5,249.35,166.25,83.1,0.1177
2024-03-08,S017,Womens,11,1206.2,559.59,646.61,0.2147
2024-03-08,S018,Electronics,7,584.48,327.53,256.95,-0.0977
2024-03-08,S019,Mens,17,2249.26,1520.75,728.51,-0.1497
2024-03-08,S020,Mens,9,733.23,365.21,368.02,0.0356
2024-03-09,S001,Electronics,6,763.7,432.1,331.6,0.0447
2024-03-09,S002,Home,3,303.02,204.44,98.58,0.0326
2024-03-09,S003,Mens,13,1000.03,495.42,504.61,-0.029
2024-03-09,S004,Womens,15,1173.31,778.24,395.07,0.2234
2024-03-09,S005,Mens,2,63.81,34.81,29.0,-0.1387
2024-03-09,S006,Kids,6,380.59,231.31,149.28,0.136
2024-03-09,S007,Mens,7,394.59,272.49,122.1,0.2358
2024-03-09,S008,Womens,4,479.48,296.49,182.99,0.0958
2024-03-09,S009,Mens,12,307.38,163.75,143.63,-0.0507
2024-03-09,S010,Kids,22,2505.86,1556.59,949.27,-0.0652
2024-03-09,S011,Kids,16,847.57,468.52,379.05,-0.0563
2024-03-09,S012,Kids,16,2139.49,1479.25,660.24,-0.0134
2024-03-09,S013,Mens,24,382.98,237.47,145.51,0.1802
2024-03-09,S014,Mens,3,308.3,195.93,112.37,-0.1374
2024-03-09,S015,Electronics,3,301.4,203.37,98.03,0.0995
2024-03-09,S016,Electronics,1,69.05,47.42,21.63,0.0126
2024-03-09,S017,Home,4,103.56,64.01,39.55,0.1257
2024-03-09,S018,Mens,20,882.15,576.42,305.73,-0.0632
2024-03-09,S019,Shoes,22,3205.58,1561.0,1644.58,0.2264
2024-03-09,S020,Electronics,3,274.81,149.57,125.24,0.236
2024-03-10,S001,Shoes,14,242.07,167.05,75.02,-0.1322
2024-03-10,S002,Womens,2,219.37,99.5,119.87,-0.1302
2024-03-10,S003,Electronics,21,1283.65,883.57,400.08,0.2113
2024-03-10,S004,Home,6,630.54,303.54,327.0,0.1562
2024-03-10,S005,Mens,6,351.99,230.49,121.5,0.0646
2024-03-10,S006,Electronics,13,568.88,342.43,226.45,-0.1165
2024-03-10,S007,Kids,12,1415.31,843.85,571.46,-0.0435
2024-03-10,S008,Womens,15,466.88,282.73,184.15,0.2238
2024-03-10,S009,Electronics,24,2741.48,1827.51,913.97,0.0584
2024-03-10,S010,Home,16,433.26,240.24,193.02,0.1913
2024-03-10,S011,Womens,14,1944.16,1246.48,697.68,-0.1184
2024-03-10,S012,Home,9,258.8,117.49,141.31,0.0965
2024-03-10,S013,Home,18,1963.11,930.83,1032.28,-0.0403
2024-03-10,S014,Womens,10,1329.47,640.41,689.06,0.1966
2024-03-10,S015,Mens,5,160.8,89.55,71.25,-0.0857
2024-03-10,S016,Mens,23,2994.11,1782.48,1211.63,-0.1184
2024-03-10,S017,Electronics,17,1344.08,726.3,617.78,-0.0065
2024-03-10,S018,Electronics,20,1877.87,1219.14,658.73,-0.0136
2024-03-10,S019,Mens,23,1396.39,647.73,748.66,0.0717
2024-03-10,S020,Womens,1,141.16,89.14,52.02,0.2171
2024-03-11,S001,Shoes,3,289.85,168.68,121.17,0.073
2024-03-11,S002,Mens,10,1193.78,568.92,624.86,0.1614
2024-03-11,S003,Electronics,17,335.69,178.18,157.51,0.0676
2024-03-11,S004,Shoes,12,663.56,410.14,253.42,-0.0185
2024-03-11,S005,Womens,9,739.48,383.78,355.7,0.1424
2024-03-11,S006,Womens,21,374.96,208.0,166.96,0.1603
2024-03-11,S007,Womens,23,2095.4,1050.31,1045.09,0.1468
2024-03-11,S008,Electronics,14,1501.49,744.58,756.91,0.1784
2024-03-11,S009,Kids,10,511.16,296.37,214.79,-0.0563
2024-03-11,S010,Mens,16,507.17,302.18,204.99,0.1439
2024-03-11,S011,Kids,20,1771.03,916.39,854.64,0.131
2024-03-11,S012,Home,3,445.6,230.05,215.55,0.1188
2024-03-11,S013,Kids,21,627.06,342.28,284.78,0.1849
2024-03-11,S014,Womens,16,1542.15,974.46,567.69,-0.1039
2024-03-11,S015,Kids,5,210.48,141.03,69.45,-0.072
2024-03-11,S016,Home,2,197.55,120.42,77.13,0.1298
2024-03-11,S017,Shoes,23,2982.59,1739.48,1243.11,0.0385
2024-03-11,S018,Mens,8,1066.01,688.42,377.59,-0.0828
2024-03-11,S019,Mens,14,1131.14,685.78,445.36,0.2285
2024-03-11,S020,Home,12,460.9,290.92,169.98,0.0521
2024-03-12,S001,Kids,7,296.72,188.83,107.89,0.2482
2024-03-12,S002,Shoes,21,753.82,395.98,357.84,-0.0504
2024-03-12,S003,Electronics,5,246.9,141.29,105.61,0.013
2024-03-12,S004,Kids,3,67.65,32.85,34.8,-0.1289
2024-03-12,S005,Kids,17,380.1,250.53,129.57,0.0548
2024-03-12,S006,Shoes,14,1271.41,626.43,644.98,-0.0709
2024-03-12,S007,Mens,15,1426.83,717.02,709.81,-0.1035
2024-03-12,S008,Home,14,251.55,163.68,87.87,0.1652
2024-03-12,S009,Kids,24,799.43,388.85,410.58,0.129
2024-03-12,S010,Shoes,2,299.96,135.15,164.81,0.1055
2024-03-12,S011,Womens,18,2316.53,1163.65,1152.88,-0.121
2024-03-12,S012,Home,7,485.39,330.07,155.32,0.1101
2024-03-12,S013,Kids,20,2859.21,1471.46,1387.75,-0.0151
2024-03-12,S014,Mens,24,2568.99,1726.84,842.15,0.127
2024-03-12,S015,Home,4,477.33,310.64,166.69,-0.0886
2024-03-12,S016,Mens,5,613.96,384.83,229.13,-0.0738
2024-03-12,S017,Shoes,7,204.99,124.44,80.55,-0.1015
2024-03-12,S018,Home,10,1203.92,659.22,544.7,0.0814
2024-03-12,S019,Home,5,449.02,221.65,227.37,0.0015
2024-03-12,S020,Home,19,1937.41,1187.01,750.4,0.1967
2024-03-13,S001,Electronics,7,194.63,114.06,80.57,0.1462
2024-03-13,S002,Kids,18,681.16,338.46,342.7,-0.1458
2024-03-13,S003,Shoes,12,1082.08,728.21,353.87,-0.0351
2024-03-13,S004,Kids,8,244.85,133.97,110.88,-0.1351
2024-03-13,S005,Home,21,2223.27,1551.15,672.12,0.2031
2024-03-13,S006,Kids,22,795.14,551.58,243.56,0.187
2024-03-13,S007,Mens,12,1769.9,839.54,930.36,-0.0288
2024-03-13,S008,Electronics,2,280.66,130.9,149.76,0.0698
2024-03-13,S009,Mens,12,1237.42,635.93,601.49,-0.0042
2024-03-13,S010,Shoes,12,1056.75,687.91,368.84,0.0536
2024-03-13,S011,Womens,11,735.16,412.51,322.65,-0.0934
2024-03-13,S012,Womens,8,1163.92,655.35,508.57,-0.0929
2024-03-13,S013,Kids,18,2582.64,1368.62,1214.02,0.1972
2024-03-13,S014,Womens,3,186.83,87.96,98.87,0.1398
2024-03-13,S015,Shoes,22,2655.28,1488.72,1166.56,0.0441
2024-03-13,S016,Womens,14,932.67,523.02,409.65,0.0005
2024-03-13,S017,Mens,15,1862.82,1006.75,856.07,0.0597
2024-03-13,S018,Home,22,1130.24,587.02,543.22,0.2234
2024-03-13,S019,Electronics,13,1207.96,739.19,468.77,-0.1383
2024-03-13,S020,Kids,13,1152.79,622.34,530.45,-0.1174
2024-03-14,S001,Mens,9,1290.15,712.39,577.76,0.0367
2024-03-14,S002,Womens,17,341.21,214.72,126.49,0.0652
2024-03-14,S003,Electronics,14,1617.58,795.95,821.63,-0.074
2024-03-14,S004,Home,12,580.89,355.1,225.79,0.1104
2024-03-14,S005,Kids,23,1641.99,768.9,873.09,-0.0405
2024-03-14,S006,Kids,24,2291.88,1438.0,853.88,-0.1471
2024-03-14,S007,Home,7,140.46,83.2,57.26,0.2183
2024-03-14,S008,Mens,8,1151.42,782.86,368.56,-0.0255
2024-03-14,S009,Home,24,3295.5,1929.18,1366.32,0.1018
2024-03-14,S010,Mens,15,557.65,321.17,236.48,0.1821
2024-03-14,S011,Home,5,303.4,207.49,95.91,0.2149
2024-03-14,S012,Kids,13,1455.27,866.41,588.86,0.2291
2024-03-14,S013,Mens,11,322.77,159.26,163.51,0.1261
2024-03-14,S014,Kids,3,406.28,257.26,149.02,0.0533
2024-03-14,S015,Shoes,13,662.02,435.81,226.21,0.0207
2024-03-14,S016,Womens,20,2325.43,1449.56,875.87,0.2463
2024-03-14,S017,Shoes,16,1198.27,814.45,383.82,0.0261
2024-03-14,S018,Kids,18,2392.27,1112.26,1280.01,0.2054
2024-03-14,S019,Shoes,6,504.79,345.87,158.92,-0.1309
2024-03-14,S020,Home,12,487.02,234.45,252.57,-0.0256
2024-03-15,S001,Home,7,825.03,475.45,349.58,0.2453
2024-03-15,S002,Kids,20,457.24,235.74,221.5,0.0244
2024-03-15,S003,Shoes,5,714.61,458.57,256.04,-0.0427
2024-03-15,S004,Mens,20,2247.91,1540.54,707.37,0.2027
2024-03-15,S005,Home,21,2511.14,1482.92,1028.22,0.0711
2024-03-15,S006,Womens,16,1769.15,1111.76,657.39,-0.049
2024-03-15,S007,Home,19,793.4,385.59,407.81,0.2498
2024-03-15,S008,Shoes,8,585.47,305.64,279.83,0.0916
2024-03-15,S009,Mens,7,194.47,89.11,105.36,0.0497
2024-03-15,S010,Shoes,3,138.31,85.93,52.38,0.2428
2024-03-15,S011,Home,17,2431.12,1389.84,1041.28,0.1309
2024-03-15,S012,Electronics,12,757.71,390.49,367.22,0.2286
2024-03-15,S013,Mens,11,1126.57,779.85,346.72,0.1356
2024-03-15,S014,Mens,4,339.25,162.59,176.66,0.0613
2024-03-15,S015,Electronics,8,759.89,433.61,326.28,0.099
2024-03-15,S016,Kids,15,619.55,354.9,264.65,0.2302
2024-03-15,S017,Kids,7,259.67,134.83,124.84,-0.1237
2024-03-15,S018,Shoes,23,1020.96,706.0,314.96,-0.0977
2024-03-15,S019,Womens,7,314.58,202.94,111.64,-0.0695
2024-03-15,S020,Womens,7,553.36,250.39,302.97,-0.1161
2024-03-16,S001,Home,4,362.19,188.28,173.91,-0.0105
2024-03-16,S002,Electronics,7,300.28,200.75,99.53,-0.1378
2024-03-16,S003,Kids,13,1506.4,756.75,749.65,0.0648
2024-03-16,S004,Mens,7,697.81,396.3,301.51,0.2339
2024-03-16,S005,Electronics,5,749.03,341.71,407.32,0.1841
2024-03-16,S006,Shoes,8,1028.94,605.69,423.25,0.2107
2024-03-16,S007,Shoes,7,979.4,653.25,326.15,0.0499
2024-03-16,S008,Kids,7,780.26,472.72,307.54,0.2382
2024-03-16,S009,Womens,5,302.07,175.13,126.94,0.2417
2024-03-16,S010,Womens,1,82.88,40.29,42.59,0.0268
2024-03-16,S011,Womens,1,85.45,50.96,34.49,-0.1466
2024-03-16,S012,Mens,9,1001.31,542.28,459.03,-0.1288
2024-03-16,S013,Electronics,4,575.79,293.67,282.12,-0.0206
2024-03-16,S014,Womens,2,185.77,90.79,94.98,-0.0075
2024-03-16,S015,Home,21,1902.93,1040.17,862.76,0.0181
2024-03-16,S016,Home,1,25.6,17.16,8.44,-0.1188
2024-03-16,S017,Shoes,16,369.62,201.09,168.53,0.2202
2024-03-16,S018,Kids,19,2700.99,1714.83,986.16,-0.1154
2024-03-16,S019,Mens,22,1548.6,879.1,669.5,-0.1303
2024-03-16,S020,Mens,13,1582.35,891.64,690.71,-0.0293
2024-03-17,S001,Kids,17,1973.95,1022.66,951.29,-0.103
2024-03-17,S002,Home,12,1671.63,995.28,676.35,0.0634
2024-03-17,S003,Womens,23,1481.52,965.62,515.9,0.0593
2024-03-17,S004,Mens,10,324.24,189.43,134.81,0.2246
2024-03-17,S005,Kids,23,3044.93,1951.87,1093.06,-0.0509
2024-03-17,S006,Shoes,1,28.75,18.17,10.58,-0.0701
2024-03-17,S007,Electronics,15,1240.94,783.49,457.45,-0.1047
2024-03-17,S008,Electronics,6,482.91,282.6,200.31,0.1773
2024-03-17,S009,Home,12,295.2,158.35,136.85,0.1473
2024-03-17,S010,Kids,4,134.73,83.05,51.68,0.0599
2024-03-17,S011,Mens,24,1455.12,984.7,470.42,0.0849
2024-03-17,S012,Womens,10,757.24,483.94,273.3,0.1677
2024-03-17,S013,Shoes,3,81.65,46.9,34.75,-0.0448
2024-03-17,S014,Home,10,405.9,273.19,132.71,0.0224
2024-03-17,S015,Mens,18,1049.11,518.87,530.24,-0.0543
2024-03-17,S016,Mens,11,538.02,285.23,252.79,-0.096
2024-03-17,S017,Kids,1,92.26,51.71,40.55,-0.0113
2024-03-17,S018,Home,23,1294.37,606.04,688.33,0.2231
2024-03-17,S019,Home,18,2196.24,1141.57,1054.67,0.1085
2024-03-17,S020,Home,5,103.11,67.81,35.3,0.0785
2024-03-18,S001,Electronics,24,3193.3,1471.66,1721.64,-0.0456
2024-03-18,S002,Womens,17,1981.63,900.48,1081.15,0.0568
2024-03-18,S003,Womens,22,1436.79,772.89,663.9,0.0674
2024-03-18,S004,Home,10,1216.68,613.75,602.93,0.1208
2024-03-18,S005,Shoes,10,1150.19,707.9,442.29,-0.0078
2024-03-18,S006,Mens,10,547.85,324.77,223.08,0.1482
2024-03-18,S007,Home,9,628.78,416.76,212.02,0.1694
2024-03-18,S008,Home,21,1008.27,511.02,497.25,-0.0143
2024-03-18,S009,Womens,9,667.98,337.04,330.94,-0.0978
2024-03-18,S010,Womens,6,162.37,90.84,71.53,-0.0577
2024-03-18,S011,Electronics,16,1908.1,894.67,1013.43,0.181
2024-03-18,S012,Electronics,17,1574.79,1018.33,556.46,-0.1431
2024-03-18,S013,Electronics,1,130.8,74.36,56.44,-0.1484
2024-03-18,S014,Kids,10,615.21,301.6,313.61,0.0753
2024-03-18,S015,Womens,13,201.72,102.78,98.94,0.2254
2024-03-18,S016,Womens,19,2311.28,1409.47,901.81,0.1914
2024-03-18,S017,Mens,1,134.1,74.89,59.21,0.149
2024-03-18,S018,Kids,5,269.0,158.57,110.43,-0.0283
2024-03-18,S019,Home,9,350.73,238.07,112.66,0.0361
2024-03-18,S020,Electronics,17,1627.84,977.45,650.39,-0.1242
2024-03-19,S001,Mens,9,796.0,469.6,326.4,0.058
2024-03-19,S002,Electronics,15,760.21,396.69,363.52,0.0545
2024-03-19,S003,Home,16,595.82,332.14,263.68,-0.0351
2024-03-19,S004,Mens,5,381.06,265.72,115.34,-0.1281
2024-03-19,S005,Mens,1,80.06,46.1,33.96,-0.0236
2024-03-19,S006,Electronics,20,2661.82,1822.49,839.33,0.172
2024-03-19,S007,Womens,2,140.78,75.07,65.71,-0.1
2024-03-19,S008,Electronics,1,107.93,55.58,52.35,-0.0481
2024-03-19,S009,Electronics,11,384.87,182.69,202.18,0.0819
2024-03-19,S010,Home,10,643.06,375.45,267.61,0.1654
2024-03-19,S011,Womens,15,2164.77,1420.23,744.54,0.0759
2024-03-19,S012,Mens,5,142.34,65.99,76.35,0.1166
2024-03-19,S013,Womens,2,65.34,33.25,32.09,0.223
2024-03-19,S014,Womens,3,332.46,189.69,142.77,0.0581
2024-03-19,S015,Kids,10,1453.79,732.44,721.35,0.1744
2024-03-19,S016,Mens,10,317.99,219.59,98.4,-0.034
2024-03-19,S017,Mens,13,875.28,464.6,410.68,0.2241
2024-03-19,S018,Electronics,18,1218.4,580.6,637.8,0.1182
2024-03-19,S019,Kids,20,1881.13,1124.61,756.52,0.1377
2024-03-19,S020,Mens,9,537.16,354.18,182.98,-0.0261
2024-03-20,S001,Electronics,6,148.11,75.05,73.06,0.2226
2024-03-20,S002,Womens,19,2289.01,1041.16,1247.85,-0.0192
2024-03-20,S003,Kids,16,834.41,565.23,269.18,0.1036
2024-03-20,S004,Mens,24,3305.18,2278.73,1026.45,-0.1189
2024-03-20,S005,Womens,4,223.82,122.7,101.12,-0.0781
2024-03-20,S006,Womens,13,1077.89,507.39,570.5,0.098
2024-03-20,S007,Shoes,2,261.1,145.87,115.23,-0.0729
2024-03-20,S008,Shoes,8,880.51,402.79,477.72,-0.1461
2024-03-20,S009,Mens,23,2008.22,1332.68,675.54,-0.148
2024-03-20,S010,Shoes,6,176.09,116.31,59.78,0.0431
2024-03-20,S011,Kids,9,1229.42,839.08,390.34,0.0034
2024-03-20,S012,Mens,17,2311.86,1506.59,805.27,-0.1485
2024-03-20,S013,Mens,19,2487.93,1510.72,977.21,0.1551
2024-03-20,S014,Home,22,1016.01,660.89,355.12,0.1906
2024-03-20,S015,Shoes,21,512.57,238.12,274.45,0.2208
2024-03-20,S016,Electronics,15,993.69,634.73,358.96,0.1189
2024-03-20,S017,Home,8,226.78,148.1,78.68,0.1964
2024-03-20,S018,Kids,21,2726.2,1825.09,901.11,0.0698
2024-03-20,S019,Electronics,9,599.42,311.97,287.45,0.1388
2024-03-20,S020,Mens,6,619.8,358.18,261.62,-0.0864
2024-03-21,S001,Kids,17,1345.52,712.2,633.32,0.1565
2024-03-21,S002,Mens,22,1237.78,740.5,497.28,0.0651
2024-03-21,S003,Home,15,1371.8,879.08,492.72,-0.0954
2024-03-21,S004,Electronics,15,265.75,169.6,96.15,0.0395
2024-03-21,S005,Home,3,234.6,157.62,76.98,0.1065
2024-03-21,S006,Kids,21,1145.12,622.69,522.43,0.0536
2024-03-21,S007,Shoes,1,145.81,99.63,46.18,0.1983
2024-03-21,S008,Home,23,2961.13,1600.63,1360.5,0.1142
2024-03-21,S009,Home,10,962.28,447.62,514.66,0.0153
2024-03-21,S010,Shoes,12,886.4,564.79,321.61,0.1812
2024-03-21,S011,Shoes,24,485.75,242.16,243.59,0.0646
2024-03-21,S012,Womens,14,825.58,469.05,356.53,0.201
2024-03-21,S013,Electronics,8,289.96,132.73,157.23,0.2288
2024-03-21,S014,Womens,22,2390.81,1171.28,1219.53,0.2085
2024-03-21,S015,Womens,18,2485.13,1333.04,1152.09,0.0986
2024-03-21,S016,Kids,11,1399.4,897.98,501.42,-0.0097
2024-03-21,S017,Electronics,15,1305.45,587.53,717.92,-0.0535
2024-03-21,S018,Home,5,244.08,159.01,85.07,-0.0381
2024-03-21,S019,Mens,23,1910.74,1273.34,637.4,-0.0535
2024-03-21,S020,Home,19,2578.58,1307.45,1271.13,0.146
2024-03-22,S001,Mens,19,2318.18,1393.11,925.07,0.0473
2024-03-22,S002,Kids,12,1774.6,968.7,805.9,-0.0891
2024-03-22,S003,Womens,10,500.19,304.63,195.56,0.0317
2024-03-22,S004,Kids,12,1665.48,1164.51,500.97,-0.0885
2024-03-22,S005,Home,12,1137.12,655.49,481.63,-0.1428
2024-03-22,S006,Mens,3,340.46,154.94,185.52,-0.0679
2024-03-22,S007,Womens,8,1015.78,533.96,481.82,0.0371
2024-03-22,S008,Womens,22,1706.75,1146.87,559.88,0.032
2024-03-22,S009,Shoes,1,69.54,39.29,30.25,-0.1439
2024-03-22,S010,Home,16,1921.59,927.65,993.94,0.0904
2024-03-22,S011,Kids,8,657.37,321.26,336.11,-0.0768
2024-03-22,S012,Womens,8,587.03,355.62,231.41,-0.1202
2024-03-22,S013,Mens,1,22.87,15.56,7.31,0.1998
2024-03-22,S014,Mens,17,275.65,141.81,133.84,0.0127
2024-03-22,S015,Electronics,2,204.99,93.19,111.8,0.1116
2024-03-22,S016,Kids,22,1250.25,589.43,660.82,-0.1136
2024-03-22,S017,Home,1,32.16,17.34,14.82,0.087
2024-03-22,S018,Shoes,18,1859.78,964.96,894.82,0.2371
2024-03-22,S019,Home,21,3144.99,2198.48,946.51,-0.0735
2024-03-22,S020,Mens,9,432.37,289.85,142.52,0.0164
2024-03-23,S001,Shoes,5,694.84,383.56,311.28,-0.0735
2024-03-23,S002,Home,5,687.96,447.93,240.03,-0.1237
2024-03-23,S003,Mens,23,3162.67,1520.04,1642.63,0.0636
2024-03-23,S004,Kids,1,24.51,12.73,11.78,-0.0202
2024-03-23,S005,Kids,18,956.88,540.85,416.03,0.1185
2024-03-23,S006,Shoes,10,1388.97,693.6,695.37,0.2436
2024-03-23,S007,Womens,13,1553.81,954.12,599.69,0.0387
2024-03-23,S008,Home,2,282.07,177.7,104.37,0.1515
2024-03-23,S009,Shoes,13,330.39,173.97,156.42,0.1123
2024-03-23,S010,Home,21,2838.78,1469.32,1369.46,0.1791
2024-03-23,S011,Kids,15,1705.13,889.96,815.17,0.1448
2024-03-23,S012,Shoes,18,1799.0,1124.07,674.93,0.1344
2024-03-23,S013,Kids,21,2752.39,1553.9,1198.49,-0.045
2024-03-23,S014,Electronics,13,1630.33,874.78,755.55,0.1731
2024-03-23,S015,Mens,19,543.93,375.57,168.36,0.111
2024-03-23,S016,Mens,12,824.39,437.9,386.49,0.2426
2024-03-23,S017,Electronics,4,183.17,124.66,58.51,0.087
2024-03-23,S018,Womens,17,839.69,569.84,269.85,-0.1048
2024-03-23,S019,Mens,22,2579.92,1683.25,896.67,0.2046
2024-03-23,S020,Home,9,407.84,230.99,176.85,-0.044
2024-03-24,S001,Kids,24,2420.44,1618.66,801.78,-0.1169
2024-03-24,S002,Womens,9,491.42,281.42,210.0,0.0254
2024-03-24,S003,Kids,20,2445.59,1379.51,1066.08,-0.0817
2024-03-24,S004,Electronics,8,1042.6,672.9,369.7,-0.1086
2024-03-24,S005,Electronics,17,2407.03,1632.12,774.91,0.2284
2024-03-24,S006,Shoes,13,425.9,223.84,202.06,0.208
2024-03-24,S007,Electronics,9,798.86,473.22,325.64,-0.0127
2024-03-24,S008,Kids,16,397.99,255.18,142.81,-0.0361
2024-03-24,S009,Kids,3,326.83,160.52,166.31,0.1515
2024-03-24,S010,Mens,24,2885.75,1314.78,1570.97,0.09
2024-03-24,S011,Kids,5,106.77,65.89,40.88,0.1951
2024-03-24,S012,Mens,1,124.68,82.71,41.97,0.2157
2024-03-24,S013,Mens,14,1918.47,1017.11,901.36,0.0709
2024-03-24,S014,Home,24,502.17,316.41,185.76,0.0278
2024-03-24,S015,Kids,11,447.76,276.49,171.27,-0.1498
2024-03-24,S016,Shoes,5,204.26,111.64,92.62,0.0439
2024-03-24,S017,Mens,5,160.15,77.0,83.15,-0.091
2024-03-24,S018,Mens,16,394.94,242.88,152.06,0.0226
2024-03-24,S019,Electronics,1,149.0,91.6,57.4,-0.1298
2024-03-24,S020,Electronics,1,86.21,56.57,29.64,0.1926
2024-03-25,S001,Womens,15,1348.52,721.8,626.72,0.2347
2024-03-25,S002,Shoes,1,81.53,39.96,41.57,0.2413
2024-03-25,S003,Womens,19,1535.35,830.67,704.68,0.1058
2024-03-25,S004,Womens,14,729.19,489.97,239.22,-0.1338
2024-03-25,S005,Home,18,2294.18,1203.05,1091.13,0.1657
2024-03-25,S006,Mens,5,727.63,423.23,304.4,-0.0287
2024-03-25,S007,Home,6,631.49,437.72,193.77,0.0927
2024-03-25,S008,Mens,1,58.3,38.88,19.42,-0.057
2024-03-25,S009,Shoes,15,362.72,180.8,181.92,-0.0642
2024-03-25,S010,Mens,12,1109.06,558.76,550.3,0.1946
2024-03-25,S011,Electronics,3,254.99,137.2,117.79,-0.0564
2024-03-25,S012,Home,20,2066.44,1205.57,860.87,0.2276
2024-03-25,S013,Home,22,2390.77,1368.31,1022.46,0.055
2024-03-25,S014,Shoes,3,229.26,130.15,99.11,0.1327
2024-03-25,S015,Kids,5,510.89,231.63,279.26,-0.0851
2024-03-25,S016,Electronics,4,426.55,210.72,215.83,0.1367
2024-03-25,S017,Mens,24,1233.62,757.06,476.56,0.006
2024-03-25,S018,Mens,17,1934.2,944.93,989.27,0.1923
2024-03-25,S019,Kids,16,2185.96,1352.12,833.84,0.1033
2024-03-25,S020,Kids,10,552.76,285.09,267.67,-0.0846
2024-03-26,S001,Shoes,20,977.67,606.99,370.68,0.1236
2024-03-26,S002,Shoes,8,960.18,634.04,326.14,0.0819
2024-03-26,S003,Mens,11,585.09,394.19,190.9,-0.1403
2024-03-26,S004,Shoes,7,719.12,328.04,391.08,0.1741
2024-03-26,S005,Shoes,21,489.66,240.24,249.42,0.208
2024-03-26,S006,Shoes,11,536.1,250.04,286.06,0.1262
2024-03-26,S007,Shoes,22,1828.14,1090.06,738.08,0.0553
2024-03-26,S008,Kids,24,929.32,556.92,372.4,0.0197
2024-03-26,S009,Electronics,12,1016.14,534.7,481.44,0.1252
2024-03-26,S010,Kids,20,1106.93,551.52,555.41,-0.1035
2024-03-26,S011,Electronics,4,270.8,150.01,120.79,0.0377
2024-03-26,S012,Home,15,428.76,226.13,202.63,0.1155
2024-03-26,S013,Mens,1,77.11,38.43,38.68,-0.0659
2024-03-26,S014,Home,1,136.06,68.39,67.67,-0.059
2024-03-26,S015,Womens,4,128.8,78.54,50.26,-0.1199
2024-03-26,S016,Shoes,18,1836.76,982.51,854.25,0.1332
2024-03-26,S017,Electronics,9,446.07,273.31,172.76,-0.1035
2024-03-26,S018,Electronics,9,692.26,428.68,263.58,0.0489
2024-03-26,S019,Electronics,15,813.71,566.29,247.42,0.2343
2024-03-26,S020,Shoes,19,2840.5,1878.67,961.83,0.0944
2024-03-27,S001,Kids,14,1913.73,1127.87,785.86,0.1974
2024-03-27,S002,Home,23,2931.48,1830.84,1100.64,-0.0334
2024-03-27,S003,Electronics,6,339.86,154.64,185.22,0.083
2024-03-27,S004,Womens,13,1693.53,821.43,872.1,0.0677
2024-03-27,S005,Electronics,3,83.51,38.71,44.8,0.1402
2024-03-27,S006,Kids,23,2569.59,1316.67,1252.92,0.2011
2024-03-27,S007,Electronics,24,2301.66,1500.38,801.28,-0.1063
2024-03-27,S008,Shoes,13,786.17,465.7,320.47,0.1944
2024-03-27,S009,Electronics,7,580.92,387.34,193.58,0.2311
2024-03-27,S010,Home,4,509.76,245.33,264.43,-0.0981
2024-03-27,S011,Mens,1,71.02,37.76,33.26,0.0927
2024-03-27,S012,Womens,8,1023.88,715.56,308.32,-0.141
2024-03-27,S013,Mens,23,1861.2,994.68,866.52,0.0697
2024-03-27,S014,Womens,10,1208.3,641.79,566.51,0.1385
2024-03-27,S015,Mens,19,2745.12,1874.29,870.83,0.1658
2024-03-27,S016,Mens,1,52.0,34.4,17.6,0.021
2024-03-27,S017,Electronics,19,2429.17,1183.39,1245.78,0.0325
2024-03-27,S018,Electronics,7,289.98,190.43,99.55,0.1823
2024-03-27,S019,Womens,1,23.26,13.9,9.36,0.2457
2024-03-27,S020,Mens,6,461.77,235.32,226.45,0.2267
2024-03-28,S001,Home,3,87.63,51.98,35.65,0.0502
2024-03-28,S002,Womens,5,378.48,188.16,190.32,0.0532
2024-03-28,S003,Shoes,24,452.57,275.03,177.54,-0.0102
2024-03-28,S004,Electronics,12,734.08,483.07,251.01,-0.0401
2024-03-28,S005,Home,22,609.36,419.15,190.21,0.0989
2024-03-28,S006,Womens,10,552.35,305.46,246.89,-0.0605
2024-03-28,S007,Home,11,1526.22,955.98,570.24,0.1187
2024-03-28,S008,Electronics,22,333.81,160.24,173.57,0.0638
2024-03-28,S009,Womens,13,927.62,586.88,340.74,0.0587
2024-03-28,S010,Womens,12,491.07,324.11,166.96,0.14
2024-03-28,S011,Mens,17,524.79,366.07,158.72,-0.0662
2024-03-28,S012,Kids,5,280.59,138.61,141.98,0.1646
2024-03-28,S013,Womens,15,873.37,539.36,334.01,-0.0748
2024-03-28,S014,Shoes,9,391.62,206.89,184.73,-0.0785
2024-03-28,S015,Womens,6,473.03,217.48,255.55,0.1054
2024-03-28,S016,Home,17,2380.81,1643.73,737.08,-0.0742
2024-03-28,S017,Electronics,12,434.72,270.68,164.04,0.0554
2024-03-28,S018,Mens,24,3242.59,1816.2,1426.39,0.2105
2024-03-28,S019,Kids,4,82.11,47.77,34.34,0.2045
2024-03-28,S020,Electronics,14,1878.46,1278.31,600.15,-0.1082
2024-03-29,S001,Electronics,23,2074.51,1397.17,677.34,0.2397
2024-03-29,S002,Womens,2,126.06,63.44,62.62,0.1524
2024-03-29,S003,Womens,23,717.25,409.46,307.79,0.1242
2024-03-29,S004,Mens,21,2839.48,1681.88,1157.6,0.1748
2024-03-29,S005,Womens,17,690.71,329.84,360.87,0.1385
2024-03-29,S006,Womens,7,791.25,522.59,268.66,-0.0304
2024-03-29,S007,Shoes,9,950.53,435.21,515.32,0.1406
2024-03-29,S008,Mens,16,1136.75,728.91,407.84,-0.0802
2024-03-29,S009,Shoes,8,690.04,399.81,290.23,0.0812
2024-03-29,S010,Womens,5,124.66,57.76,66.9,0.225
2024-03-29,S011,Home,3,269.99,171.42,98.57,0.0497
2024-03-29,S012,Mens,11,416.55,252.1,164.45,0.1376
2024-03-29,S013,Electronics,10,1146.77,556.62,590.15,0.203
2024-03-29,S014,Kids,15,481.86,272.48,209.38,0.1879
2024-03-29,S015,Home,1,52.43,36.66,15.77,0.1503
2024-03-29,S016,Kids,23,1448.17,669.47,778.7,-0.1376
2024-03-29,S017,Shoes,4,318.94,144.79,174.15,-0.1132
2024-03-29,S018,Electronics,14,1036.26,538.72,497.54,0.0827
2024-03-29,S019,Electronics,23,1038.21,706.58,331.63,0.0204
2024-03-29,S020,Electronics,19,1706.16,1164.81,541.35,-0.1479
2024-03-30,S001,Shoes,16,2190.59,1062.28,1128.31,-0.1115
2024-03-30,S002,Kids,17,2397.79,1404.14,993.65,0.061
2024-03-30,S003,Home,11,166.17,108.43,57.74,-0.115
2024-03-30,S004,Shoes,21,2907.94,1460.26,1447.68,0.1161
2024-03-30,S005,Shoes,24,2316.17,1137.2,1178.97,0.1444
2024-03-30,S006,Kids,18,1726.62,850.91,875.71,0.1467
2024-03-30,S007,Mens,10,1044.2,511.21,532.99,0.1252
2024-03-30,S008,Womens,6,290.24,184.91,105.33,-0.0452
2024-03-30,S009,Electronics,18,2437.12,1216.39,1220.73,0.0955
2024-03-30,S010,Electronics,23,3252.03,2168.04,1083.99,0.243
2024-03-30,S011,Mens,22,1452.73,691.12,761.61,0.1376
2024-03-30,S012,Shoes,22,2435.03,1247.31,1187.72,-0.0202
2024-03-30,S013,Mens,3,55.43,29.67,25.76,0.1713
2024-03-30,S014,Kids,13,1104.47,622.78,481.69,-0.1377
2024-03-30,S015,Womens,12,201.08,137.98,63.1,0.0457
2024-03-30,S016,Kids,14,1956.77,892.48,1064.29,0.0826
2024-03-30,S017,Kids,1,72.9,44.69,28.21,0.1409
2024-03-30,S018,Kids,6,783.22,485.78,297.44,-0.0754
2024-03-30,S019,Womens,16,1969.43,1109.71,859.72,0.1182
2024-03-30,S020,Home,5,147.22,92.73,54.49,0.1918
2024-03-31,S001,Home,3,141.89,78.58,63.31,0.096
2024-03-31,S002,Mens,1,77.03,41.64,35.39,0.0847
2024-03-31,S003,Mens,1,103.19,48.25,54.94,0.1024
2024-03-31,S004,Mens,17,1496.56,941.06,555.5,0.0727
2024-03-31,S005,Kids,12,1709.43,912.81,796.62,0.0743
2024-03-31,S006,Womens,16,673.01,372.42,300.59,-0.0675
2024-03-31,S007,Shoes,21,763.74,430.68,333.06,0.0923
2024-03-31,S008,Shoes,17,1336.14,738.6,597.54,-0.0554
2024-03-31,S009,Electronics,3,98.36,60.99,37.37,0.187
2024-03-31,S010,Kids,22,1797.21,861.97,935.24,-0.1445
2024-03-31,S011,Shoes,10,1092.29,707.33,384.96,-0.0317
2024-03-31,S012,Kids,5,359.26,198.54,160.72,-0.0575
2024-03-31,S013,Womens,11,457.08,212.01,245.07,-0.0707
2024-03-31,S014,Electronics,24,2392.32,1265.76,1126.56,0.2393
2024-03-31,S015,Mens,18,1110.36,599.0,511.36,-0.1466
2024-03-31,S016,Kids,7,993.47,668.62,324.85,0.0642
2024-03-31,S017,Shoes,18,1328.83,672.48,656.35,0.0055
2024-03-31,S018,Shoes,6,694.8,328.96,365.84,0.055
2024-03-31,S019,Kids,13,1638.75,823.49,815.26,0.0076
2024-03-31,S020,Electronics,16,1473.82,967.39,506.43,-0.0399
2024-04-01,S001,Kids,20,2211.02,1261.95,949.07,0.2086
2024-04-01,S002,Shoes,9,619.92,343.35,276.57,0.0132
2024-04-01,S003,Womens,19,2290.03,1465.04,824.99,0.0415
2024-04-01,S004,Womens,19,1079.02,564.41,514.61,0.1744
2024-04-01,S005,Home,15,1856.49,1146.0,710.49,0.143
2024-04-01,S006,Womens,7,107.22,54.81,52.41,0.1222
2024-04-01,S007,Electronics,11,1120.71,534.6,586.11,0.0245
2024-04-01,S008,Shoes,20,1153.21,609.5,543.71,0.1034
2024-04-01,S009,Mens,21,2505.1,1233.03,1272.07,0.1787
2024-04-01,S010,Electronics,23,2197.82,1174.3,1023.52,-0.045
2024-04-01,S011,Kids,13,1222.13,659.75,562.38,0.0401
2024-04-01,S012,Mens,22,3006.74,1476.25,1530.49,0.0026
2024-04-01,S013,Home,13,1291.78,816.69,475.09,0.2228
2024-04-01,S014,Electronics,2,286.56,133.48,153.08,0.0912
2024-04-01,S015,Shoes,3,379.71,257.61,122.1,0.202
2024-04-01,S016,Shoes,11,222.31,148.89,73.42,-0.024
2024-04-01,S017,Home,7,547.7,328.39,219.31,-0.1376
2024-04-01,S018,Electronics,19,2580.93,1795.46,785.47,0.1048
2024-04-01,S019,Shoes,3,411.87,238.5,173.37,-0.0885
2024-04-01,S020,Womens,9,1055.32,667.94,387.38,0.1337
2024-04-02,S001,Electronics,3,323.76,163.48,160.28,0.0255
2024-04-02,S002,Mens,13,1570.84,884.88,685.96,0.1669
2024-04-02,S003,Electronics,9,969.54,657.66,311.88,0.0934
2024-04-02,S004,Mens,9,1302.76,790.58,512.18,-0.0462
2024-04-02,S005,Womens,18,523.89,330.09,193.8,0.1249
2024-04-02,S006,Electronics,17,2372.3,1404.68,967.62,-0.0045
2024-04-02,S007,Home,13,357.07,220.85,136.22,-0.1274
2024-04-02,S008,Shoes,4,515.24,283.23,232.01,0.0589
2024-04-02,S009,Mens,6,590.36,333.01,257.35,0.2076
2024-04-02,S010,Mens,23,2958.82,1924.23,1034.59,0.0142
2024-04-02,S011,Home,19,1326.6,870.98,455.62,-0.0589
2024-04-02,S012,Shoes,11,689.91,421.23,268.68,-0.0517
2024-04-02,S013,Electronics,21,595.58,308.42,287.16,0.192
2024-04-02,S014,Mens,12,265.47,149.79,115.68,0.2269
2024-04-02,S015,Mens,15,432.09,274.82,157.27,0.1723
2024-04-02,S016,Kids,1,132.48,64.21,68.27,-0.0991
2024-04-02,S017,Womens,12,1237.03,795.97,441.06,-0.0067
2024-04-02,S018,Home,5,399.44,234.85,164.59,0.1027
2024-04-02,S019,Home,4,572.27,281.81,290.46,0.2363
2024-04-02,S020,Womens,2,159.9,85.28,74.62,0.0296
2024-04-03,S001,Mens,23,1697.5,939.93,757.57,0.1431
2024-04-03,S002,Electronics,23,1222.16,719.6,502.56,0.1422
2024-04-03,S003,Mens,15,2110.33,1451.61,658.72,-0.0054
2024-04-03,S004,Home,9,1032.64,695.22,337.42,0.0292
2024-04-03,S005,Kids,1,71.13,47.13,24.0,-0.0581
2024-04-03,S006,Shoes,22,1436.64,729.22,707.42,0.0744
2024-04-03,S007,Mens,11,640.48,434.48,206.0,0.0137
2024-04-03,S008,Home,1,48.42,31.56,16.86,0.1552
2024-04-03,S009,Womens,8,1150.75,779.82,370.93,0.2349
2024-04-03,S010,Womens,4,460.85,296.14,164.71,0.0498
2024-04-03,S011,Shoes,11,191.82,109.47,82.35,-0.0176
2024-04-03,S012,Mens,7,400.56,263.05,137.51,0.088
2024-04-03,S013,Mens,23,2297.75,1101.74,1196.01,0.112
2024-04-03,S014,Womens,13,655.35,432.35,223.0,-0.1371
2024-04-03,S015,Mens,9,824.06,486.43,337.63,0.0401
2024-04-03,S016,Home,22,518.7,284.8,233.9,0.2355
2024-04-03,S017,Shoes,10,1331.75,737.62,594.13,0.0111
2024-04-03,S018,Mens,6,536.42,336.43,199.99,-0.1042
2024-04-03,S019,Kids,24,2891.27,1565.56,1325.71,-0.0534
2024-04-03,S020,Mens,4,115.7,79.34,36.36,0.168
2024-04-04,S001,Home,3,333.36,182.09,151.27,0.0109
2024-04-04,S002,Kids,21,1676.06,960.13,715.93,0.1388
2024-04-04,S003,Womens,15,409.78,186.4,223.38,0.1723
2024-04-04,S004,Shoes,3,444.61,268.92,175.69,0.1103
2024-04-04,S005,Mens,8,379.54,233.36,146.18,0.2139
2024-04-04,S006,Womens,8,333.87,161.44,172.43,-0.1274
2024-04-04,S007,Womens,11,267.45,186.93,80.52,-0.0345
2024-04-04,S008,Womens,24,1140.83,780.36,360.47,0.0581
2024-04-04,S009,Mens,6,409.94,218.81,191.13,-0.0671
2024-04-04,S010,Womens,22,1270.55,786.88,483.67,-0.0342
2024-04-04,S011,Kids,6,92.3,63.02,29.28,-0.1056
2024-04-04,S012,Mens,5,595.45,332.74,262.71,0.2287
2024-04-04,S013,Womens,2,266.23,173.77,92.46,0.2424
2024-04-04,S014,Electronics,12,794.73,458.27,336.46,0.0751
2024-04-04,S015,Mens,15,822.6,520.99,301.61,0.1985
2024-04-04,S016,Shoes,2,56.36,38.01,18.35,-0.01
2024-04-04,S017,Kids,10,1466.86,939.33,527.53,0.0194
2024-04-04,S018,Home,15,859.38,499.89,359.49,-0.0203
2024-04-04,S019,Shoes,21,2307.26,1495.51,811.75,0.1016
2024-04-04,S020,Mens,3,332.62,206.0,126.62,-0.1402
2024-04-05,S001,Electronics,22,2362.46,1275.68,1086.78,0.1171
2024-04-05,S002,Kids,3,368.11,250.45,117.66,0.2414
2024-04-05,S003,Mens,20,967.45,676.27,291.18,-0.1086
2024-04-05,S004,Womens,8,260.43,138.53,121.9,-0.0659
2024-04-05,S005,Shoes,12,215.62,141.06,74.56,-0.1444
2024-04-05,S006,Home,20,1596.34,1043.87,552.47,-0.1249
2024-04-05,S007,Mens,14,1145.09,553.58,591.51,0.2043
2024-04-05,S008,Home,16,593.26,271.96,321.3,-0.0936
2024-04-05,S009,Electronics,1,39.2,19.85,19.35,-0.1399
2024-04-05,S010,Kids,7,870.79,565.33,305.46,-0.099
2024-04-05,S011,Electronics,10,250.59,144.74,105.85,0.2378
2024-04-05,S012,Mens,4,98.29,48.88,49.41,0.1585
2024-04-05,S013,Home,3,432.23,269.96,162.27,-0.0669
2024-04-05,S014,Electronics,7,558.05,322.79,235.26,-0.0539
2024-04-05,S015,Electronics,12,1129.66,724.18,405.48,0.2473
2024-04-05,S016,Kids,3,294.67,205.23,89.44,0.106
2024-04-05,S017,Mens,18,2568.26,1752.75,815.51,0.0026
2024-04-05,S018,Womens,12,275.94,131.44,144.5,-0.0761
2024-04-05,S019,Womens,14,1555.08,781.79,773.29,0.119
2024-04-05,S020,Home,21,2765.09,1565.44,1199.65,0.1477
2024-04-06,S001,Shoes,5,617.08,344.3,272.78,0.1643
2024-04-06,S002,Home,8,303.59,162.07,141.52,0.0932
2024-04-06,S003,Mens,11,407.98,196.33,211.65,-0.1393
2024-04-06,S004,Mens,21,2809.26,1295.83,1513.43,0.1425
2024-04-06,S005,Mens,12,886.81,612.41,274.4,0.1837
2024-04-06,S006,Mens,17,707.84,374.67,333.17,-0.0372
2024-04-06,S007,Electronics,6,517.52,362.23,155.29,0.1873
2024-04-06,S008,Home,16,1219.28,706.3,512.98,0.1554
2024-04-06,S009,Shoes,9,1094.69,661.83,432.86,-0.1048
2024-04-06,S010,Womens,20,2160.96,1300.74,860.22,0.0653
2024-04-06,S011,Mens,2,76.11,38.57,37.54,0.0802
2024-04-06,S012,Kids,18,1057.27,630.96,426.31,-0.1233
2024-04-06,S013,Womens,22,3227.32,1721.16,1506.16,0.088
2024-04-06,S014,Kids,14,1355.37,640.29,715.08,0.2337
2024-04-06,S015,Home,19,2306.63,1444.01,862.62,0.0859
2024-04-06,S016,Kids,24,2975.36,1611.9,1363.46,-0.0232
2024-04-06,S017,Electronics,14,1068.97,536.97,532.0,-0.1485
2024-04-06,S018,Electronics,18,1508.63,822.19,686.44,0.0294
2024-04-06,S019,Kids,12,747.44,420.84,326.6,-0.0966
2024-04-06,S020,Home,8,736.34,471.39,264.95,-0.0901
2024-04-07,S001,Electronics,20,984.83,499.32,485.51,-0.1454
2024-04-07,S002,Kids,4,204.9,127.96,76.94,-0.1494
2024-04-07,S003,Womens,13,544.39,324.96,219.43,-0.1244
2024-04-07,S004,Home,14,572.57,305.44,267.13,0.1411
2024-04-07,S005,Home,15,370.42,235.89,134.53,-0.1288
2024-04-07,S006,Home,10,392.54,244.27,148.27,0.076
2024-04-07,S007,Shoes,1,121.06,74.86,46.2,-0.104
2024-04-07,S008,Kids,23,3195.42,2166.39,1029.03,0.1456
2024-04-07,S009,Mens,3,386.57,193.65,192.92,0.1472
2024-04-07,S010,Electronics,8,412.01,268.17,143.84,0.2482
2024-04-07,S011,Shoes,21,1553.26,900.96,652.3,-0.032
2024-04-07,S012,Shoes,23,1028.5,535.32,493.18,0.0274
2024-04-07,S013,Electronics,8,898.96,556.7,342.26,0.059
2024-04-07,S014,Mens,21,756.26,414.42,341.84,0.046
2024-04-07,S015,Home,9,644.71,341.13,303.58,-0.1358
2024-04-07,S016,Electronics,7,827.01,375.88,451.13,0.2237
2024-04-07,S017,Home,20,2457.94,1658.26,799.68,0.2265
2024-04-07,S018,Shoes,1,147.03,102.71,44.32,0.0722
2024-04-07,S019,Womens,9,1190.98,700.93,490.05,0.0935
2024-04-07,S020,Mens,22,785.49,497.48,288.01,-0.1498
2024-04-08,S001,Electronics,22,3205.58,2182.14,1023.44,0.2036
2024-04-08,S002,Kids,24,3137.31,1449.75,1687.56,-0.0906
2024-04-08,S003,Electronics,21,2932.55,1654.92,1277.63,0.1885
2024-04-08,S004,Kids,12,867.51,424.38,443.13,0.0206
2024-04-08,S005,Mens,10,180.38,101.2,79.18,0.1625
2024-04-08,S006,Electronics,8,1166.13,552.43,613.7,0.006
2024-04-08,S007,Kids,9,836.02,408.01,428.01,-0.0793
2024-04-08,S008,Shoes,4,576.17,365.02,211.15,0.1147
2024-04-08,S009,Home,5,161.11,107.11,54.0,0.0879
2024-04-08,S010,Home,6,750.84,488.53,262.31,0.1883
2024-04-08,S011,Electronics,12,1750.37,1207.59,542.78,-0.007
2024-04-08,S012,Womens,21,788.6,550.61,237.99,0.0752
2024-04-08,S013,Mens,4,476.9,313.35,163.55,-0.0818
2024-04-08,S014,Womens,21,2253.69,1460.42,793.27,-0.0329
2024-04-08,S015,Electronics,10,808.56,427.44,381.12,-0.0692
2024-04-08,S016,Home,16,1199.01,591.92,607.09,-0.0705
2024-04-08,S017,Shoes,3,449.72,232.51,217.21,-0.0185
2024-04-08,S018,Home,5,273.42,137.79,135.63,-0.0865
2024-04-08,S019,Kids,9,263.69,119.89,143.8,0.1719
2024-04-08,S020,Mens,9,1104.01,645.27,458.74,-0.0261
2024-04-09,S001,Home,3,343.41,206.17,137.24,0.1122
2024-04-09,S002,Electronics,11,951.52,510.91,440.61,0.0582
2024-04-09,S003,Kids,15,1072.19,673.91,398.28,0.1945
2024-04-09,S004,Mens,8,607.67,335.44,272.23,0.125
2024-04-09,S005,Womens,24,2434.41,1629.53,804.88,0.0173
2024-04-09,S006,Electronics,21,3130.62,1491.81,1638.81,-0.0568
2024-04-09,S007,Shoes,12,1409.63,814.58,595.05,0.1076
2024-04-09,S008,Electronics,1,129.01,76.84,52.17,0.2444
2024-04-09,S009,Mens,20,2552.1,1658.71,893.39,-0.0118
2024-04-09,S010,Mens,7,511.82,290.1,221.72,-0.054
2024-04-09,S011,Electronics,1,88.24,61.29,26.95,0.174
2024-04-09,S012,Kids,19,1457.27,876.73,580.54,0.0917
2024-04-09,S013,Kids,24,1737.01,901.27,835.74,-0.044
2024-04-09,S014,Womens,17,1285.8,720.09,565.71,-0.1135
2024-04-09,S015,Home,12,1234.91,792.8,442.11,0.2343
2024-04-09,S016,Home,14,421.87,236.33,185.54,0.0416
2024-04-09,S017,Home,23,1570.86,1081.27,489.59,0.0441
2024-04-09,S018,Kids,6,96.64,65.2,31.44,0.2224
2024-04-09,S019,Shoes,10,167.65,82.64,85.01,0.1115
2024-04-09,S020,Mens,14,330.22,166.85,163.37,0.055
2024-04-10,S001,Mens,3,69.33,36.84,32.49,-0.0925
2024-04-10,S002,Home,17,1479.9,719.17,760.73,-0.1463
2024-04-10,S003,Electronics,11,426.65,256.65,170.0,-0.0152
2024-04-10,S004,Home,19,1094.65,516.38,578.27,-0.0608
2024-04-10,S005,Mens,1,72.78,44.73,28.05,-0.0445
2024-04-10,S006,Kids,10,158.0,85.96,72.04,-0.1247
2024-04-10,S007,Home,12,1108.91,756.25,352.66,0.1814
2024-04-10,S008,Shoes,1,50.46,29.07,21.39,0.1476
2024-04-10,S009,Shoes,11,1239.52,807.54,431.98,-0.0342
2024-04-10,S010,Mens,16,1161.44,780.81,380.63,0.1881
2024-04-10,S011,Womens,12,1300.24,872.25,427.99,0.0483
2024-04-10,S012,Womens,24,2801.88,1415.0,1386.88,0.0054
2024-04-10,S013,Home,12,1353.56,745.75,607.81,-0.0641
2024-04-10,S014,Mens,11,426.49,271.18,155.31,-0.0492
2024-04-10,S015,Home,8,424.21,241.87,182.34,0.0292
2024-04-10,S016,Kids,8,580.2,302.8,277.4,-0.0859
2024-04-10,S017,Shoes,15,334.21,193.55,140.66,0.0519
2024-04-10,S018,Home,4,116.07,55.82,60.25,-0.1096
2024-04-10,S019,Mens,12,498.3,255.56,242.74,-0.0806
2024-04-10,S020,Kids,22,2868.21,1455.97,1412.24,-0.019
2024-04-11,S001,Womens,22,1790.87,814.67,976.2,0.1185
2024-04-11,S002,Home,20,743.86,484.27,259.59,0.1668
2024-04-11,S003,Electronics,21,1444.92,711.68,733.24,-0.0481
2024-04-11,S004,Kids,22,440.04,256.9,183.14,0.1319
2024-04-11,S005,Mens,5,230.68,148.38,82.3,-0.0144
2024-04-11,S006,Mens,20,1162.71,570.76,591.95,0.0243
2024-04-11,S007,Electronics,10,1138.52,537.32,601.2,0.1173
2024-04-11,S008,Electronics,16,364.82,177.0,187.82,0.1367
2024-04-11,S009,Home,20,1389.58,672.89,716.69,0.0527
2024-04-11,S010,Womens,19,1548.71,828.17,720.54,-0.0912
2024-04-11,S011,Shoes,14,1632.82,849.88,782.94,-0.0625
2024-04-11,S012,Womens,8,287.77,177.45,110.32,0.0921
2024-04-11,S013,Kids,14,864.44,530.47,333.97,0.1337
2024-04-11,S014,Electronics,15,948.41,563.61,384.8,-0.0131
2024-04-11,S015,Electronics,24,3576.68,1723.23,1853.45,-0.1211
2024-04-11,S016,Shoes,6,334.49,204.9,129.59,-0.0184
2024-04-11,S017,Shoes,24,1209.25,647.87,561.38,0.0143
2024-04-11,S018,Kids,6,504.34,345.92,158.42,-0.1332
2024-04-11,S019,Electronics,21,2578.1,1665.03,913.07,-0.0091
2024-04-11,S020,Electronics,2,181.15,81.9,99.25,-0.1169
2024-04-12,S001,Home,18,720.55,416.48,304.07,0.2469
2024-04-12,S002,Electronics,10,1392.15,790.15,602.0,-0.1384
2024-04-12,S003,Womens,24,1921.15,924.24,996.91,-0.0643
2024-04-12,S004,Kids,14,1385.64,798.73,586.91,0.1768
2024-04-12,S005,Shoes,22,2777.81,1752.53,1025.28,0.1831
2024-04-12,S006,Kids,23,2324.1,1462.06,862.04,-0.0603
2024-04-12,S007,Mens,5,693.84,409.4,284.44,-0.0885
2024-04-12,S008,Mens,15,981.47,494.24,487.23,0.084
2024-04-12,S009,Mens,1,138.41,81.19,57.22,-0.0075
2024-04-12,S010,Shoes,6,655.47,345.92,309.55,-0.1101
2024-04-12,S011,Home,2,77.16,51.1,26.06,-0.0307
2024-04-12,S012,Home,9,745.95,345.35,400.6,0.2269
2024-04-12,S013,Electronics,23,1354.3,662.97,691.33,-0.0146
2024-04-12,S014,Home,20,1281.61,747.01,534.6,0.1987
2024-04-12,S015,Electronics,8,240.51,117.11,123.4,0.0212
2024-04-12,S016,Shoes,6,264.67,124.65,140.02,0.0432
2024-04-12,S017,Womens,12,898.93,532.81,366.12,0.0608
2024-04-12,S018,Kids,5,515.77,296.86,218.91,0.1386
2024-04-12,S019,Mens,23,2184.53,1445.83,738.7,-0.0072
2024-04-12,S020,Kids,12,861.82,544.48,317.34,-0.1071
2024-04-13,S001,Shoes,18,1833.83,865.57,968.26,0.2074
2024-04-13,S002,Womens,2,234.06,161.76,72.3,-0.1042
2024-04-13,S003,Shoes,22,2736.07,1413.29,1322.78,-0.064
2024-04-13,S004,Electronics,13,626.29,372.17,254.12,-0.0402
2024-04-13,S005,Electronics,23,361.53,213.74,147.79,-0.0143
2024-04-13,S006,Home,2,204.12,135.31,68.81,0.0937
2024-04-13,S007,Shoes,15,1276.99,718.48,558.51,-0.1453
2024-04-13,S008,Womens,17,1613.44,1023.03,590.41,0.0785
2024-04-13,S009,Kids,23,706.56,423.31,283.25,-0.04
2024-04-13,S010,Shoes,20,754.22,470.23,283.99,0.1082
2024-04-13,S011,Electronics,7,457.04,235.65,221.39,0.1539
2024-04-13,S012,Mens,11,1073.68,583.42,490.26,0.1308
2024-04-13,S013,Kids,12,1294.94,748.66,546.28,0.0335
2024-04-13,S014,Electronics,19,2028.71,1196.29,832.42,0.1
2024-04-13,S015,Home,21,783.83,544.31,239.52,-0.1068
2024-04-13,S016,Mens,5,102.83,52.72,50.11,0.1259
2024-04-13,S017,Mens,6,365.87,192.19,173.68,0.0813
2024-04-13,S018,Kids,5,466.19,243.2,222.99,-0.0032
2024-04-13,S019,Womens,19,419.09,215.15,203.94,-0.1203
2024-04-13,S020,Kids,6,748.47,344.09,404.38,0.1136
2024-04-14,S001,Kids,19,2520.51,1439.84,1080.67,-0.0278
2024-04-14,S002,Mens,2,182.36,87.28,95.08,0.2488
2024-04-14,S003,Electronics,7,434.08,272.41,161.67,-0.0044
2024-04-14,S004,Womens,20,1705.54,934.54,771.0,0.0808
2024-04-14,S005,Shoes,13,1307.83,910.46,397.37,-0.0947
2024-04-14,S006,Electronics,22,1591.75,882.25,709.5,0.1155
2024-04-14,S007,Shoes,21,1934.69,1331.61,603.08,0.0567
2024-04-14,S008,Mens,16,1421.8,654.31,767.49,-0.024
2024-04-14,S009,Womens,21,2750.63,1394.81,1355.82,-0.062
2024-04-14,S010,Kids,7,997.3,651.19,346.11,0.1467
2024-04-14,S011,Shoes,2,104.55,71.36,33.19,-0.0041
2024-04-14,S012,Mens,17,1980.11,1100.38,879.73,0.0569
2024-04-14,S013,Mens,16,1370.24,632.06,738.18,0.2234
2024-04-14,S014,Electronics,23,2660.91,1726.05,934.86,0.1491
2024-04-14,S015,Mens,13,437.6,240.58,197.02,0.242
2024-04-14,S016,Kids,21,1389.14,637.17,751.97,-0.1092
2024-04-14,S017,Mens,24,3191.18,1531.63,1659.55,0.0304
2024-04-14,S018,Womens,23,1958.57,1259.15,699.42,0.0591
2024-04-14,S019,Kids,7,781.78,378.27,403.51,-0.0335
2024-04-14,S020,Womens,13,1618.71,818.52,800.19,0.137
2024-04-15,S001,Mens,12,1054.85,596.26,458.59,-0.0196
2024-04-15,S002,Shoes,12,1777.31,1216.46,560.85,0.1949
2024-04-15,S003,Mens,17,2275.17,1570.38,704.79,0.2072
2024-04-15,S004,Kids,10,939.74,584.81,354.93,0.2256
2024-04-15,S005,Womens,17,1483.1,923.08,560.02,0.1217
2024-04-15,S006,Mens,14,1318.92,855.95,462.97,0.04
2024-04-15,S007,Electronics,18,2551.19,1488.57,1062.62,0.0884
2024-04-15,S008,Mens,18,683.75,415.88,267.87,0.0179
2024-04-15,S009,Shoes,9,211.51,139.29,72.22,0.1638
2024-04-15,S010,Mens,12,1207.61,790.48,417.13,0.1063
2024-04-15,S011,Home,11,1139.33,572.64,566.69,-0.0227
2024-04-15,S012,Home,5,450.92,215.11,235.81,0.2233
2024-04-15,S013,Shoes,8,356.49,204.67,151.82,-0.0392
2024-04-15,S014,Kids,11,682.54,329.68,352.86,-0.0436
2024-04-15,S015,Shoes,5,95.45,61.34,34.11,0.0987
2024-04-15,S016,Home,3,266.15,159.05,107.1,0.2239
2024-04-15,S017,Electronics,16,343.25,170.9,172.35,-0.0831
2024-04-15,S018,Mens,17,1797.11,1015.14,781.97,0.2467
2024-04-15,S019,Electronics,5,284.81,198.24,86.57,0.1827
2024-04-15,S020,Home,4,359.48,237.54,121.94,0.0424
2024-04-16,S001,Shoes,24,2753.64,1899.95,853.69,0.1214
2024-04-16,S002,Womens,10,1426.6,799.94,626.66,0.0897
2024-04-16,S003,Shoes,3,208.77,102.4,106.37,0.1303
2024-04-16,S004,Shoes,19,1247.84,636.89,610.95,0.0719
2024-04-16,S005,Womens,13,201.61,122.55,79.06,0.0886
2024-04-16,S006,Shoes,24,1822.61,932.7,889.91,0.166
2024-04-16,S007,Home,10,945.51,551.26,394.25,-0.0434
2024-04-16,S008,Shoes,11,1542.14,849.18,692.96,0.2061
2024-04-16,S009,Home,9,281.21,133.47,147.74,0.153
2024-04-16,S010,Kids,10,1226.65,599.24,627.41,0.1001
2024-04-16,S011,Home,21,1490.05,676.04,814.01,0.1864
2024-04-16,S012,Shoes,21,986.84,554.6,432.24,-0.0745
2024-04-16,S013,Electronics,21,1829.98,1204.41,625.57,0.0107
2024-04-16,S014,Home,15,1859.56,1188.91,670.65,-0.0072
2024-04-16,S015,Kids,8,260.08,146.54,113.54,0.0528
2024-04-16,S016,Kids,10,1004.93,655.9,349.03,-0.1321
2024-04-16,S017,Kids,16,845.09,411.14,433.95,-0.0343
2024-04-16,S018,Mens,8,683.64,421.07,262.57,0.0024
2024-04-16,S019,Electronics,24,1449.18,757.3,691.88,0.0665
2024-04-16,S020,Home,6,813.55,470.51,343.04,0.1801
2024-04-17,S001,Shoes,16,2068.05,1309.23,758.82,0.0944
2024-04-17,S002,Home,24,1669.32,843.63,825.69,0.0548
2024-04-17,S003,Shoes,18,1663.98,933.83,730.15,0.1174
2024-04-17,S004,Electronics,6,739.15,506.95,232.2,-0.1106
2024-04-17,S005,Home,1,81.83,54.14,27.69,0.0521
2024-04-17,S006,Electronics,2,227.58,111.78,115.8,-0.0095
2024-04-17,S007,Electronics,6,667.35,392.9,274.45,0.2117
2024-04-17,S008,Electronics,11,1360.45,738.01,622.44,0.1094
2024-04-17,S009,Kids,20,866.08,581.29,284.79,0.0965
2024-04-17,S010,Mens,3,118.85,81.48,37.37,0.152
2024-04-17,S011,Mens,14,1919.7,1027.36,892.34,0.0008
2024-04-17,S012,Womens,11,952.22,461.29,490.93,-0.0024
2024-04-17,S013,Electronics,21,1988.31,1240.34,747.97,-0.0125
2024-04-17,S014,Electronics,9,1060.52,492.69,567.83,0.2494
2024-04-17,S015,Home,1,58.83,32.3,26.53,0.0127
2024-04-17,S016,Kids,8,1066.53,533.71,532.82,-0.1187
2024-04-17,S017,Mens,9,1150.12,564.32,585.8,0.1917
2024-04-17,S018,Womens,10,852.11,560.32,291.79,0.0177
2024-04-17,S019,Home,19,2343.87,1528.81,815.06,-0.0519
2024-04-17,S020,Mens,16,1606.62,1069.56,537.06,-0.1181
2024-04-18,S001,Home,8,652.47,385.63,266.84,0.1116
2024-04-18,S002,Kids,18,407.83,186.53,221.3,-0.0787
2024-04-18,S003,Womens,23,2565.31,1548.58,1016.73,-0.1312
2024-04-18,S004,Kids,13,1006.06,590.84,415.22,0.2296
2024-04-18,S005,Electronics,23,637.62,387.95,249.67,-0.0355
2024-04-18,S006,Shoes,22,1697.88,971.33,726.55,-0.141
2024-04-18,S007,Mens,3,164.07,96.8,67.27,-0.0296
2024-04-18,S008,Mens,17,1189.46,604.33,585.13,0.0639
2024-04-18,S009,Electronics,23,1923.6,941.3,982.3,0.1184
2024-04-18,S010,Womens,17,508.35,288.21,220.14,-0.1217
2024-04-18,S011,Kids,2,101.39,59.0,42.39,0.057
2024-04-18,S012,Electronics,24,2139.03,1274.33,864.7,0.0107
2024-04-18,S013,Shoes,21,3146.03,1906.2,1239.83,0.0735
2024-04-18,S014,Home,2,103.8,70.7,33.1,-0.0083
2024-04-18,S015,Womens,11,1649.25,850.63,798.62,0.0804
2024-04-18,S016,Home,16,595.59,290.15,305.44,0.0325
2024-04-18,S017,Shoes,2,222.84,104.15,118.69,0.2389
2024-04-18,S018,Electronics,15,1442.67,852.12,590.55,-0.0961
2024-04-18,S019,Shoes,20,2440.23,1639.57,800.66,-0.0368
2024-04-18,S020,Kids,24,3144.57,1616.51,1528.06,0.0021
2024-04-19,S001,Electronics,17,2527.45,1185.28,1342.17,0.1147
2024-04-19,S002,Home,1,75.29,42.49,32.8,-0.0465
2024-04-19,S003,Shoes,19,2135.84,1111.92,1023.92,0.1841
2024-04-19,S004,Shoes,5,540.68,362.8,177.88,-0.0672
2024-04-19,S005,Shoes,11,1375.54,955.61,419.93,0.2021
2024-04-19,S006,Womens,18,527.47,252.16,275.31,-0.0335
2024-04-19,S007,Mens,9,1112.25,750.56,361.69,0.0995
2024-04-19,S008,Womens,14,562.14,266.98,295.16,-0.0047
2024-04-19,S009,Home,24,2661.78,1310.48,1351.3,0.1828
2024-04-19,S010,Shoes,5,469.13,235.71,233.42,-0.1204
2024-04-19,S011,Shoes,21,2060.26,976.07,1084.19,0.2302
2024-04-19,S012,Shoes,12,1063.64,731.27,332.37,-0.0782
2024-04-19,S013,Shoes,18,365.77,218.32,147.45,-0.1253
2024-04-19,S014,Kids,13,444.09,233.67,210.42,0.179
2024-04-19,S015,Electronics,11,525.81,321.05,204.76,-0.0396
2024-04-19,S016,Shoes,20,1170.31,705.23,465.08,0.2256
2024-04-19,S017,Kids,22,552.0,311.97,240.03,0.2063
2024-04-19,S018,Home,2,297.0,204.12,92.88,-0.1187
2024-04-19,S019,Shoes,20,1280.46,846.61,433.85,0.0174
2024-04-19,S020,Kids,11,1106.85,712.39,394.46,-0.1365
2024-04-20,S001,Kids,19,824.64,430.94,393.7,0.1646
2024-04-20,S002,Shoes,18,377.14,206.86,170.28,0.0166
2024-04-20,S003,Mens,10,1266.32,600.87,665.45,0.1316
2024-04-20,S004,Kids,18,1023.25,699.02,324.23,-0.0506
2024-04-20,S005,Womens,10,521.42,300.75,220.67,0.1645
2024-04-20,S006,Mens,15,1923.36,1145.45,777.91,-0.0505
2024-04-20,S007,Shoes,12,197.32,110.46,86.86,0.1873
2024-04-20,S008,Womens,15,1039.37,494.32,545.05,-0.1254
2024-04-20,S009,Home,16,1001.26,629.05,372.21,-0.0869
2024-04-20,S010,Shoes,10,361.47,248.77,112.7,0.0122
2024-04-20,S011,Kids,9,152.26,74.36,77.9,0.0185
2024-04-20,S012,Home,24,2014.8,1135.85,878.95,0.1569
2024-04-20,S013,Electronics,10,752.03,380.65,371.38,0.1407
2024-04-20,S014,Shoes,13,464.03,314.93,149.1,-0.1242
2024-04-20,S015,Mens,24,967.02,655.03,311.99,0.058
2024-04-20,S016,Electronics,22,460.4,282.42,177.98,0.1596
2024-04-20,S017,Mens,4,326.49,163.68,162.81,0.1449
2024-04-20,S018,Womens,13,627.21,423.9,203.31,-0.1083
2024-04-20,S019,Womens,2,262.27,163.13,99.14,0.2255
2024-04-20,S020,Womens,24,977.08,547.69,429.39,-0.1214
2024-04-21,S001,Womens,13,874.3,516.41,357.89,0.1712
2024-04-21,S002,Shoes,17,364.2,198.99,165.21,-0.0867
2024-04-21,S003,Electronics,2,58.55,36.08,22.47,-0.0355
2024-04-21,S004,Kids,5,707.04,321.44,385.6,0.0251
2024-04-21,S005,Mens,3,240.86,138.56,102.3,-0.0213
2024-04-21,S006,Home,23,1513.68,935.55,578.13,0.163
2024-04-21,S007,Womens,7,405.47,236.38,169.09,0.0545
2024-04-21,S008,Home,14,1114.52,696.33,418.19,0.2187
2024-04-21,S009,Mens,21,869.44,530.72,338.72,0.1769
2024-04-21,S010,Electronics,9,444.83,229.37,215.46,-0.1343
2024-04-21,S011,Shoes,17,1963.87,907.07,1056.8,-0.0623
2024-04-21,S012,Home,22,2654.48,1496.67,1157.81,0.1292
2024-04-21,S013,Electronics,22,1512.5,899.93,612.57,0.2292
2024-04-21,S014,Shoes,7,555.28,295.09,260.19,0.1387
2024-04-21,S015,Home,14,1759.55,1035.47,724.08,0.0302
2024-04-21,S016,Mens,14,694.68,314.36,380.32,-0.0401
2024-04-21,S017,Kids,14,1457.06,771.9,685.16,0.1569
2024-04-21,S018,Mens,3,409.6,237.87,171.73,-0.1042
2024-04-21,S019,Womens,8,343.3,171.62,171.68,0.0525
2024-04-21,S020,Kids,14,536.23,241.66,294.57,0.0304
2024-04-22,S001,Mens,24,2157.91,1072.5,1085.41,0.1939
2024-04-22,S002,Shoes,8,278.55,158.7,119.85,-0.143
2024-04-22,S003,Kids,4,99.73,60.56,39.17,0.1672
2024-04-22,S004,Electronics,10,1114.02,706.27,407.75,-0.0947
2024-04-22,S005,Mens,24,2157.23,1281.01,876.22,-0.0976
2024-04-22,S006,Home,12,614.62,405.96,208.66,-0.0246
2024-04-22,S007,Electronics,6,437.14,276.12,161.02,0.054
2024-04-22,S008,Womens,3,303.32,137.2,166.12,-0.1368
2024-04-22,S009,Home,21,1067.32,663.86,403.46,0.167
2024-04-22,S010,Electronics,9,1268.33,680.2,588.13,-0.1074
2024-04-22,S011,Kids,12,1111.84,774.19,337.65,-0.051
2024-04-22,S012,Shoes,1,24.44,14.91,9.53,0.2257
2024-04-22,S013,Kids,23,2598.52,1596.18,1002.34,0.1429
2024-04-22,S014,Kids,11,1383.44,638.01,745.43,0.1522
2024-04-22,S015,Kids,8,947.31,506.53,440.78,-0.0797
2024-04-22,S016,Kids,24,2932.03,1660.15,1271.88,0.065
2024-04-22,S017,Home,21,1478.11,704.53,773.58,0.2124
2024-04-22,S018,Womens,20,2832.29,1658.56,1173.73,0.1574
2024-04-22,S019,Home,21,913.63,525.82,387.81,-0.142
2024-04-22,S020,Womens,20,1696.98,769.99,926.99,-0.0442
2024-04-23,S001,Shoes,20,1847.5,1258.96,588.54,0.1081
2024-04-23,S002,Kids,4,187.94,121.04,66.9,0.2386
2024-04-23,S003,Mens,14,787.12,438.66,348.46,-0.0281
2024-04-23,S004,Mens,13,1926.1,1123.68,802.42,-0.1048
2024-04-23,S005,Shoes,18,882.0,568.3,313.7,0.2328
2024-04-23,S006,Home,3,248.19,128.73,119.46,0.1095
2024-04-23,S007,Electronics,10,1314.86,747.96,566.9,0.2478
2024-04-23,S008,Electronics,20,2681.85,1592.26,1089.59,0.0092
2024-04-23,S009,Womens,16,266.19,136.37,129.82,0.1375
2024-04-23,S010,Electronics,10,1387.17,641.57,745.6,-0.0879
2024-04-23,S011,Womens,22,681.49,476.44,205.05,0.1649
2024-04-23,S012,Shoes,20,2523.04,1564.67,958.37,0.166
2024-04-23,S013,Electronics,17,449.45,272.25,177.2,-0.1473
2024-04-23,S014,Home,7,959.26,558.18,401.08,0.1444
2024-04-23,S015,Shoes,15,2147.91,1433.38,714.53,0.0433
2024-04-23,S016,Electronics,23,826.09,547.09,279.0,0.0586
2024-04-23,S017,Womens,6,742.87,462.99,279.88,-0.148
2024-04-23,S018,Shoes,5,208.3,141.16,67.14,-0.0802
2024-04-23,S019,Home,18,2000.62,1190.26,810.36,-0.0813
2024-04-23,S020,Home,13,1066.01,591.2,474.81,0.1614
2024-04-24,S001,Mens,17,2142.12,1265.28,876.84,0.2358
2024-04-24,S002,Kids,16,1039.08,540.05,499.03,-0.0778
2024-04-24,S003,Electronics,12,316.52,206.68,109.84,0.1376
2024-04-24,S004,Home,16,2332.87,1384.14,948.73,-0.0619
2024-04-24,S005,Womens,13,1498.49,829.53,668.96,0.0394
2024-04-24,S006,Home,21,2951.39,1581.6,1369.79,0.2354
2024-04-24,S007,Womens,22,2202.65,1310.48,892.17,-0.002
2024-04-24,S008,Womens,16,449.42,270.37,179.05,0.0306
2024-04-24,S009,Mens,14,441.56,222.11,219.45,-0.1382
2024-04-24,S010,Mens,16,840.12,560.76,279.36,0.092
2024-04-24,S011,Electronics,3,279.47,170.98,108.49,0.1248
2024-04-24,S012,Home,12,1099.8,764.8,335.0,0.2093
2024-04-24,S013,Home,23,682.23,387.64,294.59,0.1209
2024-04-24,S014,Electronics,14,1983.93,919.5,1064.43,-0.1451
2024-04-24,S015,Home,13,702.81,360.81,342.0,-0.0176
2024-04-24,S016,Shoes,2,168.09,94.14,73.95,0.055
2024-04-24,S017,Mens,19,1277.99,655.39,622.6,-0.0835
2024-04-24,S018,Home,11,1266.58,809.57,457.01,0.1168
2024-04-24,S019,Home,19,1793.44,1062.92,730.52,0.0437
2024-04-24,S020,Mens,24,1953.4,1155.17,798.23,0.1362
2024-04-25,S001,Mens,14,466.82,217.84,248.98,0.2404
2024-04-25,S002,Mens,15,347.38,194.82,152.56,-0.0755
2024-04-25,S003,Kids,2,254.15,174.77,79.38,0.1037
2024-04-25,S004,Home,24,2314.77,1222.2,1092.57,0.2139
2024-04-25,S005,Kids,22,1987.95,1056.0,931.95,-0.0326
2024-04-25,S006,Shoes,7,530.61,281.9,248.71,0.0384
2024-04-25,S007,Electronics,6,190.94,126.86,64.08,0.209
2024-04-25,S008,Mens,5,243.92,151.65,92.27,0.1471
2024-04-25,S009,Mens,5,692.25,441.51,250.74,0.2234
2024-04-25,S010,Shoes,9,1276.29,691.91,584.38,-0.1284
2024-04-25,S011,Womens,11,1209.71,725.19,484.52,0.046
2024-04-25,S012,Mens,11,1092.53,605.49,487.04,0.0741
2024-04-25,S013,Electronics,21,3053.77,1835.4,1218.37,0.1497
2024-04-25,S014,Home,8,133.03,61.0,72.03,0.1309
2024-04-25,S015,Electronics,23,2143.97,1073.21,1070.76,-0.0419
2024-04-25,S016,Electronics,17,2493.93,1506.5,987.43,0.2245
2024-04-25,S017,Mens,19,2577.21,1347.57,1229.64,0.0751
2024-04-25,S018,Shoes,17,578.07,292.63,285.44,0.0733
2024-04-25,S019,Kids,14,648.73,292.08,356.65,0.1529
2024-04-25,S020,Home,16,2151.33,1344.34,806.99,0.0363
2024-04-26,S001,Home,24,803.62,430.14,373.48,-0.0749
2024-04-26,S002,Shoes,2,276.98,161.82,115.16,0.1411
2024-04-26,S003,Electronics,18,828.81,403.66,425.15,0.1115
2024-04-26,S004,Shoes,20,2330.82,1342.31,988.51,0.2076
2024-04-26,S005,Kids,13,1611.94,981.51,630.43,-0.0285
2024-04-26,S006,Shoes,19,988.16,494.74,493.42,0.0269
2024-04-26,S007,Kids,15,2206.45,1317.49,888.96,0.0728
2024-04-26,S008,Shoes,22,2148.56,1351.54,797.02,0.0167
2024-04-26,S009,Kids,17,1747.33,922.8,824.53,-0.0108
2024-04-26,S010,Home,9,1323.97,915.34,408.63,0.0165
2024-04-26,S011,Womens,17,808.57,397.84,410.73,0.2388
2024-04-26,S012,Mens,8,1179.93,630.6,549.33,0.1312
2024-04-26,S013,Shoes,15,753.93,435.75,318.18,-0.0222
2024-04-26,S014,Womens,14,706.84,324.4,382.44,0.1318
2024-04-26,S015,Kids,14,687.35,424.26,263.09,0.1488
2024-04-26,S016,Kids,21,2453.39,1116.61,1336.78,-0.0502
2024-04-26,S017,Shoes,24,409.29,272.3,136.99,-0.0918
2024-04-26,S018,Mens,14,239.41,146.4,93.01,0.0239
2024-04-26,S019,Mens,24,2381.58,1345.78,1035.8,-0.1342
2024-04-26,S020,Home,24,2463.06,1457.62,1005.44,0.0714
2024-04-27,S001,Mens,13,1018.63,693.85,324.78,0.009
2024-04-27,S002,Electronics,20,2405.51,1553.91,851.6,0.0577
2024-04-27,S003,Womens,20,1356.72,911.95,444.77,-0.0539
2024-04-27,S004,Shoes,16,354.74,230.19,124.55,0.0168
2024-04-27,S005,Home,22,1018.42,687.79,330.63,0.1836
2024-04-27,S006,Home,7,887.52,490.7,396.82,0.0575
2024-04-27,S007,Womens,20,1392.44,781.67,610.77,0.1995
2024-04-27,S008,Womens,2,35.72,18.11,17.61,0.0402
2024-04-27,S009,Shoes,15,1967.25,1151.89,815.36,0.1259
2024-04-27,S010,Kids,8,594.83,334.04,260.79,0.0144
2024-04-27,S011,Mens,12,585.72,394.05,191.67,-0.0168
2024-04-27,S012,Kids,19,532.65,241.48,291.17,0.0191
2024-04-27,S013,Electronics,18,322.6,187.11,135.49,0.122
2024-04-27,S014,Home,16,1235.59,785.72,449.87,0.2443
2024-04-27,S015,Kids,19,913.01,574.41,338.6,0.0892
2024-04-27,S016,Home,19,1109.55,543.58,565.97,-0.0679
2024-04-27,S017,Kids,16,601.14,274.79,326.35,0.1017
2024-04-27,S018,Womens,6,641.55,432.6,208.95,0.2063
2024-04-27,S019,Shoes,23,2519.17,1449.97,1069.2,-0.0835
2024-04-27,S020,Electronics,18,978.53,509.56,468.97,-0.0547
2024-04-28,S001,Electronics,13,1718.28,1044.27,674.01,0.0392
2024-04-28,S002,Womens,18,740.79,381.83,358.96,0.055
2024-04-28,S003,Electronics,8,1049.35,596.49,452.86,0.1698
2024-04-28,S004,Electronics,12,1432.41,763.72,668.69,0.1826
2024-04-28,S005,Kids,7,621.06,312.7,308.36,0.0402
2024-04-28,S006,Home,19,969.09,670.36,298.73,-0.086
2024-04-28,S007,Electronics,13,1667.53,1138.68,528.85,-0.021
2024-04-28,S008,Electronics,12,832.68,569.39,263.29,-0.1453
2024-04-28,S009,Shoes,22,877.27,441.5,435.77,-0.0416
2024-04-28,S010,Electronics,7,591.18,371.48,219.7,0.2205
2024-04-28,S011,Home,3,431.52,293.58,137.94,-0.1284
2024-04-28,S012,Home,10,1201.78,756.83,444.95,0.0487
2024-04-28,S013,Home,20,431.13,259.08,172.05,0.1702
2024-04-28,S014,Mens,15,1148.13,731.6,416.53,0.1169
2024-04-28,S015,Womens,8,582.1,276.3,305.8,0.0976
2024-04-28,S016,Shoes,23,1966.97,888.69,1078.28,-0.0234
2024-04-28,S017,Home,22,1767.6,1227.72,539.88,0.1996
2024-04-28,S018,Home,22,1075.43,682.49,392.94,0.1724
2024-04-28,S019,Kids,6,152.88,96.06,56.82,-0.1486
2024-04-28,S020,Kids,12,187.04,114.34,72.7,0.017
2024-04-29,S001,Mens,9,1243.93,619.73,624.2,0.0057
2024-04-29,S002,Kids,24,1908.32,965.37,942.95,0.1322
2024-04-29,S003,Electronics,22,2707.53,1390.18,1317.35,0.019
2024-04-29,S004,Shoes,7,161.35,105.38,55.97,-0.0297
2024-04-29,S005,Home,21,1137.41,686.27,451.14,-0.0085
2024-04-29,S006,Shoes,2,40.24,19.59,20.65,0.2168
2024-04-29,S007,Shoes,6,722.22,376.78,345.44,0.011
2024-04-29,S008,Mens,9,307.6,192.62,114.98,0.212
2024-04-29,S009,Mens,16,1294.28,882.51,411.77,0.0584
2024-04-29,S010,Mens,16,1489.19,926.73,562.46,-0.1072
2024-04-29,S011,Womens,3,297.16,182.22,114.94,0.1578
2024-04-29,S012,Shoes,4,460.42,276.19,184.23,-0.127
2024-04-29,S013,Kids,8,533.73,284.26,249.47,0.0292
2024-04-29,S014,Home,14,849.36,553.8,295.56,-0.1002
2024-04-29,S015,Womens,6,497.61,281.74,215.87,0.249
2024-04-29,S016,Kids,14,310.22,158.45,151.77,0.1682
2024-04-29,S017,Mens,17,2217.43,1362.7,854.73,0.0238
2024-04-29,S018,Kids,21,369.57,242.55,127.02,-0.0929
2024-04-29,S019,Electronics,12,1627.04,1092.71,534.33,0.0667
2024-04-29,S020,Mens,21,1861.1,861.32,999.78,0.1482
2024-04-30,S001,Womens,24,1731.58,1050.28,681.3,-0.0353
2024-04-30,S002,Shoes,12,1166.07,641.16,524.91,0.108
2024-04-30,S003,Kids,18,924.33,552.42,371.91,0.0941
2024-04-30,S004,Womens,15,1364.87,938.47,426.4,-0.121
2024-04-30,S005,Home,24,987.08,580.86,406.22,0.0031
2024-04-30,S006,Home,6,241.8,135.91,105.89,0.0904
2024-04-30,S007,Shoes,21,2528.98,1669.41,859.57,-0.0206
2024-04-30,S008,Kids,7,202.88,133.79,69.09,-0.0889
2024-04-30,S009,Electronics,16,1626.23,923.67,702.56,0.2132
2024-04-30,S010,Shoes,24,1290.37,742.2,548.17,0.0324
2024-04-30,S011,Electronics,16,2251.09,1363.84,887.25,-0.0125
2024-04-30,S012,Shoes,7,477.57,295.75,181.82,0.0404
2024-04-30,S013,Womens,22,2494.84,1716.76,778.08,0.184
2024-04-30,S014,Womens,10,1249.47,705.69,543.78,-0.0493
2024-04-30,S015,Electronics,6,106.39,61.81,44.58,0.052
2024-04-30,S016,Shoes,5,732.47,496.51,235.96,-0.0853
2024-04-30,S017,Womens,7,154.22,86.21,68.01,0.0993
2024-04-30,S018,Shoes,24,2571.77,1291.26,1280.51,0.0347
2024-04-30,S019,Mens,17,1004.87,577.48,427.39,0.2334
2024-04-30,S020,Womens,19,2202.95,1130.3,1072.65,0.0159
2024-05-01,S001,Electronics,17,2202.89,996.79,1206.1,0.2248
2024-05-01,S002,Mens,13,759.84,388.75,371.09,-0.1464
2024-05-01,S003,Home,16,537.49,324.13,213.36,-0.0834
2024-05-01,S004,Mens,13,1006.8,604.43,402.37,0.1659
2024-05-01,S005,Home,19,454.11,264.73,189.38,-0.1251
2024-05-01,S006,Womens,24,2690.25,1803.62,886.63,0.1058
2024-05-01,S007,Womens,17,1005.41,563.66,441.75,0.1088
2024-05-01,S008,Womens,5,493.69,289.33,204.36,0.1459
2024-05-01,S009,Mens,8,767.05,535.43,231.62,-0.1142
2024-05-01,S010,Electronics,18,2371.36,1331.2,1040.16,0.1356
2024-05-01,S011,Shoes,21,437.27,259.51,177.76,0.1914
2024-05-01,S012,Mens,20,1116.44,724.49,391.95,-0.0157
2024-05-01,S013,Womens,19,2746.3,1642.37,1103.93,0.1778
2024-05-01,S014,Home,11,263.62,129.89,133.73,-0.0256
2024-05-01,S015,Mens,3,311.81,188.89,122.92,0.0478
2024-05-01,S016,Kids,13,865.38,507.02,358.36,0.0372
2024-05-01,S017,Kids,7,174.03,94.77,79.26,0.134
2024-05-01,S018,Womens,18,556.4,383.67,172.73,-0.1136
2024-05-01,S019,Shoes,22,468.34,293.31,175.03,0.1901
2024-05-01,S020,Electronics,22,2083.19,1265.54,817.65,0.1882
2024-05-02,S001,Shoes,2,125.65,85.0,40.65,0.2104
2024-05-02,S002,Home,14,1828.12,953.88,874.24,-0.0765
2024-05-02,S003,Home,7,950.19,429.93,520.26,0.1211
2024-05-02,S004,Electronics,10,367.41,194.82,172.59,-0.06
2024-05-02,S005,Shoes,6,546.11,326.8,219.31,0.1058
2024-05-02,S006,Womens,6,104.48,55.76,48.72,-0.0765
2024-05-02,S007,Home,2,45.31,26.78,18.53,-0.0657
2024-05-02,S008,Womens,1,138.02,76.04,61.98,-0.0669
2024-05-02,S009,Electronics,14,255.68,134.64,121.04,0.1165
2024-05-02,S010,Kids,9,558.15,305.52,252.63,0.0545
2024-05-02,S011,Home,4,552.07,377.22,174.85,0.049
2024-05-02,S012,Shoes,7,208.74,123.84,84.9,-0.1405
2024-05-02,S013,Mens,17,2178.58,1266.41,912.17,-0.0667
2024-05-02,S014,Mens,24,2158.47,1371.95,786.52,-0.062
2024-05-02,S015,Electronics,2,128.29,88.5,39.79,0.0276
2024-05-02,S016,Kids,9,1064.01,523.47,540.54,0.0178
2024-05-02,S017,Womens,8,396.8,230.99,165.81,-0.0337
2024-05-02,S018,Shoes,9,706.4,398.91,307.49,0.2435
2024-05-02,S019,Kids,2,127.82,67.7,60.12,0.2079
2024-05-02,S020,Home,5,480.01,237.7,242.31,0.0664
2024-05-03,S001,Mens,14,1099.25,507.84,591.41,0.2028
2024-05-03,S002,Mens,16,1512.12,733.07,779.05,-0.1486
2024-05-03,S003,Shoes,9,637.37,360.4,276.97,-0.0474
2024-05-03,S004,Electronics,17,671.56,304.55,367.01,0.1587
2024-05-03,S005,Kids,20,1832.21,1259.97,572.24,0.0891
2024-05-03,S006,Womens,13,629.1,398.16,230.94,0.0258
2024-05-03,S007,Shoes,2,153.1,71.62,81.48,0.1695
2024-05-03,S008,Home,22,444.69,214.37,230.32,-0.0601
2024-05-03,S009,Electronics,21,517.56,237.1,280.46,0.1478
2024-05-03,S010,Shoes,4,159.56,89.48,70.08,-0.0837
2024-05-03,S011,Shoes,16,1036.78,682.4,354.38,-0.0195
2024-05-03,S012,Kids,17,470.52,289.3,181.22,-0.0233
2024-05-03,S013,Womens,6,200.36,135.14,65.22,-0.053
2024-05-03,S014,Shoes,14,2005.84,1192.71,813.13,-0.0037
2024-05-03,S015,Mens,14,831.96,394.11,437.85,0.2487
2024-05-03,S016,Mens,24,1638.6,889.95,748.65,0.0323
2024-05-03,S017,Womens,4,358.53,163.58,194.95,0.0916
2024-05-03,S018,Kids,18,1155.01,580.37,574.64,0.1605
2024-05-03,S019,Kids,20,906.83,452.32,454.51,-0.0838
2024-05-03,S020,Home,1,45.91,26.7,19.21,0.0306
2024-05-04,S001,Kids,6,800.5,533.88,266.62,0.0304
2024-05-04,S002,Womens,22,2476.26,1313.25,1163.01,0.1398
2024-05-04,S003,Womens,17,1738.8,861.86,876.94,0.1502
2024-05-04,S004,Electronics,21,2327.55,1075.25,1252.3,0.0131
2024-05-04,S005,Electronics,17,2080.18,1264.11,816.07,0.085
2024-05-04,S006,Womens,6,480.79,288.16,192.63,0.039
2024-05-04,S007,Shoes,5,367.75,184.08,183.67,-0.0644
2024-05-04,S008,Shoes,15,834.44,531.73,302.71,0.1677
2024-05-04,S009,Mens,14,2022.59,1164.2,858.39,0.2168
2024-05-04,S010,Kids,11,1237.81,583.33,654.48,-0.062
2024-05-04,S011,Home,21,2761.01,1593.85,1167.16,0.0233
2024-05-04,S012,Electronics,8,261.15,128.84,132.31,-0.0136
2024-05-04,S013,Shoes,22,1365.65,875.26,490.39,-0.1112
2024-05-04,S014,Mens,21,2688.58,1254.76,1433.82,0.2269
2024-05-04,S015,Mens,12,448.91,235.78,213.13,0.0658
2024-05-04,S016,Home,5,291.84,157.33,134.51,-0.0475
2024-05-04,S017,Electronics,22,3148.13,1916.78,1231.35,-0.0876
2024-05-04,S018,Electronics,8,899.78,554.82,344.96,-0.0961
2024-05-04,S019,Kids,4,117.65,76.96,40.69,0.1121
2024-05-04,S020,Womens,4,245.23,121.65,123.58,-0.1074
2024-05-05,S001,Kids,14,587.34,273.09,314.25,0.2347
2024-05-05,S002,Mens,14,1715.68,790.83,924.85,0.0768
2024-05-05,S003,Shoes,21,2503.52,1150.63,1352.89,0.0107
2024-05-05,S004,Mens,17,924.17,445.64,478.53,0.1921
2024-05-05,S005,Mens,18,2548.92,1181.19,1367.73,0.0504
2024-05-05,S006,Womens,14,1392.87,903.13,489.74,-0.0378
2024-05-05,S007,Kids,5,553.39,267.62,285.77,0.1756
2024-05-05,S008,Shoes,2,154.29,73.91,80.38,0.1192
2024-05-05,S009,Mens,18,364.0,232.37,131.63,0.06
2024-05-05,S010,Mens,18,1781.87,1062.54,719.33,-0.0376
2024-05-05,S011,Mens,5,280.27,157.63,122.64,0.0675
2024-05-05,S012,Shoes,14,1971.79,1071.93,899.86,-0.1177
2024-05-05,S013,Home,6,576.16,333.26,242.9,0.1278
2024-05-05,S014,Kids,24,1281.91,839.4,442.51,-0.118
2024-05-05,S015,Electronics,13,356.28,234.65,121.63,-0.0057
2024-05-05,S016,Home,1,55.87,32.05,23.82,-0.0972
2024-05-05,S017,Womens,19,1604.39,958.13,646.26,0.1659
2024-05-05,S018,Home,4,388.73,214.95,173.78,0.0395
2024-05-05,S019,Electronics,5,178.69,88.45,90.24,0.0234
2024-05-05,S020,Home,8,437.44,224.62,212.82,0.098
2024-05-06,S001,Home,18,416.34,195.83,220.51,0.1072
2024-05-06,S002,Mens,18,294.48,167.93,126.55,0.0158
2024-05-06,S003,Mens,3,418.9,272.81,146.09,-0.058
2024-05-06,S004,Home,20,1303.1,654.45,648.65,0.1601
2024-05-06,S005,Electronics,7,158.0,94.46,63.54,0.1933
2024-05-06,S006,Home,13,1287.16,792.14,495.02,-0.0256
2024-05-06,S007,Mens,11,669.15,414.9,254.25,-0.1267
2024-05-06,S008,Kids,15,2212.91,1189.48,1023.43,-0.0458
2024-05-06,S009,Womens,20,518.29,346.6,171.69,0.1935
2024-05-06,S010,Kids,5,549.12,323.58,225.54,0.1912
2024-05-06,S011,Mens,13,1114.05,636.5,477.55,-0.0084
2024-05-06,S012,Shoes,18,1671.89,1027.17,644.72,-0.0722
2024-05-06,S013,Womens,22,1552.32,760.15,792.17,0.2191
2024-05-06,S014,Mens,24,3255.94,2184.6,1071.34,-0.0232
2024-05-06,S015,Shoes,4,434.01,259.56,174.45,0.2015
2024-05-06,S016,Electronics,8,1098.59,530.27,568.32,0.0785
2024-05-06,S017,Womens,5,615.93,287.98,327.95,0.1256
2024-05-06,S018,Home,9,1150.37,734.82,415.55,0.1512
2024-05-06,S019,Electronics,19,2569.76,1534.21,1035.55,0.217
2024-05-06,S020,Womens,10,833.05,421.18,411.87,0.0679
2024-05-07,S001,Mens,11,1456.49,901.53,554.96,0.2475
2024-05-07,S002,Kids,20,949.82,635.7,314.12,0.0081
2024-05-07,S003,Mens,21,2934.76,1812.52,1122.24,0.2225
2024-05-07,S004,Mens,13,1867.54,1168.51,699.03,-0.1332
2024-05-07,S005,Home,17,1366.87,772.39,594.48,0.0766
2024-05-07,S006,Womens,15,1175.06,772.93,402.13,-0.1438
2024-05-07,S007,Womens,7,119.81,66.43,53.38,-0.1157
2024-05-07,S008,Electronics,14,1360.07,698.61,661.46,0.2197
2024-05-07,S009,Kids,6,555.29,346.45,208.84,0.2197
2024-05-07,S010,Womens,2,154.51,81.55,72.96,0.0461
2024-05-07,S011,Shoes,15,565.98,363.29,202.69,0.1498
2024-05-07,S012,Womens,5,616.54,429.76,186.78,-0.0115
2024-05-07,S013,Home,1,141.51,69.59,71.92,0.1371
2024-05-07,S014,Womens,6,673.74,311.36,362.38,0.1105
2024-05-07,S015,Mens,21,1264.0,729.74,534.26,0.0629
2024-05-07,S016,Electronics,4,581.64,401.85,179.79,0.0275
2024-05-07,S017,Home,2,140.22,72.7,67.52,-0.0975
2024-05-07,S018,Kids,12,432.59,242.45,190.14,0.0525
2024-05-07,S019,Electronics,23,1711.12,971.16,739.96,0.1578
2024-05-07,S020,Kids,23,2352.92,1619.28,733.64,0.1678
2024-05-08,S001,Electronics,14,838.07,475.72,362.35,-0.0242
2024-05-08,S002,Home,14,1771.65,1121.16,650.49,0.2457
2024-05-08,S003,Shoes,16,2129.98,1366.71,763.27,-0.0051
2024-05-08,S004,Shoes,3,87.15,56.42,30.73,0.0629
2024-05-08,S005,Mens,18,1863.54,1137.51,726.03,-0.0662
2024-05-08,S006,Home,3,220.62,130.69,89.93,0.2006
2024-05-08,S007,Home,16,1868.22,1045.88,822.34,0.1484
2024-05-08,S008,Home,19,1942.64,891.06,1051.58,0.2056
2024-05-08,S009,Electronics,6,611.28,412.95,198.33,0.0533
2024-05-08,S010,Womens,22,2902.4,1844.78,1057.62,0.2296
2024-05-08,S011,Shoes,6,399.68,224.52,175.16,-0.0476
2024-05-08,S012,Mens,24,1541.12,996.37,544.75,-0.1014
2024-05-08,S013,Home,17,724.23,341.17,383.06,0.098
2024-05-08,S014,Womens,2,73.19,33.2,39.99,0.1628
2024-05-08,S015,Womens,21,774.33,491.61,282.72,0.0234
2024-05-08,S016,Kids,16,1582.19,782.58,799.61,0.1528
2024-05-08,S017,Mens,13,1878.27,878.97,999.3,0.0818
2024-05-08,S018,Shoes,12,199.29,114.52,84.77,-0.01
2024-05-08,S019,Shoes,17,734.07,419.49,314.58,-0.1156
2024-05-08,S020,Womens,24,1042.15,557.22,484.93,0.0747
2024-05-09,S001,Mens,20,1305.25,678.75,626.5,-0.0405
2024-05-09,S002,Womens,15,883.95,441.85,442.1,0.1035
2024-05-09,S003,Shoes,8,471.9,240.39,231.51,0.0642
2024-05-09,S004,Mens,22,2366.54,1505.36,861.18,0.1838
2024-05-09,S005,Home,5,495.23,246.21,249.02,0.0776
2024-05-09,S006,Electronics,11,1328.7,698.18,630.52,0.055
2024-05-09,S007,Home,13,1633.19,1045.81,587.38,0.2452
2024-05-09,S008,Electronics,6,719.08,364.63,354.45,-0.1401
2024-05-09,S009,Shoes,21,826.99,380.09,446.9,-0.04
2024-05-09,S010,Electronics,17,1246.96,769.35,477.61,0.0218
2024-05-09,S011,Kids,17,1235.33,587.38,647.95,0.0474
2024-05-09,S012,Home,8,412.84,216.4,196.44,0.1868
2024-05-09,S013,Shoes,23,1711.65,1110.85,600.8,0.0939
2024-05-09,S014,Electronics,13,522.74,301.91,220.83,0.0616
2024-05-09,S015,Kids,22,1703.61,885.64,817.97,-0.0576
2024-05-09,S016,Electronics,9,342.78,190.75,152.03,-0.0751
2024-05-09,S017,Electronics,6,474.24,255.04,219.2,-0.0056
2024-05-09,S018,Shoes,6,538.56,339.01,199.55,0.2088
2024-05-09,S019,Shoes,21,385.52,209.8,175.72,0.2083
2024-05-09,S020,Electronics,19,2391.05,1402.27,988.78,-0.0147
2024-05-10,S001,Shoes,15,1427.44,716.59,710.85,-0.0205
2024-05-10,S002,Electronics,22,2948.19,1719.45,1228.74,0.1536
2024-05-10,S003,Home,7,212.51,103.0,109.51,-0.03
2024-05-10,S004,Kids,15,720.34,462.02,258.32,-0.1223
2024-05-10,S005,Mens,19,2065.69,1390.52,675.17,0.1035
2024-05-10,S006,Mens,7,686.29,316.96,369.33,0.0951
2024-05-10,S007,Kids,22,3016.83,1715.89,1300.94,-0.0604
2024-05-10,S008,Mens,23,1133.78,597.1,536.68,0.1837
2024-05-10,S009,Womens,22,965.74,539.09,426.65,-0.0709
2024-05-10,S010,Mens,8,245.34,111.82,133.52,-0.1295
2024-05-10,S011,Mens,17,581.55,364.7,216.85,-0.1228
2024-05-10,S012,Electronics,16,366.5,177.99,188.51,0.1853
2024-05-10,S013,Kids,17,1779.65,858.97,920.68,0.106
2024-05-10,S014,Mens,17,1583.97,804.62,779.35,-0.1313
2024-05-10,S015,Womens,2,114.71,64.31,50.4,-0.1041
2024-05-10,S016,Shoes,14,262.22,172.67,89.55,-0.0939
2024-05-10,S017,Electronics,4,454.08,223.03,231.05,0.0763
2024-05-10,S018,Mens,18,2357.81,1298.87,1058.94,0.0094
2024-05-10,S019,Home,22,2465.48,1603.04,862.44,0.0474
2024-05-10,S020,Kids,3,222.36,146.9,75.46,0.0887
2024-05-11,S001,Electronics,1,40.01,27.65,12.36,0.0116
2024-05-11,S002,Kids,8,140.38,67.64,72.74,0.1628
2024-05-11,S003,Shoes,23,1465.49,665.87,799.62,-0.0731
2024-05-11,S004,Kids,15,2122.6,1001.57,1121.03,0.0732
2024-05-11,S005,Womens,21,709.23,357.98,351.25,0.0811
2024-05-11,S006,Mens,10,736.2,356.18,380.02,-0.0409
2024-05-11,S007,Shoes,14,1878.82,1178.03,700.79,0.1974
2024-05-11,S008,Mens,2,114.62,62.48,52.14,-0.1426
2024-05-11,S009,Mens,21,1306.6,690.32,616.28,0.0893
2024-05-11,S010,Shoes,2,32.96,16.23,16.73,0.111
2024-05-11,S011,Electronics,22,2213.36,1066.13,1147.23,0.1432
2024-05-11,S012,Home,13,1744.9,1208.58,536.32,0.0198
2024-05-11,S013,Womens,6,133.21,88.17,45.04,0.1018
2024-05-11,S014,Shoes,9,749.77,412.12,337.65,-0.1021
2024-05-11,S015,Home,6,148.94,70.7,78.24,0.0164
2024-05-11,S016,Kids,7,653.59,391.26,262.33,-0.0337
2024-05-11,S017,Kids,15,1769.13,909.69,859.44,0.0285
2024-05-11,S018,Shoes,2,51.5,30.83,20.67,0.0858
2024-05-11,S019,Kids,4,259.76,146.05,113.71,-0.018
2024-05-11,S020,Womens,23,750.55,518.43,232.12,0.1039
2024-05-12,S001,Mens,16,2162.33,1397.84,764.49,-0.0315
2024-05-12,S002,Kids,5,226.13,126.85,99.28,0.0437
2024-05-12,S003,Kids,13,927.67,593.26,334.41,0.0073
2024-05-12,S004,Mens,10,989.54,451.47,538.07,0.0098
2024-05-12,S005,Shoes,4,256.72,130.32,126.4,0.0379
2024-05-12,S006,Electronics,1,47.09,22.15,24.94,0.1009
2024-05-12,S007,Womens,17,1823.26,940.1,883.16,0.108
2024-05-12,S008,Shoes,16,1107.52,728.18,379.34,-0.0882
2024-05-12,S009,Womens,15,1319.1,667.13,651.97,0.0129
2024-05-12,S010,Womens,7,845.46,502.01,343.45,-0.1039
2024-05-12,S011,Home,15,1354.23,804.67,549.56,-0.0838
2024-05-12,S012,Kids,2,122.73,67.53,55.2,0.1544
2024-05-12,S013,Electronics,21,2269.66,1570.69,698.97,0.1695
2024-05-12,S014,Kids,10,619.31,428.12,191.19,0.0459
2024-05-12,S015,Mens,14,1076.76,672.17,404.59,0.249
2024-05-12,S016,Home,15,915.36,536.29,379.07,0.1862
2024-05-12,S017,Shoes,22,806.37,431.32,375.05,-0.0159
2024-05-12,S018,Kids,23,2202.53,1461.83,740.7,0.0026
2024-05-12,S019,Home,14,1396.35,759.49,636.86,-0.0936
2024-05-12,S020,Electronics,17,1180.41,740.33,440.08,0.0529
2024-05-13,S001,Mens,18,1656.04,1058.41,597.63,-0.1058
2024-05-13,S002,Womens,17,2484.37,1169.94,1314.43,0.2105
2024-05-13,S003,Mens,19,2468.94,1670.39,798.55,0.0525
2024-05-13,S004,Home,24,2654.4,1747.1,907.3,-0.1014
2024-05-13,S005,Mens,15,1161.07,610.03,551.04,0.0951
2024-05-13,S006,Electronics,19,597.33,398.0,199.33,0.0765
2024-05-13,S007,Womens,13,1009.03,646.05,362.98,0.0598
2024-05-13,S008,Electronics,18,1090.5,624.41,466.09,-0.0232
2024-05-13,S009,Electronics,9,443.24,295.84,147.4,0.0228
2024-05-13,S010,Home,11,556.15,250.81,305.34,0.0482
2024-05-13,S011,Electronics,14,731.78,410.46,321.32,-0.1152
2024-05-13,S012,Home,3,411.25,198.2,213.05,0.2292
2024-05-13,S013,Shoes,20,1125.02,645.63,479.39,0.0507
2024-05-13,S014,Mens,7,440.91,279.96,160.95,0.054
2024-05-13,S015,Home,14,294.21,190.09,104.12,0.1215
2024-05-13,S016,Electronics,21,2865.82,1530.46,1335.36,-0.0323
2024-05-13,S017,Home,4,203.53,99.28,104.25,0.1303
2024-05-13,S018,Shoes,23,3209.91,1548.18,1661.73,-0.0227
2024-05-13,S019,Kids,2,219.89,147.95,71.94,0.1043
2024-05-13,S020,Kids,22,711.66,335.86,375.8,0.1854
2024-05-14,S001,Home,10,428.79,296.92,131.87,-0.14
2024-05-14,S002,Shoes,18,1969.93,1030.94,938.99,0.1777
2024-05-14,S003,Womens,4,487.24,292.57,194.67,0.0792
2024-05-14,S004,Mens,23,1205.23,682.18,523.05,0.03
2024-05-14,S005,Mens,8,1103.61,694.08,409.53,0.2039
2024-05-14,S006,Womens,12,1304.92,837.79,467.13,0.1844
2024-05-14,S007,Womens,8,1006.81,562.55,444.26,0.1409
2024-05-14,S008,Mens,15,1000.3,581.77,418.53,0.1213
2024-05-14,S009,Mens,10,664.71,382.36,282.35,0.2305
2024-05-14,S010,Electronics,4,291.83,135.29,156.54,-0.0826
2024-05-14,S011,Kids,21,2622.2,1429.55,1192.65,0.0654
2024-05-14,S012,Home,9,397.17,183.06,214.11,-0.0278
2024-05-14,S013,Home,20,2868.0,1345.83,1522.17,-0.1386
2024-05-14,S014,Electronics,9,1044.0,728.78,315.22,0.0087
2024-05-14,S015,Mens,14,535.67,256.57,279.1,0.0815
2024-05-14,S016,Womens,2,269.49,134.63,134.86,0.1494
2024-05-14,S017,Electronics,6,137.62,87.02,50.6,-0.0185
2024-05-14,S018,Home,5,460.25,295.96,164.29,0.2212
2024-05-14,S019,Womens,23,1384.73,783.85,600.88,0.2209
2024-05-14,S020,Kids,21,689.02,395.41,293.61,-0.1074
2024-05-15,S001,Shoes,2,133.17,79.72,53.45,-0.1221
2024-05-15,S002,Womens,2,83.14,37.74,45.4,0.0648
2024-05-15,S003,Mens,16,1069.31,553.03,516.28,0.1108
2024-05-15,S004,Mens,2,170.03,109.16,60.87,-0.0843
2024-05-15,S005,Mens,3,69.27,31.5,37.77,0.2396
2024-05-15,S006,Electronics,21,2645.76,1562.22,1083.54,-0.0442
2024-05-15,S007,Kids,2,164.1,90.56,73.54,0.1296
2024-05-15,S008,Mens,21,2597.88,1347.29,1250.59,0.2016
2024-05-15,S009,Womens,24,3370.4,1903.15,1467.25,0.1574
2024-05-15,S010,Womens,1,56.92,39.76,17.16,-0.1347
2024-05-15,S011,Electronics,22,2980.85,1386.51,1594.34,0.2047
2024-05-15,S012,Womens,4,79.81,44.48,35.33,0.1518
2024-05-15,S013,Womens,7,989.4,659.84,329.56,-0.0169
2024-05-15,S014,Shoes,2,167.5,104.45,63.05,-0.1053
2024-05-15,S015,Electronics,11,534.31,298.11,236.2,0.1036
2024-05-15,S016,Womens,18,396.81,179.58,217.23,-0.1411
2024-05-15,S017,Electronics,16,478.37,243.91,234.46,-0.0615
2024-05-15,S018,Mens,5,103.67,50.8,52.87,0.0036
2024-05-15,S019,Shoes,13,1180.64,742.28,438.36,0.1412
2024-05-15,S020,Womens,5,662.8,442.44,220.36,0.0816
2024-05-16,S001,Shoes,12,865.32,572.47,292.85,0.1181
2024-05-16,S002,Kids,7,660.07,371.22,288.85,0.1536
2024-05-16,S003,Kids,10,1058.77,740.4,318.37,0.1621
2024-05-16,S004,Home,8,523.34,365.44,157.9,0.2479
2024-05-16,S005,Electronics,19,696.39,437.93,258.46,0.1309
2024-05-16,S006,Shoes,23,3266.38,1628.23,1638.15,-0.0853
2024-05-16,S007,Mens,13,1194.83,603.87,590.96,0.1526
2024-05-16,S008,Home,16,1169.2,697.61,471.59,0.2138
2024-05-16,S009,Electronics,13,704.8,377.02,327.78,0.2244
2024-05-16,S010,Shoes,7,293.07,189.54,103.53,0.0347
2024-05-16,S011,Mens,14,1795.88,1140.25,655.63,0.1983
2024-05-16,S012,Electronics,1,128.89,66.41,62.48,-0.1109
2024-05-16,S013,Mens,17,2290.06,1414.49,875.57,0.2428
2024-05-16,S014,Kids,20,382.53,264.89,117.64,0.2199
2024-05-16,S015,Electronics,20,1821.37,874.26,947.11,0.0628
2024-05-16,S016,Home,11,1341.44,857.89,483.55,0.2142
2024-05-16,S017,Womens,2,248.46,170.1,78.36,0.1657
2024-05-16,S018,Kids,4,484.23,305.86,178.37,0.1306
2024-05-16,S019,Mens,20,1526.91,868.11,658.8,0.0371
2024-05-16,S020,Home,23,3253.68,2117.43,1136.25,0.0207
2024-05-17,S001,Womens,2,261.2,149.58,111.62,-0.0633
2024-05-17,S002,Electronics,4,60.09,37.83,22.26,-0.1056
2024-05-17,S003,Womens,20,1104.27,651.62,452.65,0.0092
2024-05-17,S004,Electronics,24,540.27,259.86,280.41,0.0497
2024-05-17,S005,Womens,21,1153.63,538.46,615.17,0.2083
2024-05-17,S006,Home,7,219.93,102.54,117.39,0.2399
2024-05-17,S007,Electronics,12,831.25,573.0,258.25,0.2482
2024-05-17,S008,Home,22,1005.72,478.19,527.53,0.0159
2024-05-17,S009,Electronics,21,2361.49,1584.5,776.99,0.0963
2024-05-17,S010,Mens,12,365.97,169.08,196.89,0.0768
2024-05-17,S011,Mens,6,277.06,131.5,145.56,0.2418
2024-05-17,S012,Shoes,13,1723.42,777.32,946.1,-0.1416
2024-05-17,S013,Mens,3,346.07,226.29,119.78,0.1244
2024-05-17,S014,Electronics,16,1906.8,1104.95,801.85,0.1318
2024-05-17,S015,Mens,14,1941.03,1008.23,932.8,-0.0748
2024-05-17,S016,Electronics,21,2445.14,1326.52,1118.62,-0.0806
2024-05-17,S017,Kids,13,769.43,372.43,397.0,-0.0875
2024-05-17,S018,Electronics,11,238.2,148.54,89.66,0.1829
2024-05-17,S019,Home,22,2345.04,1614.57,730.47,0.0544
2024-05-17,S020,Mens,12,1747.86,1156.72,591.14,-0.0261
2024-05-18,S001,Home,21,1599.3,1070.63,528.67,-0.11
2024-05-18,S002,Womens,21,2446.35,1158.95,1287.4,-0.0217
2024-05-18,S003,Womens,4,514.43,286.93,227.5,0.0105
2024-05-18,S004,Womens,5,544.31,354.82,189.49,0.1154
2024-05-18,S005,Home,8,553.64,308.53,245.11,0.2371
2024-05-18,S006,Kids,5,352.96,160.52,192.44,-0.1364
2024-05-18,S007,Kids,15,2169.03,996.55,1172.48,0.2411
2024-05-18,S008,Shoes,24,3555.73,2088.43,1467.3,-0.1217
2024-05-18,S009,Home,22,2980.25,1847.74,1132.51,0.138
2024-05-18,S010,Mens,3,88.14,42.47,45.67,0.2118
2024-05-18,S011,Home,5,609.31,291.75,317.56,0.2211
2024-05-18,S012,Shoes,15,680.15,454.71,225.44,-0.0446
2024-05-18,S013,Womens,23,2942.99,1452.77,1490.22,-0.1217
2024-05-18,S014,Mens,16,2086.62,1447.2,639.42,0.0258
2024-05-18,S015,Kids,14,1625.83,961.34,664.49,0.0292
2024-05-18,S016,Kids,18,1490.83,797.1,693.73,0.1528
2024-05-18,S017,Electronics,6,530.27,270.21,260.06,0.1904
2024-05-18,S018,Mens,7,694.21,374.48,319.73,0.1878
2024-05-18,S019,Kids,14,1582.97,750.14,832.83,0.0084
2024-05-18,S020,Kids,10,365.92,190.07,175.85,-0.0181
2024-05-19,S001,Shoes,10,1130.92,653.03,477.89,0.0114
2024-05-19,S002,Home,1,45.55,20.69,24.86,0.08
2024-05-19,S003,Shoes,5,215.62,103.79,111.83,-0.0742
2024-05-19,S004,Womens,18,1908.38,1050.28,858.1,0.0746
2024-05-19,S005,Womens,6,465.66,257.87,207.79,-0.0904
2024-05-19,S006,Kids,9,626.24,418.85,207.39,-0.0743
2024-05-19,S007,Mens,8,145.88,93.52,52.36,0.0824
2024-05-19,S008,Womens,23,1421.32,711.2,710.12,0.173
2024-05-19,S009,Home,19,463.71,259.74,203.97,-0.049
2024-05-19,S010,Electronics,9,905.54,582.38,323.16,-0.0201
2024-05-19,S011,Kids,18,2365.4,1268.61,1096.79,-0.014
2024-05-19,S012,Womens,4,86.89,46.71,40.18,-0.1025
2024-05-19,S013,Mens,1,30.24,16.87,13.37,0.1248
2024-05-19,S014,Mens,4,518.82,290.23,228.59,0.2373
2024-05-19,S015,Home,22,2476.6,1280.1,1196.5,0.178
2024-05-19,S016,Womens,18,456.19,259.23,196.96,0.1708
2024-05-19,S017,Shoes,14,1646.39,884.52,761.87,0.0315
2024-05-19,S018,Shoes,1,146.48,77.91,68.57,0.2193
2024-05-19,S019,Shoes,11,1633.78,1008.97,624.81,0.0354
2024-05-19,S020,Mens,22,1139.42,590.84,548.58,-0.1046
2024-05-20,S001,Kids,6,371.61,238.1,133.51,0.0932
2024-05-20,S002,Womens,2,260.1,156.15,103.95,0.2343
2024-05-20,S003,Mens,21,907.76,511.33,396.43,-0.0875
2024-05-20,S004,Womens,8,259.76,133.24,126.52,0.0218
2024-05-20,S005,Electronics,7,235.44,145.58,89.86,0.0885
2024-05-20,S006,Womens,15,1276.85,824.42,452.43,0.1854
2024-05-20,S007,Mens,22,1527.02,1048.49,478.53,-0.0514
2024-05-20,S008,Shoes,4,391.58,260.48,131.1,0.1513
2024-05-20,S009,Womens,6,383.46,207.55,175.91,0.2018
2024-05-20,S010,Shoes,24,3561.06,2193.95,1367.11,0.1225
2024-05-20,S011,Kids,23,1850.24,881.54,968.7,-0.0388
2024-05-20,S012,Shoes,22,1963.47,1086.49,876.98,-0.1209
2024-05-20,S013,Kids,1,109.88,66.31,43.57,0.0541
2024-05-20,S014,Electronics,7,283.53,145.77,137.76,-0.1287
2024-05-20,S015,Electronics,12,1560.26,1058.32,501.94,0.1889
2024-05-20,S016,Electronics,13,1387.54,733.83,653.71,0.167
2024-05-20,S017,Electronics,5,589.81,275.49,314.32,-0.145
2024-05-20,S018,Electronics,9,841.33,452.6,388.73,-0.057
2024-05-20,S019,Shoes,3,256.2,170.5,85.7,0.0467
2024-05-20,S020,Shoes,18,282.08,174.74,107.34,0.07
2024-05-21,S001,Shoes,15,373.56,186.39,187.17,0.0441
2024-05-21,S002,Kids,17,1369.21,730.98,638.23,-0.1171
2024-05-21,S003,Womens,9,882.15,612.47,269.68,-0.1055
2024-05-21,S004,Shoes,11,1603.39,1030.9,572.49,0.2093
2024-05-21,S005,Womens,2,297.85,141.69,156.16,-0.1288
2024-05-21,S006,Shoes,16,2242.89,1060.09,1182.8,-0.1046
2024-05-21,S007,Shoes,1,29.11,14.62,14.49,0.238
2024-05-21,S008,Womens,3,360.31,232.05,128.26,0.064
2024-05-21,S009,Womens,16,936.96,555.52,381.44,0.2327
2024-05-21,S010,Home,12,1205.02,615.19,589.83,0.0247
2024-05-21,S011,Home,20,1505.49,703.25,802.24,-0.0826
2024-05-21,S012,Mens,17,528.68,360.04,168.64,-0.1189
2024-05-21,S013,Electronics,20,410.4,192.69,217.71,0.2039
2024-05-21,S014,Womens,11,1568.27,959.17,609.1,-0.0636
2024-05-21,S015,Kids,4,408.68,284.62,124.06,-0.0644
2024-05-21,S016,Mens,6,326.88,153.75,173.13,-0.1454
2024-05-21,S017,Kids,10,703.96,490.73,213.23,0.0379
2024-05-21,S018,Kids,24,3247.58,1860.11,1387.47,0.0897
2024-05-21,S019,Kids,12,800.32,549.06,251.26,0.0858
2024-05-21,S020,Kids,6,827.43,429.02,398.41,0.052
2024-05-22,S001,Womens,4,421.52,191.49,230.03,0.1781
2024-05-22,S002,Shoes,14,803.23,498.85,304.38,-0.0638
2024-05-22,S003,Kids,23,929.28,420.11,509.17,0.238
2024-05-22,S004,Womens,8,1166.9,566.04,600.86,0.0849
2024-05-22,S005,Home,19,573.84,389.07,184.77,-0.0721
2024-05-22,S006,Womens,20,647.18,306.02,341.16,-0.0787
2024-05-22,S007,Kids,1,40.43,23.25,17.18,0.1673
2024-05-22,S008,Electronics,24,1408.39,753.91,654.48,0.1148
2024-05-22,S009,Kids,18,2243.24,1096.9,1146.34,0.166
2024-05-22,S010,Womens,12,494.37,303.56,190.81,0.192
2024-05-22,S011,Shoes,10,1439.29,826.41,612.88,0.0074
2024-05-22,S012,Shoes,10,346.14,195.9,150.24,0.1599
2024-05-22,S013,Womens,20,2009.39,929.45,1079.94,0.0935
2024-05-22,S014,Mens,24,2989.41,1659.56,1329.85,0.156
2024-05-22,S015,Kids,21,2723.27,1873.24,850.03,0.0772
2024-05-22,S016,Womens,20,2229.66,1297.27,932.39,0.2103
2024-05-22,S017,Mens,10,273.57,140.87,132.7,0.0706
2024-05-22,S018,Womens,1,126.24,84.54,41.7,0.1227
2024-05-22,S019,Womens,19,2697.94,1661.57,1036.37,0.1985
2024-05-22,S020,Electronics,12,1152.2,563.5,588.7,0.0642
2024-05-23,S001,Mens,16,1846.47,1074.67,771.8,0.0145
2024-05-23,S002,Mens,18,2696.84,1261.93,1434.91,-0.1326
2024-05-23,S003,Electronics,19,2775.8,1928.65,847.15,0.112
2024-05-23,S004,Home,4,271.9,149.6,122.3,-0.0786
2024-05-23,S005,Kids,2,184.74,119.2,65.54,-0.0033
2024-05-23,S006,Womens,13,1837.13,1132.44,704.69,-0.044
2024-05-23,S007,Shoes,1,74.71,44.01,30.7,0.057
2024-05-23,S008,Shoes,11,1132.92,563.28,569.64,-0.1248
2024-05-23,S009,Electronics,10,171.07,90.59,80.48,-0.0028
2024-05-23,S010,Home,8,1177.7,619.44,558.26,-0.0439
2024-05-23,S011,Home,4,553.15,281.0,272.15,-0.1015
2024-05-23,S012,Mens,1,126.55,58.29,68.26,0.0179
2024-05-23,S013,Home,2,243.59,138.11,105.48,0.077
2024-05-23,S014,Mens,20,1267.41,597.53,669.88,0.142
2024-05-23,S015,Shoes,3,437.88,298.48,139.4,0.169
2024-05-23,S016,Shoes,3,164.85,84.27,80.58,-0.0629
2024-05-23,S017,Kids,7,626.01,376.45,249.56,0.1322
2024-05-23,S018,Kids,18,1916.96,1124.32,792.64,0.0104
2024-05-23,S019,Kids,15,341.31,192.41,148.9,0.1682
2024-05-23,S020,Shoes,18,803.99,374.81,429.18,0.1455
2024-05-24,S001,Shoes,23,1918.56,1266.25,652.31,0.0827
2024-05-24,S002,Mens,19,1609.13,1005.59,603.54,-0.1124
2024-05-24,S003,Home,18,996.89,604.77,392.12,0.1785
2024-05-24,S004,Home,11,1362.97,618.97,744.0,-0.0753
2024-05-24,S005,Mens,22,3112.92,1575.79,1537.13,0.0373
2024-05-24,S006,Shoes,13,335.56,184.83,150.73,-0.0004
2024-05-24,S007,Electronics,21,1336.77,932.01,404.76,0.1632
2024-05-24,S008,Mens,21,1520.75,914.0,606.75,-0.1282
2024-05-24,S009,Shoes,19,2583.82,1338.79,1245.03,0.2162
2024-05-24,S010,Home,23,348.74,210.65,138.09,-0.0744
2024-05-24,S011,Home,5,515.96,239.11,276.85,-0.0246
2024-05-24,S012,Electronics,4,373.3,229.74,143.56,0.1385
2024-05-24,S013,Home,20,2700.91,1664.76,1036.15,0.0967
2024-05-24,S014,Home,6,297.96,141.6,156.36,0.0922
2024-05-24,S015,Womens,13,1323.34,880.4,442.94,0.0446
2024-05-24,S016,Womens,21,1135.46,699.0,436.46,0.0952
2024-05-24,S017,Shoes,10,1072.0,653.22,418.78,0.2025
2024-05-24,S018,Shoes,19,2282.11,1168.84,1113.27,0.1213
2024-05-24,S019,Kids,3,201.22,129.74,71.48,0.1399
2024-05-24,S020,Electronics,17,1589.56,767.04,822.52,0.2369
2024-05-25,S001,Womens,8,238.5,114.58,123.92,0.0878
2024-05-25,S002,Womens,11,216.84,126.94,89.9,0.0051
2024-05-25,S003,Electronics,19,2341.93,1589.63,752.3,0.1526
2024-05-25,S004,Home,22,972.98,501.95,471.03,-0.0666
2024-05-25,S005,Kids,24,2521.03,1281.75,1239.28,0.0459
2024-05-25,S006,Electronics,18,453.03,207.43,245.6,0.1282
2024-05-25,S007,Home,1,52.45,29.84,22.61,0.0383
2024-05-25,S008,Home,4,503.16,283.17,219.99,0.0915
2024-05-25,S009,Womens,20,2638.83,1774.89,863.94,-0.042
2024-05-25,S010,Shoes,8,917.24,574.68,342.56,0.2445
2024-05-25,S011,Shoes,1,33.28,16.27,17.01,0.1022
2024-05-25,S012,Home,22,2883.14,1975.41,907.73,-0.0693
2024-05-25,S013,Mens,4,189.77,102.42,87.35,0.2159
2024-05-25,S014,Womens,5,573.28,328.22,245.06,-0.1385
2024-05-25,S015,Electronics,20,1752.39,1103.48,648.91,-0.0639
2024-05-25,S016,Womens,24,1694.55,1078.76,615.79,0.0116
2024-05-25,S017,Mens,4,472.56,329.84,142.72,-0.0118
2024-05-25,S018,Electronics,24,636.24,325.23,311.01,0.1921
2024-05-25,S019,Mens,12,471.35,245.7,225.65,0.032
2024-05-25,S020,Mens,3,387.2,263.7,123.5,0.0521
2024-05-26,S001,Home,2,101.88,61.21,40.67,0.1176
2024-05-26,S002,Kids,22,1359.34,895.78,463.56,0.1534
2024-05-26,S003,Mens,24,693.78,324.66,369.12,-0.1123
2024-05-26,S004,Shoes,5,657.73,404.47,253.26,0.1385
2024-05-26,S005,Shoes,8,925.1,473.15,451.95,0.1415
2024-05-26,S006,Electronics,6,512.23,348.5,163.73,0.1058
2024-05-26,S007,Shoes,14,614.46,386.57,227.89,-0.059
2024-05-26,S008,Mens,6,543.51,339.1,204.41,-0.1026
2024-05-26,S009,Shoes,13,1662.09,1136.83,525.26,-0.0952
2024-05-26,S010,Womens,16,799.2,510.39,288.81,0.1387
2024-05-26,S011,Mens,3,400.2,198.2,202.0,0.1689
2024-05-26,S012,Kids,14,978.71,517.87,460.84,0.1062
2024-05-26,S013,Electronics,10,1386.53,893.79,492.74,-0.1274
2024-05-26,S014,Home,15,393.84,259.67,134.17,0.0952
2024-05-26,S015,Electronics,4,71.2,32.6,38.6,0.0529
2024-05-26,S016,Electronics,3,93.94,47.47,46.47,-0.0191
2024-05-26,S017,Kids,24,1420.13,862.19,557.94,-0.0809
2024-05-26,S018,Kids,2,156.38,79.48,76.9,0.0855
2024-05-26,S019,Kids,5,579.96,357.61,222.35,0.0831
2024-05-26,S020,Electronics,1,40.19,27.08,13.11,-0.0506
2024-05-27,S001,Shoes,7,270.96,147.12,123.84,-0.1387
2024-05-27,S002,Womens,20,2465.26,1557.32,907.94,0.1673
2024-05-27,S003,Electronics,20,2108.55,1300.64,807.91,0.0556
2024-05-27,S004,Womens,4,395.1,219.27,175.83,0.0953
2024-05-27,S005,Home,20,1773.4,1076.29,697.11,0.2241
2024-05-27,S006,Womens,2,252.2,150.47,101.73,0.0952
2024-05-27,S007,Shoes,6,367.76,183.29,184.47,-0.0706
2024-05-27,S008,Mens,5,489.53,245.54,243.99,-0.092
2024-05-27,S009,Shoes,15,1496.29,673.37,822.92,-0.1427
2024-05-27,S010,Womens,15,1624.98,1013.6,611.38,0.022
2024-05-27,S011,Mens,2,109.04,53.82,55.22,0.1666
2024-05-27,S012,Electronics,7,495.89,341.22,154.67,0.1795
2024-05-27,S013,Kids,7,459.21,234.68,224.53,0.0223
2024-05-27,S014,Womens,13,1501.11,962.61,538.5,-0.0866
2024-05-27,S015,Kids,24,3263.68,1557.42,1706.26,0.0392
2024-05-27,S016,Electronics,8,780.41,370.81,409.6,0.0086
2024-05-27,S017,Electronics,5,747.2,369.6,377.6,0.243
2024-05-27,S018,Home,17,714.74,395.63,319.11,0.0956
2024-05-27,S019,Womens,14,1365.2,932.86,432.34,-0.0717
2024-05-27,S020,Mens,22,399.8,217.44,182.36,-0.1057
2024-05-28,S001,Home,13,331.98,201.29,130.69,0.0196
2024-05-28,S002,Home,3,131.35,81.7,49.65,0.2339
2024-05-28,S003,Electronics,10,473.75,318.82,154.93,0.2385
2024-05-28,S004,Kids,16,1412.39,973.42,438.97,-0.0885
2024-05-28,S005,Mens,12,1016.98,514.86,502.12,0.0143
2024-05-28,S006,Home,17,1465.65,782.0,683.65,-0.0668
2024-05-28,S007,Kids,17,754.13,402.37,351.76,0.2339
2024-05-28,S008,Electronics,19,643.34,426.71,216.63,0.01
2024-05-28,S009,Electronics,11,953.93,626.88,327.05,0.0202
2024-05-28,S010,Kids,9,811.54,399.95,411.59,0.2362
2024-05-28,S011,Kids,21,2081.94,1283.67,798.27,0.0686
2024-05-28,S012,Mens,16,1871.11,1217.98,653.13,0.0712
2024-05-28,S013,Home,9,273.43,128.78,144.65,-0.0142
2024-05-28,S014,Mens,24,816.3,387.72,428.58,0.0747
2024-05-28,S015,Mens,23,2565.39,1466.77,1098.62,0.0201
2024-05-28,S016,Home,18,2388.66,1310.91,1077.75,-0.0166
2024-05-28,S017,Electronics,5,207.71,138.16,69.55,-0.0913
2024-05-28,S018,Womens,12,639.22,431.38,207.84,0.1663
2024-05-28,S019,Mens,8,1081.31,636.01,445.3,0.2371
2024-05-28,S020,Mens,16,491.74,325.72,166.02,0.0499
2024-05-29,S001,Home,19,1650.02,1131.07,518.95,0.1225
2024-05-29,S002,Electronics,22,2443.47,1660.41,783.06,-0.0506
2024-05-29,S003,Home,20,1381.06,625.57,755.49,-0.0999
2024-05-29,S004,Home,24,2190.6,1468.51,722.09,0.1664
2024-05-29,S005,Home,18,449.51,234.41,215.1,-0.0033
2024-05-29,S006,Electronics,22,522.82,304.57,218.25,0.2106
2024-05-29,S007,Womens,15,1839.08,1141.0,698.08,-0.0674
2024-05-29,S008,Home,9,1142.83,712.98,429.85,0.08
2024-05-29,S009,Kids,13,974.89,645.72,329.17,0.0963
2024-05-29,S010,Home,17,1220.64,764.94,455.7,0.2393
2024-05-29,S011,Mens,23,1408.25,985.14,423.11,-0.1486
2024-05-29,S012,Electronics,18,1843.44,892.39,951.05,0.0858
2024-05-29,S013,Kids,14,1389.99,708.07,681.92,0.0513
2024-05-29,S014,Shoes,14,453.98,276.13,177.85,0.138
2024-05-29,S015,Shoes,1,100.41,46.5,53.91,-0.0327
2024-05-29,S016,Mens,19,1596.96,755.87,841.09,0.2184
2024-05-29,S017,Womens,15,2063.97,1416.34,647.63,-0.1475
2024-05-29,S018,Home,12,1441.04,844.17,596.87,0.1829
2024-05-29,S019,Shoes,3,417.82,285.68,132.14,-0.0879
2024-05-29,S020,Mens,4,594.51,339.21,255.3,0.0788
2024-05-30,S001,Mens,3,428.8,232.48,196.32,-0.146
2024-05-30,S002,Mens,22,3242.2,2241.68,1000.52,-0.0856
2024-05-30,S003,Womens,15,662.07,438.07,224.0,0.0159
2024-05-30,S004,Home,21,1226.23,785.88,440.35,0.2341
2024-05-30,S005,Shoes,20,2938.39,1749.9,1188.49,0.1967
2024-05-30,S006,Kids,7,743.21,436.44,306.77,-0.1486
2024-05-30,S007,Home,18,758.07,376.38,381.69,-0.0481
2024-05-30,S008,Mens,21,1335.79,741.54,594.25,-0.1105
2024-05-30,S009,Womens,3,262.62,147.34,115.28,0.1038
2024-05-30,S010,Womens,4,290.95,177.56,113.39,0.2314
2024-05-30,S011,Electronics,12,1224.44,605.2,619.24,0.0742
2024-05-30,S012,Mens,14,494.52,336.66,157.86,0.076
2024-05-30,S013,Kids,22,746.76,405.34,341.42,0.132
2024-05-30,S014,Home,7,337.56,200.63,136.93,0.0171
2024-05-30,S015,Mens,13,536.04,371.74,164.3,-0.0053
2024-05-30,S016,Mens,15,1460.21,861.7,598.51,0.2159
2024-05-30,S017,Electronics,21,1459.58,971.49,488.09,-0.0776
2024-05-30,S018,Home,18,2579.84,1564.28,1015.56,0.1768
2024-05-30,S019,Mens,3,384.95,264.12,120.83,-0.0408
2024-05-30,S020,Kids,15,826.25,541.94,284.31,-0.0067
2024-05-31,S001,Mens,22,2101.45,1089.8,1011.65,-0.0488
2024-05-31,S002,Home,13,1708.69,1114.83,593.86,-0.0988
2024-05-31,S003,Mens,9,395.67,274.73,120.94,-0.1292
2024-05-31,S004,Electronics,4,291.47,191.22,100.25,0.1565
2024-05-31,S005,Womens,10,1278.05,580.94,697.11,0.1709
2024-05-31,S006,Electronics,13,251.27,115.93,135.34,-0.0122
2024-05-31,S007,Shoes,24,1912.85,1209.26,703.59,0.0768
2024-05-31,S008,Shoes,4,413.6,256.93,156.67,0.223
2024-05-31,S009,Mens,3,71.9,42.27,29.63,-0.108
2024-05-31,S010,Home,18,2376.29,1303.54,1072.75,0.22
2024-05-31,S011,Electronics,8,782.53,432.73,349.8,0.1115
2024-05-31,S012,Shoes,4,566.42,255.5,310.92,0.2042
2024-05-31,S013,Electronics,8,1149.29,598.16,551.13,0.0028
2024-05-31,S014,Shoes,15,1316.88,760.67,556.21,-0.0863
2024-05-31,S015,Womens,24,1211.52,558.88,652.64,-0.1493
2024-05-31,S016,Shoes,10,287.93,163.42,124.51,0.0621
2024-05-31,S017,Shoes,20,2035.51,1273.91,761.6,-0.0304
2024-05-31,S018,Kids,17,986.64,456.63,530.01,0.0083
2024-05-31,S019,Mens,10,1085.29,632.76,452.53,0.0237
2024-05-31,S020,Kids,24,2920.52,1525.11,1395.41,0.005
2024-06-01,S001,Kids,19,1704.63,1176.67,527.96,-0.0753
2024-06-01,S002,Shoes,22,2031.08,1354.71,676.37,0.2217
2024-06-01,S003,Electronics,22,1029.86,704.21,325.65,0.232
2024-06-01,S004,Shoes,11,619.0,335.09,283.91,0.0088
2024-06-01,S005,Electronics,6,155.62,82.34,73.28,0.2365
2024-06-01,S006,Womens,3,345.75,186.39,159.36,0.0827
2024-06-01,S007,Home,6,338.19,194.53,143.66,-0.0573
2024-06-01,S008,Kids,20,893.35,547.2,346.15,0.2117
2024-06-01,S009,Home,9,365.56,249.17,116.39,-0.1371
2024-06-01,S010,Mens,20,837.56,573.86,263.7,0.1546
2024-06-01,S011,Home,21,3098.74,2001.72,1097.02,0.2089
2024-06-01,S012,Home,24,1118.41,618.44,499.97,0.1364
2024-06-01,S013,Home,18,927.24,428.07,499.17,0.0229
2024-06-01,S014,Mens,9,387.06,216.08,170.98,0.1086
2024-06-01,S015,Womens,4,586.56,405.06,181.5,-0.056
2024-06-01,S016,Kids,14,490.25,306.66,183.59,0.1403
2024-06-01,S017,Kids,7,422.59,208.1,214.49,0.0823
2024-06-01,S018,Kids,7,793.75,444.77,348.98,-0.0145
2024-06-01,S019,Mens,6,816.17,537.86,278.31,-0.1312
2024-06-01,S020,Mens,24,777.13,356.39,420.74,0.0157
2024-06-02,S001,Kids,8,318.93,166.47,152.46,-0.0506
2024-06-02,S002,Kids,19,764.08,447.58,316.5,0.2446
2024-06-02,S003,Shoes,18,1064.17,524.76,539.41,0.0905
2024-06-02,S004,Mens,3,173.41,101.42,71.99,0.1264
2024-06-02,S005,Electronics,6,714.96,333.29,381.67,0.0985
2024-06-02,S006,Electronics,20,1805.3,1244.25,561.05,0.2016
2024-06-02,S007,Kids,1,46.64,27.2,19.44,-0.1043
2024-06-02,S008,Mens,14,822.08,415.14,406.94,0.2385
2024-06-02,S009,Mens,21,1931.24,1182.12,749.12,0.1212
2024-06-02,S010,Womens,16,1570.11,955.33,614.78,0.0664
2024-06-02,S011,Mens,11,194.75,94.5,100.25,0.1215
2024-06-02,S012,Electronics,16,489.09,247.93,241.16,-0.1104
2024-06-02,S013,Kids,2,64.05,35.82,28.23,0.1428
2024-06-02,S014,Womens,10,607.69,360.27,247.42,0.029
2024-06-02,S015,Home,10,218.28,125.15,93.13,-0.0316
2024-06-02,S016,Mens,8,1157.79,573.89,583.9,-0.0255
2024-06-02,S017,Mens,17,675.94,455.17,220.77,0.2256
2024-06-02,S018,Electronics,9,612.19,330.06,282.13,0.1831
2024-06-02,S019,Shoes,8,453.09,280.85,172.24,0.0762
2024-06-02,S020,Kids,13,1142.61,570.62,571.99,0.0223
2024-06-03,S001,Mens,14,1913.25,985.72,927.53,0.1971
2024-06-03,S002,Home,17,301.68,190.41,111.27,-0.1358
2024-06-03,S003,Mens,24,2276.0,1154.97,1121.03,0.0415
2024-06-03,S004,Electronics,18,1174.78,622.13,552.65,0.0985
2024-06-03,S005,Electronics,16,2067.32,1350.17,717.15,0.0406
2024-06-03,S006,Electronics,4,484.37,285.28,199.09,0.1928
2024-06-03,S007,Mens,15,1857.11,918.95,938.16,0.1752
2024-06-03,S008,Kids,5,301.59,175.67,125.92,0.1133
2024-06-03,S009,Mens,6,490.21,264.79,225.42,0.199
2024-06-03,S010,Home,16,1753.68,1076.64,677.04,0.1435
2024-06-03,S011,Shoes,1,141.63,89.37,52.26,0.0704
2024-06-03,S012,Womens,18,1171.26,740.96,430.3,0.0143
2024-06-03,S013,Home,4,430.91,243.39,187.52,0.0762
2024-06-03,S014,Mens,15,1779.61,1199.27,580.34,-0.0082
2024-06-03,S015,Home,21,2121.69,1372.58,749.11,0.1299
2024-06-03,S016,Electronics,6,147.87,93.39,54.48,0.0544
2024-06-03,S017,Electronics,9,1051.94,718.86,333.08,-0.0619
2024-06-03,S018,Mens,4,445.93,243.47,202.46,0.1584
2024-06-03,S019,Home,2,85.34,53.04,32.3,0.0741
2024-06-03,S020,Womens,15,814.28,472.41,341.87,0.0065
2024-06-04,S001,Womens,13,783.01,504.76,278.25,0.1922
2024-06-04,S002,Womens,13,858.69,546.93,311.76,0.2152
2024-06-04,S003,Shoes,8,1079.37,590.3,489.07,0.0805
2024-06-04,S004,Mens,21,2150.9,969.85,1181.05,-0.0485
2024-06-04,S005,Kids,13,933.3,614.31,318.99,-0.1423
2024-06-04,S006,Home,1,52.85,36.67,16.18,-0.077
2024-06-04,S007,Kids,15,1749.56,1075.01,674.55,0.0824
2024-06-04,S008,Mens,12,1546.37,786.7,759.67,0.027
2024-06-04,S009,Shoes,11,1049.97,538.25,511.72,-0.0165
2024-06-04,S010,Womens,21,575.64,357.75,217.89,0.0216
2024-06-04,S011,Kids,14,1522.93,688.4,834.53,0.0967
2024-06-04,S012,Shoes,3,361.28,252.13,109.15,0.0625
2024-06-04,S013,Shoes,19,893.71,499.94,393.77,0.1924
2024-06-04,S014,Electronics,18,915.25,513.78,401.47,0.1349
2024-06-04,S015,Womens,17,2384.15,1129.17,1254.98,-0.0017
2024-06-04,S016,Kids,2,96.19,55.45,40.74,-0.1371
2024-06-04,S017,Mens,14,1967.67,1156.87,810.8,0.1685
2024-06-04,S018,Shoes,7,665.06,381.57,283.49,0.2283
2024-06-04,S019,Electronics,20,2272.47,1048.95,1223.52,0.0699
2024-06-04,S020,Mens,8,1122.07,577.12,544.95,-0.0421
2024-06-05,S001,Kids,10,324.4,215.52,108.88,0.0733
2024-06-05,S002,Home,19,2416.86,1258.0,1158.86,0.0691
2024-06-05,S003,Home,13,936.19,451.98,484.21,0.2377
2024-06-05,S004,Electronics,7,281.76,187.71,94.05,0.0062
2024-06-05,S005,Electronics,22,1110.21,512.0,598.21,-0.0428
2024-06-05,S006,Mens,19,2565.66,1295.14,1270.52,0.1214
2024-06-05,S007,Electronics,16,1434.35,953.61,480.74,-0.1094
2024-06-05,S008,Electronics,17,1871.04,1182.67,688.37,0.2087
2024-06-05,S009,Kids,23,784.99,470.65,314.34,0.0977
2024-06-05,S010,Home,24,1646.06,981.12,664.94,0.1452
2024-06-05,S011,Electronics,12,835.54,465.61,369.93,-0.0593
2024-06-05,S012,Home,6,778.87,378.77,400.1,-0.1381
2024-06-05,S013,Kids,19,1636.11,956.24,679.87,0.1623
2024-06-05,S014,Kids,8,640.46,443.3,197.16,0.1189
2024-06-05,S015,Electronics,15,1082.16,696.35,385.81,0.2387
2024-06-05,S016,Mens,1,69.71,47.15,22.56,-0.0861
2024-06-05,S017,Kids,23,3167.1,2075.71,1091.39,0.239
2024-06-05,S018,Womens,9,262.95,163.25,99.7,0.0924
2024-06-05,S019,Electronics,10,1417.95,704.26,713.69,-0.0706
2024-06-05,S020,Womens,6,488.21,221.94,266.27,-0.0908
2024-06-06,S001,Electronics,3,144.97,76.44,68.53,0.2043
2024-06-06,S002,Electronics,19,1121.37,542.06,579.31,0.0457
2024-06-06,S003,Home,1,29.83,16.59,13.24,-0.1429
2024-06-06,S004,Shoes,7,561.39,294.48,266.91,0.188
2024-06-06,S005,Shoes,7,851.04,526.31,324.73,0.0937
2024-06-06,S006,Home,15,1071.13,631.91,439.22,-0.1412
2024-06-06,S007,Home,20,1858.74,1164.04,694.7,-0.0441
2024-06-06,S008,Electronics,5,529.97,252.32,277.65,0.0316
2024-06-06,S009,Kids,20,2038.64,1229.74,808.9,0.1377
2024-06-06,S010,Kids,2,212.16,146.83,65.33,-0.0923
2024-06-06,S011,Electronics,10,533.64,319.03,214.61,0.0687
2024-06-06,S012,Electronics,16,929.26,616.29,312.97,-0.062
2024-06-06,S013,Shoes,13,222.39,111.78,110.61,0.0574
2024-06-06,S014,Home,2,98.69,46.19,52.5,0.1479
2024-06-06,S015,Electronics,14,2095.91,1414.75,681.16,0.2204
2024-06-06,S016,Mens,12,1177.11,567.53,609.58,0.0989
2024-06-06,S017,Shoes,9,1210.64,690.62,520.02,0.129
2024-06-06,S018,Mens,19,1655.35,869.58,785.77,-0.036
2024-06-06,S019,Mens,24,362.07,205.17,156.9,0.0446
2024-06-06,S020,Womens,1,20.37,13.05,7.32,-0.0826
2024-06-07,S001,Mens,2,53.13,36.49,16.64,-0.0333
2024-06-07,S002,Electronics,15,1755.64,822.07,933.57,0.1961
2024-06-07,S003,Kids,11,1028.22,657.41,370.81,-0.0436
2024-06-07,S004,Shoes,9,735.54,503.28,232.26,-0.1495
2024-06-07,S005,Home,13,741.67,376.04,365.63,-0.0232
2024-06-07,S006,Kids,20,1148.65,541.21,607.44,0.0358
2024-06-07,S007,Electronics,16,1101.71,542.39,559.32,0.0543
2024-06-07,S008,Electronics,16,1796.82,1092.15,704.67,-0.1101
2024-06-07,S009,Womens,14,2017.84,1306.08,711.76,0.1396
2024-06-07,S010,Electronics,22,3031.29,1991.46,1039.83,-0.0845
2024-06-07,S011,Mens,11,569.29,267.69,301.6,0.1127
2024-06-07,S012,Womens,7,194.71,103.14,91.57,0.2471
2024-06-07,S013,Electronics,24,783.53,416.39,367.14,0.0809
2024-06-07,S014,Mens,19,2243.38,1187.99,1055.39,-0.0917
2024-06-07,S015,Mens,1,27.93,16.02,11.91,0.1777
2024-06-07,S016,Womens,23,3256.56,1580.74,1675.82,0.0003
2024-06-07,S017,Mens,6,787.3,450.41,336.89,-0.1393
2024-06-07,S018,Home,7,472.32,275.26,197.06,0.2075
2024-06-07,S019,Kids,12,569.23,293.61,275.62,-0.0148
2024-06-07,S020,Home,19,816.98,556.8,260.18,-0.0637
2024-06-08,S001,Shoes,18,952.9,491.3,461.6,-0.061
2024-06-08,S002,Womens,5,702.41,448.95,253.46,-0.1292
2024-06-08,S003,Home,20,2982.96,1435.75,1547.21,0.0953
2024-06-08,S004,Electronics,18,907.9,577.78,330.12,0.2411
2024-06-08,S005,Mens,3,389.49,176.14,213.35,-0.1353
2024-06-08,S006,Home,9,289.55,158.96,130.59,-0.0414
2024-06-08,S007,Kids,6,189.84,123.67,66.17,-0.1463
2024-06-08,S008,Kids,9,850.68,436.88,413.8,-0.0464
2024-06-08,S009,Mens,19,1959.15,941.03,1018.12,-0.0798
2024-06-08,S010,Womens,4,585.82,321.78,264.04,0.0896
2024-06-08,S011,Mens,14,564.03,379.53,184.5,-0.147
2024-06-08,S012,Womens,23,2480.0,1731.6,748.4,0.0083
2024-06-08,S013,Mens,23,3335.04,2194.07,1140.97,0.0354
2024-06-08,S014,Womens,3,96.89,56.0,40.89,-0.0384
2024-06-08,S015,Kids,7,228.81,142.95,85.86,0.0325
2024-06-08,S016,Kids,15,508.04,302.72,205.32,0.244
2024-06-08,S017,Electronics,23,1232.2,822.33,409.87,-0.1211
2024-06-08,S018,Kids,2,171.56,94.71,76.85,-0.0261
2024-06-08,S019,Electronics,24,3058.6,1570.5,1488.1,-0.0175
2024-06-08,S020,Electronics,5,84.63,57.21,27.42,-0.1323
2024-06-09,S001,Electronics,22,2020.45,1170.77,849.68,0.1118
2024-06-09,S002,Kids,13,311.92,180.61,131.31,-0.0116
2024-06-09,S003,Shoes,3,241.67,136.92,104.75,0.1118
2024-06-09,S004,Electronics,10,1390.62,858.69,531.93,-0.1446
2024-06-09,S005,Mens,20,2143.66,1374.3,769.36,0.1859
2024-06-09,S006,Kids,16,2174.07,1391.78,782.29,-0.1307
2024-06-09,S007,Kids,16,829.73,453.47,376.26,-0.086
2024-06-09,S008,Electronics,18,1773.19,1169.48,603.71,0.0563
2024-06-09,S009,Kids,2,169.41,105.52,63.89,-0.1308
2024-06-09,S010,Womens,22,918.38,424.53,493.85,-0.1066
2024-06-09,S011,Womens,5,586.93,313.22,273.71,0.0016
2024-06-09,S012,Electronics,16,700.11,333.21,366.9,-0.0126
2024-06-09,S013,Mens,10,711.32,491.66,219.66,0.144
2024-06-09,S014,Home,6,109.47,67.06,42.41,-0.0658
2024-06-09,S015,Mens,6,340.92,227.82,113.1,-0.0152
2024-06-09,S016,Womens,4,291.85,194.2,97.65,-0.0897
2024-06-09,S017,Kids,2,55.24,27.77,27.47,-0.0545
2024-06-09,S018,Shoes,13,332.08,184.92,147.16,0.063
2024-06-09,S019,Womens,16,2395.02,1528.85,866.17,0.2383
2024-06-09,S020,Electronics,8,883.85,415.36,468.49,0.0108
2024-06-10,S001,Electronics,10,833.77,450.44,383.33,0.1634
2024-06-10,S002,Mens,8,751.28,421.85,329.43,-0.0609
2024-06-10,S003,Kids,6,707.41,410.37,297.04,-0.0683
2024-06-10,S004,Kids,22,2603.1,1754.27,848.83,0.1659
2024-06-10,S005,Mens,10,959.58,511.5,448.08,-0.1463
2024-06-10,S006,Mens,19,2446.57,1259.07,1187.5,-0.0361
2024-06-10,S007,Mens,23,1522.06,688.57,833.49,-0.0365
2024-06-10,S008,Shoes,1,28.88,13.56,15.32,0.0873
2024-06-10,S009,Kids,15,956.52,636.57,319.95,0.0197
2024-06-10,S010,Electronics,18,1479.99,813.56,666.43,0.1502
2024-06-10,S011,Shoes,3,309.05,176.69,132.36,0.1662
2024-06-10,S012,Shoes,22,3156.04,1991.94,1164.1,0.17
2024-06-10,S013,Mens,21,2956.17,1874.89,1081.28,0.1276
2024-06-10,S014,Womens,10,290.42,172.34,118.08,0.0805
2024-06-10,S015,Mens,2,251.25,130.39,120.86,-0.0097
2024-06-10,S016,Kids,6,564.27,303.03,261.24,0.113
2024-06-10,S017,Womens,3,290.29,166.15,124.14,0.0455
2024-06-10,S018,Kids,10,407.55,216.1,191.45,0.0177
2024-06-10,S019,Womens,5,351.08,203.98,147.1,-0.0961
2024-06-10,S020,Womens,10,356.29,216.17,140.12,-0.1206
2024-06-11,S001,Shoes,3,181.83,85.36,96.47,-0.0733
2024-06-11,S002,Electronics,15,1548.2,845.48,702.72,0.1191
2024-06-11,S003,Womens,7,316.21,209.27,106.94,0.0468
2024-06-11,S004,Shoes,17,591.68,390.65,201.03,-0.0915
2024-06-11,S005,Home,19,1500.02,958.31,541.71,0.2021
2024-06-11,S006,Kids,9,676.59,345.8,330.79,0.0611
2024-06-11,S007,Electronics,12,1580.47,951.18,629.29,-0.1499
2024-06-11,S008,Womens,15,893.68,473.7,419.98,0.0032
2024-06-11,S009,Mens,20,1493.56,906.83,586.73,-0.0913
2024-06-11,S010,Kids,10,487.78,307.81,179.97,0.08
2024-06-11,S011,Electronics,17,663.96,305.64,358.32,0.1737
2024-06-11,S012,Womens,18,1039.7,500.71,538.99,0.0436
2024-06-11,S013,Kids,12,1317.16,912.11,405.05,0.024
2024-06-11,S014,Mens,14,909.17,597.08,312.09,-0.0875
2024-06-11,S015,Mens,3,338.61,153.7,184.91,-0.0342
2024-06-11,S016,Mens,11,441.14,231.9,209.24,0.0444
2024-06-11,S017,Electronics,4,117.25,80.26,36.99,-0.1323
2024-06-11,S018,Electronics,22,542.13,307.29,234.84,-0.0798
2024-06-11,S019,Womens,11,351.96,198.22,153.74,0.0562
2024-06-11,S020,Home,23,3386.02,1741.91,1644.11,0.0335
2024-06-12,S001,Electronics,13,686.38,313.81,372.57,0.0159
2024-06-12,S002,Shoes,17,1327.16,831.08,496.08,-0.0265
2024-06-12,S003,Shoes,16,797.23,389.18,408.05,0.2047
2024-06-12,S004,Home,18,1633.05,826.5,806.55,0.0541
2024-06-12,S005,Shoes,16,1665.61,869.85,795.76,-0.0937
2024-06-12,S006,Womens,24,2431.63,1624.86,806.77,0.0138
2024-06-12,S007,Womens,23,2694.25,1773.15,921.1,0.2022
2024-06-12,S008,Kids,2,262.4,119.09,143.31,-0.1071
2024-06-12,S009,Electronics,2,214.36,144.55,69.81,-0.017
2024-06-12,S010,Womens,11,185.17,99.49,85.68,-0.0972
2024-06-12,S011,Home,4,555.92,358.26,197.66,0.2406
2024-06-12,S012,Mens,15,510.12,295.96,214.16,0.1816
2024-06-12,S013,Womens,23,637.56,337.14,300.42,0.2001
2024-06-12,S014,Shoes,10,908.56,507.29,401.27,0.0336
2024-06-12,S015,Home,13,1717.33,780.61,936.72,-0.0986
2024-06-12,S016,Mens,4,499.21,236.97,262.24,-0.1222
2024-06-12,S017,Womens,4,472.78,298.32,174.46,0.076
2024-06-12,S018,Womens,12,1422.05,928.58,493.47,0.1753
2024-06-12,S019,Home,18,1382.98,921.3,461.68,0.2204
2024-06-12,S020,Womens,23,3316.87,1530.97,1785.9,0.2025
2024-06-13,S001,Kids,14,1201.28,581.72,619.56,0.0761
2024-06-13,S002,Home,11,890.45,556.86,333.59,0.2446
2024-06-13,S003,Womens,23,1953.96,1134.18,819.78,0.0658
2024-06-13,S004,Kids,2,32.37,14.58,17.79,-0.1109
2024-06-13,S005,Kids,21,2313.38,1159.53,1153.85,0.2079
2024-06-13,S006,Womens,19,1779.69,867.25,912.44,0.1851
2024-06-13,S007,Shoes,13,1013.08,508.8,504.28,0.229
2024-06-13,S008,Shoes,9,1056.79,501.34,555.45,-0.1339
2024-06-13,S009,Kids,7,589.99,328.24,261.75,0.2062
2024-06-13,S010,Mens,24,3455.13,1813.68,1641.45,-0.0344
2024-06-13,S011,Shoes,10,354.75,166.91,187.84,0.0226
2024-06-13,S012,Kids,4,448.16,226.91,221.25,-0.0835
2024-06-13,S013,Kids,13,1771.48,931.99,839.49,0.0501
2024-06-13,S014,Shoes,13,496.57,267.92,228.65,-0.0728
2024-06-13,S015,Shoes,15,1215.26,789.29,425.97,0.0776
2024-06-13,S016,Home,20,2018.67,1256.29,762.38,0.117
2024-06-13,S017,Mens,2,216.12,101.02,115.1,0.1939
2024-06-13,S018,Womens,12,1526.85,702.45,824.4,-0.0556
2024-06-13,S019,Mens,1,120.33,76.89,43.44,0.1755
2024-06-13,S020,Electronics,3,248.0,155.3,92.7,-0.0878
2024-06-14,S001,Shoes,22,1610.67,899.55,711.12,0.0493
2024-06-14,S002,Kids,8,807.66,542.22,265.44,0.1214
2024-06-14,S003,Womens,5,455.55,264.81,190.74,0.1396
2024-06-14,S004,Kids,20,2823.2,1774.34,1048.86,-0.1353
2024-06-14,S005,Electronics,20,359.76,218.4,141.36,0.0829
2024-06-14,S006,Kids,17,1197.89,650.33,547.56,-0.0313
2024-06-14,S007,Mens,18,591.45,283.03,308.42,-0.0538
2024-06-14,S008,Kids,6,726.19,409.98,316.21,-0.135
2024-06-14,S009,Mens,15,882.27,437.36,444.91,-0.0927
2024-06-14,S010,Kids,24,3557.27,1640.71,1916.56,-0.0899
2024-06-14,S011,Mens,4,160.62,86.89,73.73,-0.0984
2024-06-14,S012,Shoes,11,247.63,161.02,86.61,-0.0462
2024-06-14,S013,Mens,12,898.81,409.42,489.39,-0.1339
2024-06-14,S014,Womens,11,1067.4,620.12,447.28,0.2277
2024-06-14,S015,Womens,19,2822.44,1813.14,1009.3,0.2348
2024-06-14,S016,Shoes,5,551.91,353.29,198.62,0.0593
2024-06-14,S017,Shoes,13,1676.02,1036.2,639.82,-0.0282
2024-06-14,S018,Womens,6,847.88,505.79,342.09,-0.0307
2024-06-14,S019,Mens,24,2293.89,1562.64,731.25,0.2182
2024-06-14,S020,Shoes,9,1028.78,662.41,366.37,0.1735
2024-06-15,S001,Home,7,824.78,393.13,431.65,-0.1033
2024-06-15,S002,Electronics,20,2388.16,1105.75,1282.41,-0.1347
2024-06-15,S003,Womens,17,1617.12,811.58,805.54,-0.0451
2024-06-15,S004,Kids,18,566.57,266.11,300.46,0.122
2024-06-15,S005,Home,9,876.77,443.81,432.96,0.0952
2024-06-15,S006,Kids,16,1825.67,1104.93,720.74,0.2377
2024-06-15,S007,Mens,7,1003.78,586.79,416.99,0.1188
2024-06-15,S008,Shoes,21,834.46,377.36,457.1,-0.0121
2024-06-15,S009,Shoes,12,478.78,274.36,204.42,-0.0146
2024-06-15,S010,Home,7,916.42,623.03,293.39,-0.0086
2024-06-15,S011,Kids,11,1138.02,608.93,529.09,-0.021
2024-06-15,S012,Electronics,4,138.61,91.18,47.43,-0.0105
2024-06-15,S013,Electronics,3,407.09,233.73,173.36,0.0677
2024-06-15,S014,Shoes,15,2020.62,994.89,1025.73,0.0393
2024-06-15,S015,Home,21,1480.02,888.77,591.25,0.104
2024-06-15,S016,Mens,22,1410.84,656.58,754.26,0.1909
2024-06-15,S017,Mens,16,975.37,514.99,460.38,0.2124
2024-06-15,S018,Kids,22,2607.17,1610.39,996.78,-0.1302
2024-06-15,S019,Home,6,507.2,315.93,191.27,-0.119
2024-06-15,S020,Mens,15,507.29,281.38,225.91,0.2025
2024-06-16,S001,Womens,2,132.49,61.22,71.27,0.1189
2024-06-16,S002,Electronics,11,1519.02,955.96,563.06,-0.1079
2024-06-16,S003,Electronics,8,321.8,173.41,148.39,-0.0558
2024-06-16,S004,Mens,19,1866.91,988.86,878.05,0.1209
2024-06-16,S005,Kids,4,246.84,138.92,107.92,0.1494
2024-06-16,S006,Electronics,1,85.76,39.3,46.46,0.0374
2024-06-16,S007,Shoes,7,446.7,305.15,141.55,0.1022
2024-06-16,S008,Womens,17,1992.7,948.24,1044.46,-0.0575
2024-06-16,S009,Mens,4,151.86,87.13,64.73,0.0385
2024-06-16,S010,Electronics,20,333.88,210.97,122.91,-0.0263
2024-06-16,S011,Home,22,1723.24,959.32,763.92,0.056
2024-06-16,S012,Kids,13,1012.12,632.97,379.15,0.1374
2024-06-16,S013,Electronics,7,239.63,146.21,93.42,0.1592
2024-06-16,S014,Kids,13,1227.04,622.54,604.5,0.1081
2024-06-16,S015,Shoes,9,1252.26,768.17,484.09,-0.0387
2024-06-16,S016,Shoes,16,2068.62,1104.37,964.25,0.0602
2024-06-16,S017,Home,14,1636.06,807.35,828.71,0.0761
2024-06-16,S018,Womens,2,235.42,156.01,79.41,-0.0472
2024-06-16,S019,Mens,12,987.68,576.15,411.53,0.1138
2024-06-16,S020,Womens,24,2697.59,1255.71,1441.88,0.0373
2024-06-17,S001,Womens,24,843.05,586.98,256.07,0.2057
2024-06-17,S002,Womens,6,403.28,258.66,144.62,0.2035
2024-06-17,S003,Electronics,6,366.7,204.73,161.97,-0.0927
2024-06-17,S004,Womens,13,424.18,209.92,214.26,-0.0689
2024-06-17,S005,Shoes,11,1115.79,778.38,337.41,0.2017
2024-06-17,S006,Kids,14,551.66,329.75,221.91,-0.1141
2024-06-17,S007,Home,11,1642.21,1075.29,566.92,0.0723
2024-06-17,S008,Kids,15,1915.94,1310.49,605.45,0.2457
2024-06-17,S009,Electronics,24,3570.57,1745.94,1824.63,-0.0486
2024-06-17,S010,Womens,17,2017.42,1338.02,679.4,0.1616
2024-06-17,S011,Shoes,23,2142.4,1243.72,898.68,-0.1465
2024-06-17,S012,Kids,2,256.17,129.34,126.83,-0.0095
2024-06-17,S013,Kids,12,287.98,194.26,93.72,-0.0248
2024-06-17,S014,Kids,13,1754.73,993.34,761.39,0.0564
2024-06-17,S015,Shoes,9,471.15,289.28,181.87,-0.1021
2024-06-17,S016,Shoes,15,611.27,381.13,230.14,0.0911
2024-06-17,S017,Electronics,7,921.19,486.81,434.38,-0.0519
2024-06-17,S018,Womens,24,417.0,215.59,201.41,0.0002
2024-06-17,S019,Shoes,10,1433.1,901.59,531.51,0.047
2024-06-17,S020,Electronics,16,1134.24,595.14,539.1,0.2303
2024-06-18,S001,Womens,22,1358.79,916.87,441.92,0.1393
2024-06-18,S002,Shoes,16,289.9,167.89,122.01,0.0437
2024-06-18,S003,Home,9,1093.64,582.42,511.22,0.0643
2024-06-18,S004,Shoes,10,876.94,426.61,450.33,0.0712
2024-06-18,S005,Shoes,19,1285.85,738.9,546.95,0.2003
2024-06-18,S006,Home,1,25.97,17.4,8.57,-0.1294
2024-06-18,S007,Mens,20,1393.84,931.27,462.57,0.0599
2024-06-18,S008,Mens,10,1117.56,533.7,583.86,0.1658
2024-06-18,S009,Kids,22,2590.98,1784.04,806.94,-0.0014
2024-06-18,S010,Kids,14,570.6,371.91,198.69,0.113
2024-06-18,S011,Electronics,8,410.92,214.09,196.83,-0.1004
2024-06-18,S012,Shoes,8,1194.07,540.92,653.15,0.0664
2024-06-18,S013,Shoes,5,526.3,287.93,238.37,-0.048
2024-06-18,S014,Kids,12,270.77,149.51,121.26,-0.129
2024-06-18,S015,Kids,8,451.88,263.63,188.25,-0.0963
2024-06-18,S016,Womens,11,447.14,239.6,207.54,0.0954
2024-06-18,S017,Mens,2,97.8,66.39,31.41,0.191
2024-06-18,S018,Shoes,10,295.83,172.68,123.15,0.0722
2024-06-18,S019,Mens,21,770.18,476.88,293.3,0.0666
2024-06-18,S020,Shoes,5,116.83,78.51,38.32,0.1975
2024-06-19,S001,Shoes,18,2435.25,1457.3,977.95,0.1724
2024-06-19,S002,Mens,4,121.24,67.7,53.54,0.0329
2024-06-19,S003,Kids,15,1930.27,1155.02,775.25,0.0139
2024-06-19,S004,Womens,8,700.18,392.07,308.11,0.1588
2024-06-19,S005,Shoes,16,1884.81,1082.66,802.15,-0.0401
2024-06-19,S006,Womens,22,2017.64,1108.91,908.73,0.2411
2024-06-19,S007,Kids,13,1164.23,731.24,432.99,0.0438
2024-06-19,S008,Home,7,612.73,420.37,192.36,0.014
2024-06-19,S009,Home,14,2058.48,1353.41,705.07,0.1136
2024-06-19,S010,Womens,20,2619.06,1765.14,853.92,0.2325
2024-06-19,S011,Womens,9,839.75,471.23,368.52,0.1599
2024-06-19,S012,Shoes,13,1139.44,537.62,601.82,0.2204
2024-06-19,S013,Kids,9,576.45,350.13,226.32,0.1195
2024-06-19,S014,Kids,23,2943.7,1538.04,1405.66,-0.0753
2024-06-19,S015,Mens,23,1045.35,519.85,525.5,0.0968
2024-06-19,S016,Kids,16,1464.21,743.01,721.2,-0.1348
2024-06-19,S017,Electronics,13,797.27,493.47,303.8,-0.1108
2024-06-19,S018,Kids,19,443.17,309.78,133.39,0.0048
2024-06-19,S019,Home,8,511.76,232.46,279.3,0.0588
2024-06-19,S020,Home,12,678.87,352.78,326.09,0.0074
2024-06-20,S001,Home,24,1930.98,1298.83,632.15,-0.0312
2024-06-20,S002,Womens,17,1289.58,796.25,493.33,-0.0424
2024-06-20,S003,Home,13,1440.7,832.99,607.71,0.2223
2024-06-20,S004,Kids,2,121.42,61.44,59.98,-0.0064
2024-06-20,S005,Home,7,652.54,423.85,228.69,0.1646
2024-06-20,S006,Electronics,16,2375.72,1421.78,953.94,0.0098
2024-06-20,S007,Kids,19,2088.55,1125.19,963.36,0.2071
2024-06-20,S008,Kids,22,2247.92,1129.34,1118.58,0.0169
2024-06-20,S009,Home,17,908.07,539.27,368.8,-0.1007
2024-06-20,S010,Electronics,10,1138.16,524.36,613.8,0.1203
2024-06-20,S011,Shoes,19,2242.96,1021.75,1221.21,0.0606
2024-06-20,S012,Mens,7,836.63,503.45,333.18,-0.1409
2024-06-20,S013,Mens,12,235.4,154.12,81.28,-0.0699
2024-06-20,S014,Home,4,311.98,173.14,138.84,0.2059
2024-06-20,S015,Home,7,176.2,120.99,55.21,0.2182
2024-06-20,S016,Womens,14,1094.32,517.85,576.47,0.1663
2024-06-20,S017,Kids,16,955.37,524.53,430.84,0.0845
2024-06-20,S018,Shoes,12,402.29,197.17,205.12,-0.1192
2024-06-20,S019,Kids,23,2566.58,1674.01,892.57,0.031
2024-06-20,S020,Home,6,116.45,54.42,62.03,-0.047
2024-06-21,S001,Mens,23,1562.56,749.37,813.19,0.1623
2024-06-21,S002,Home,13,1377.54,822.7,554.84,0.0805
2024-06-21,S003,Shoes,4,203.47,139.16,64.31,0.0332
2024-06-21,S004,Shoes,16,1396.92,831.85,565.07,0.2136
2024-06-21,S005,Shoes,2,280.18,171.75,108.43,0.2151
2024-06-21,S006,Home,21,2264.3,1220.52,1043.78,-0.0536
2024-06-21,S007,Womens,16,985.31,477.27,508.04,0.2493
2024-06-21,S008,Womens,5,372.77,209.88,162.89,-0.0297
2024-06-21,S009,Home,4,483.31,257.66,225.65,0.0865
2024-06-21,S010,Electronics,19,2366.65,1463.74,902.91,-0.0533
2024-06-21,S011,Home,24,1662.0,1138.0,524.0,0.0929
2024-06-21,S012,Electronics,5,413.95,275.54,138.41,0.1186
2024-06-21,S013,Mens,21,1024.88,688.81,336.07,0.1522
2024-06-21,S014,Shoes,2,202.25,134.08,68.17,-0.0056
2024-06-21,S015,Womens,15,897.98,506.3,391.68,0.0634
2024-06-21,S016,Shoes,11,975.89,644.5,331.39,-0.082
2024-06-21,S017,Kids,5,674.81,398.22,276.59,0.0834
2024-06-21,S018,Kids,8,712.89,356.1,356.79,0.0687
2024-06-21,S019,Electronics,6,234.02,108.31,125.71,0.1232
2024-06-21,S020,Home,22,2547.84,1504.92,1042.92,-0.1167
2024-06-22,S001,Kids,23,1026.01,527.85,498.16,0.0762
2024-06-22,S002,Womens,1,42.43,19.81,22.62,-0.0814
2024-06-22,S003,Kids,6,469.52,313.09,156.43,0.1895
2024-06-22,S004,Kids,17,1876.85,935.02,941.83,0.1254
2024-06-22,S005,Electronics,1,139.83,66.54,73.29,0.0672
2024-06-22,S006,Womens,15,774.62,473.65,300.97,-0.0575
2024-06-22,S007,Electronics,9,628.34,389.16,239.18,0.1411
2024-06-22,S008,Mens,7,958.71,486.82,471.89,-0.1156
2024-06-22,S009,Womens,9,639.04,372.99,266.05,-0.1419
2024-06-22,S010,Womens,10,1016.28,639.49,376.79,0.083
2024-06-22,S011,Mens,1,104.45,67.0,37.45,0.0315
2024-06-22,S012,Home,19,1669.01,772.88,896.13,0.1471
2024-06-22,S013,Mens,4,135.62,83.77,51.85,-0.0555
2024-06-22,S014,Womens,1,29.85,16.15,13.7,0.0821
2024-06-22,S015,Home,18,2218.77,1416.29,802.48,0.1283
2024-06-22,S016,Womens,17,1093.17,594.57,498.6,0.0512
2024-06-22,S017,Electronics,12,225.37,153.92,71.45,0.0592
2024-06-22,S018,Home,2,122.47,57.46,65.01,0.0072
2024-06-22,S019,Womens,8,534.42,256.41,278.01,-0.052
2024-06-22,S020,Mens,4,496.05,239.99,256.06,0.0881
2024-06-23,S001,Mens,24,1544.31,724.41,819.9,0.1121
2024-06-23,S002,Electronics,24,1951.71,1026.35,925.36,0.0736
2024-06-23,S003,Shoes,15,341.81,169.74,172.07,0.0742
2024-06-23,S004,Electronics,3,258.1,124.41,133.69,0.0399
2024-06-23,S005,Womens,6,451.2,210.88,240.32,0.044
2024-06-23,S006,Home,14,704.46,479.31,225.15,0.0171
2024-06-23,S007,Electronics,10,298.05,157.88,140.17,-0.0795
2024-06-23,S008,Mens,6,180.43,101.09,79.34,-0.0085
2024-06-23,S009,Womens,20,2028.94,1150.56,878.38,0.1932
2024-06-23,S010,Womens,8,1089.48,753.48,336.0,-0.0051
2024-06-23,S011,Electronics,22,411.63,213.4,198.23,-0.0423
2024-06-23,S012,Kids,2,221.88,154.3,67.58,0.1346
2024-06-23,S013,Womens,16,1749.68,1224.54,525.14,0.1341
2024-06-23,S014,Shoes,18,1177.66,552.79,624.87,0.0887
2024-06-23,S015,Mens,17,1112.11,706.99,405.12,0.046
2024-06-23,S016,Shoes,1,69.94,39.01,30.93,0.2372
2024-06-23,S017,Electronics,8,912.57,486.0,426.57,-0.0997
2024-06-23,S018,Kids,13,1513.05,823.73,689.32,0.1977
2024-06-23,S019,Womens,6,373.37,261.2,112.17,0.043
2024-06-23,S020,Mens,23,608.6,315.14,293.46,0.1571
2024-06-24,S001,Home,24,898.54,467.5,431.04,0.0585
2024-06-24,S002,Mens,9,390.49,184.29,206.2,-0.0877
2024-06-24,S003,Mens,7,784.25,361.9,422.35,-0.0687
2024-06-24,S004,Home,11,525.85,269.31,256.54,0.0015
2024-06-24,S005,Shoes,24,3317.66,1660.67,1656.99,0.0672
2024-06-24,S006,Shoes,4,69.23,38.21,31.02,-0.0588
2024-06-24,S007,Home,13,1274.9,890.87,384.03,-0.0789
2024-06-24,S008,Womens,12,1651.21,964.1,687.11,0.1931
2024-06-24,S009,Electronics,21,2600.16,1306.18,1293.98,-0.0329
2024-06-24,S010,Home,10,698.83,465.74,233.09,0.2256
2024-06-24,S011,Womens,7,544.29,376.89,167.4,-0.0714
2024-06-24,S012,Shoes,22,371.05,217.56,153.49,0.0192
2024-06-24,S013,Kids,23,3193.41,1807.26,1386.15,-0.1086
2024-06-24,S014,Mens,3,197.2,117.22,79.98,0.0255
2024-06-24,S015,Electronics,21,3132.98,1835.57,1297.41,0.0395
2024-06-24,S016,Shoes,7,283.83,185.06,98.77,-0.0457
2024-06-24,S017,Womens,11,568.23,260.42,307.81,0.0568
2024-06-24,S018,Electronics,1,97.43,67.39,30.04,0.1183
2024-06-24,S019,Kids,18,2214.38,1351.73,862.65,0.1176
2024-06-24,S020,Shoes,20,1849.32,1047.64,801.68,0.1047
2024-06-25,S001,Home,14,1375.35,699.31,676.04,-0.118
2024-06-25,S002,Mens,20,1942.46,1049.97,892.49,0.1509
2024-06-25,S003,Womens,24,1934.65,1067.48,867.17,0.1102
2024-06-25,S004,Womens,10,548.46,331.17,217.29,0.0001
2024-06-25,S005,Kids,11,966.38,455.94,510.44,0.1455
2024-06-25,S006,Electronics,23,3370.2,1806.74,1563.46,0.1093
2024-06-25,S007,Shoes,4,542.91,359.24,183.67,-0.0534
2024-06-25,S008,Home,20,890.08,539.72,350.36,0.0069
2024-06-25,S009,Womens,16,1274.28,646.16,628.12,0.0027
2024-06-25,S010,Womens,20,505.44,303.72,201.72,0.2225
2024-06-25,S011,Mens,2,120.71,70.69,50.02,-0.0732
2024-06-25,S012,Shoes,11,579.26,302.52,276.74,0.1455
2024-06-25,S013,Womens,1,66.43,36.66,29.77,0.044
2024-06-25,S014,Womens,4,259.63,130.67,128.96,0.2039
2024-06-25,S015,Womens,6,106.21,62.3,43.91,-0.0133
2024-06-25,S016,Mens,2,202.5,100.78,101.72,0.2151
2024-06-25,S017,Shoes,2,255.38,117.04,138.34,-0.0426
2024-06-25,S018,Electronics,12,727.9,388.89,339.01,-0.1375
2024-06-25,S019,Home,10,1121.77,738.63,383.14,0.008
2024-06-25,S020,Mens,19,1896.48,1067.09,829.39,-0.1185
2024-06-26,S001,Shoes,13,436.84,269.88,166.96,0.2417
2024-06-26,S002,Shoes,1,43.9,26.62,17.28,0.0552
2024-06-26,S003,Home,23,497.9,241.03,256.87,-0.117
2024-06-26,S004,Kids,14,710.28,448.5,261.78,-0.0643
2024-06-26,S005,Kids,9,314.28,178.63,135.65,0.1662
2024-06-26,S006,Shoes,15,1920.17,1173.3,746.87,0.009
2024-06-26,S007,Kids,5,700.04,353.13,346.91,0.1273
2024-06-26,S008,Womens,16,1502.45,1015.1,487.35,0.1817
2024-06-26,S009,Electronics,12,232.78,126.49,106.29,0.1028
2024-06-26,S010,Womens,24,1394.59,677.92,716.67,0.0712
2024-06-26,S011,Home,13,603.92,332.0,271.92,0.1642
2024-06-26,S012,Kids,22,972.98,466.28,506.7,0.0496
2024-06-26,S013,Shoes,10,1031.3,523.94,507.36,0.0247
2024-06-26,S014,Mens,11,636.91,335.97,300.94,0.1492
2024-06-26,S015,Womens,10,1341.99,707.02,634.97,0.1268
2024-06-26,S016,Kids,3,106.35,58.51,47.84,0.0431
2024-06-26,S017,Mens,16,935.76,581.67,354.09,-0.0637
2024-06-26,S018,Electronics,7,988.62,584.57,404.05,0.0946
2024-06-26,S019,Home,4,552.51,312.25,240.26,-0.1336
2024-06-26,S020,Shoes,23,552.95,368.75,184.2,0.0067
2024-06-27,S001,Kids,19,2082.19,948.92,1133.27,0.1949
2024-06-27,S002,Shoes,14,1181.97,708.34,473.63,0.033
2024-06-27,S003,Womens,2,156.31,82.51,73.8,0.0252
2024-06-27,S004,Mens,24,1130.87,788.4,342.47,0.0503
2024-06-27,S005,Shoes,7,555.83,370.52,185.31,-0.1413
2024-06-27,S006,Mens,4,439.54,282.25,157.29,0.0008
2024-06-27,S007,Home,23,2796.11,1782.94,1013.17,0.2384
2024-06-27,S008,Mens,1,115.01,75.8,39.21,-0.1281
2024-06-27,S009,Mens,6,618.71,359.87,258.84,-0.0763
2024-06-27,S010,Kids,20,1226.77,670.88,555.89,0.119
2024-06-27,S011,Home,18,486.95,266.29,220.66,-0.1122
2024-06-27,S012,Shoes,2,31.94,15.82,16.12,-0.0178
2024-06-27,S013,Mens,8,862.09,495.4,366.69,-0.0737
2024-06-27,S014,Womens,20,1400.08,766.56,633.52,0.1739
2024-06-27,S015,Electronics,13,296.9,197.16,99.74,0.2342
2024-06-27,S016,Womens,22,1412.17,966.84,445.33,0.1151
2024-06-27,S017,Electronics,8,947.12,515.98,431.14,0.0415
2024-06-27,S018,Womens,22,1197.28,771.68,425.6,0.2076
2024-06-27,S019,Womens,12,933.58,440.3,493.28,-0.1272
2024-06-27,S020,Womens,15,1164.24,701.2,463.04,-0.1474
2024-06-28,S001,Home,8,513.05,339.65,173.4,0.064
2024-06-28,S002,Home,21,2576.1,1616.39,959.71,0.061
2024-06-28,S003,Shoes,6,160.86,98.76,62.1,0.2145
2024-06-28,S004,Electronics,11,556.31,375.83,180.48,-0.0363
2024-06-28,S005,Shoes,24,2292.1,1269.7,1022.4,-0.03
2024-06-28,S006,Shoes,20,2309.56,1470.09,839.47,0.1183
2024-06-28,S007,Womens,22,1053.84,480.11,573.73,0.1735
2024-06-28,S008,Shoes,23,1297.73,617.05,680.68,-0.1249
2024-06-28,S009,Womens,12,942.06,493.46,448.6,0.1457
2024-06-28,S010,Home,13,1120.28,565.58,554.7,0.1692
2024-06-28,S011,Shoes,22,2086.26,1002.03,1084.23,-0.0764
2024-06-28,S012,Kids,14,1066.5,712.93,353.57,0.0782
2024-06-28,S013,Electronics,3,124.33,61.14,63.19,0.0802
2024-06-28,S014,Kids,9,195.28,112.26,83.02,-0.0491
2024-06-28,S015,Womens,6,412.78,251.16,161.62,0.1941
2024-06-28,S016,Home,1,43.06,23.65,19.41,-0.1055
2024-06-28,S017,Home,2,194.77,122.14,72.63,0.1142
2024-06-28,S018,Mens,19,1031.62,497.63,533.99,0.1872
2024-06-28,S019,Kids,2,154.83,100.79,54.04,-0.105
2024-06-28,S020,Electronics,16,811.52,407.8,403.72,0.1636
